# Blender v2.93.0 OBJ File: 'Bowtie.blend'
# www.blender.org
mtllib Bowtie.mtl
o Cube_Cube.001
v 0.513569 -0.620910 0.104807
v 0.508133 -0.583992 0.288297
v 0.513569 -0.054000 -0.018248
v 0.492496 -0.068195 0.343769
v 0.427662 -0.070530 0.335224
v 0.476097 -0.320584 0.307225
v 0.452311 0.467231 0.350429
v 0.426042 -0.657774 0.068427
v 0.432021 -0.650126 0.310223
v 0.433520 0.473914 0.117384
v 0.473937 -0.063862 0.399055
v 0.153689 -0.677499 0.051131
v 0.252490 0.456502 0.416685
v 0.171226 -0.670207 0.401486
v 0.184613 0.480319 0.090216
v 0.310885 -0.060641 0.534211
v 0.493811 0.183880 0.335723
v 0.449496 0.081938 0.310240
v 0.439252 0.269326 -0.014989
v 0.468342 0.227808 0.395767
v 0.291409 0.220063 0.524132
v 0.492374 -0.331489 0.344300
v 0.443847 -0.232160 0.336507
v 0.439083 -0.405895 -0.039574
v 0.468229 -0.377251 0.392609
v 0.291552 -0.385088 0.513617
v 0.218480 -0.053295 -0.119364
v 0.442240 -0.053538 -0.086665
v 0.206780 0.276516 -0.062208
v 0.205854 -0.413880 -0.087062
v 0.246417 0.032222 0.304886
v 0.264497 0.002191 0.322802
v -0.509587 0.414790 0.331052
v -0.513569 -0.620910 0.104807
v -0.508133 -0.583992 0.288297
v -0.513494 0.452084 0.157058
v -0.492496 -0.068195 0.343769
v -0.487483 0.155103 0.297014
v -0.427662 -0.070530 0.335224
v -0.476097 -0.320584 0.307225
v -0.452311 0.467231 0.350429
v -0.426042 -0.657774 0.068427
v -0.432021 -0.650126 0.310223
v -0.433520 0.473914 0.117384
v -0.473937 -0.063862 0.399055
v -0.153689 -0.677499 0.051131
v -0.252490 0.456502 0.416685
v -0.171226 -0.670207 0.401486
v -0.184613 0.480319 0.090216
v -0.310885 -0.060641 0.534211
v -0.493811 0.183880 0.335723
v -0.449496 0.081938 0.310241
v -0.439252 0.269326 -0.014989
v -0.468342 0.227808 0.395767
v -0.291409 0.220063 0.524132
v -0.513569 -0.382426 0.023048
v -0.492374 -0.331489 0.344300
v -0.443847 -0.232160 0.336507
v -0.439083 -0.405895 -0.039574
v -0.468229 -0.377251 0.392609
v -0.291552 -0.385088 0.513617
v 0.000000 0.440024 0.085858
v 0.000000 -0.631213 0.033960
v -0.000000 0.421994 0.453536
v 0.000000 -0.619385 0.456964
v -0.218480 -0.053295 -0.119364
v 0.000000 -0.056338 0.627984
v 0.000000 0.204422 0.591421
v 0.000000 -0.357096 0.598800
v 0.000000 -0.404623 -0.102097
v 0.000000 -0.053377 -0.123244
v -0.442240 -0.053538 -0.086665
v 0.000000 0.267592 -0.074164
v -0.206780 0.276516 -0.062208
v -0.205854 -0.413880 -0.087062
v -0.240631 -0.188776 0.323132
v -0.264845 -0.229241 0.304113
v -0.261860 -0.145429 0.334410
v 0.513449 0.473564 0.200971
v 0.512112 0.462728 0.295407
v 0.513569 -0.456833 0.037792
v 0.513569 -0.523402 0.053886
v 0.513569 -0.579104 0.075002
v 0.492336 -0.396178 0.339157
v 0.493510 -0.459381 0.330024
v 0.497514 -0.520695 0.315011
v 0.513005 -0.651673 0.192871
v 0.463175 -0.644337 0.076881
v 0.484670 -0.631962 0.086807
v 0.498733 -0.623277 0.096639
v 0.495935 -0.604822 0.286009
v 0.485259 -0.621097 0.288987
v 0.466385 -0.636157 0.296860
v 0.513500 0.416472 0.123131
v 0.494013 0.243079 0.338481
v 0.495315 0.300452 0.341318
v 0.499280 0.356193 0.340860
v 0.487307 -0.064807 0.377650
v 0.492699 -0.065902 0.362256
v 0.493349 -0.067060 0.351440
v 0.496785 0.433943 0.329444
v 0.487953 0.448120 0.332462
v 0.474963 0.459478 0.339480
v 0.000000 -0.593232 -0.031455
v 0.000000 -0.541662 -0.070072
v 0.000000 -0.478220 -0.090687
v 0.466194 0.464703 0.126552
v 0.485440 0.456194 0.136242
v 0.498720 0.451088 0.146422
v 0.450773 0.105238 0.307246
v 0.454763 0.123635 0.304987
v 0.464527 0.138944 0.302257
v 0.511781 0.216982 0.313936
v 0.491849 -0.069224 0.338090
v 0.487009 -0.070070 0.334377
v 0.471344 -0.070637 0.332958
v 0.443887 -0.258754 0.333380
v 0.446612 -0.280815 0.328209
v 0.454989 -0.300019 0.320365
v 0.513131 -0.515184 0.306693
v 0.436301 0.495535 0.176018
v 0.440935 0.502483 0.240565
v 0.446559 0.493476 0.301783
v 0.100316 -0.665625 0.045825
v 0.059759 -0.650230 0.040213
v 0.027744 -0.636898 0.035768
v 0.436129 -0.484848 -0.022160
v 0.432563 -0.555180 -0.001575
v 0.428997 -0.613839 0.027011
v 0.460289 -0.457588 0.385710
v 0.450406 -0.533436 0.372442
v 0.440383 -0.599411 0.348662
v 0.190421 0.445553 0.431503
v 0.127449 0.434308 0.443164
v 0.063875 0.425533 0.450798
v 0.116135 -0.657145 0.423334
v 0.071574 -0.640244 0.440940
v 0.034032 -0.625619 0.452689
v 0.128617 0.469231 0.087461
v 0.081057 0.455912 0.086194
v 0.039122 0.444723 0.085848
v 0.424302 -0.684320 0.125177
v 0.424344 -0.692372 0.190470
v 0.426731 -0.681213 0.255191
v 0.000000 -0.434697 0.585604
v 0.000000 -0.507629 0.563376
v 0.000000 -0.570866 0.523402
v 0.000000 -0.653988 0.130553
v 0.000000 -0.660348 0.245047
v -0.000000 -0.649183 0.359749
v 0.000000 0.455395 0.172544
v -0.000000 0.458342 0.271632
v -0.000000 0.447623 0.369752
v 0.436933 0.335096 0.009553
v 0.434598 0.392158 0.037094
v 0.433157 0.438950 0.071688
v 0.465506 0.299067 0.396572
v 0.461875 0.365844 0.393204
v 0.457470 0.423458 0.379783
v 0.000000 0.268066 0.575247
v 0.000000 0.328396 0.551305
v 0.000000 0.381132 0.512950
v 0.368331 -0.061661 0.497115
v 0.449897 -0.063110 0.427291
v 0.221729 -0.681514 0.055108
v 0.368138 -0.669767 0.062552
v 0.312833 0.464785 0.399691
v 0.416176 0.470553 0.365019
v 0.238245 -0.674696 0.377109
v 0.377795 -0.662486 0.329278
v 0.250052 0.485735 0.094867
v 0.382540 0.481384 0.108825
v 0.242837 -0.059294 0.569508
v 0.166498 -0.057889 0.599449
v 0.084631 -0.056785 0.620213
v 0.146627 -0.705553 0.133307
v 0.146100 -0.714145 0.228355
v 0.153751 -0.702590 0.322379
v 0.264989 -0.469249 0.504336
v 0.232134 -0.548515 0.487215
v 0.198906 -0.617348 0.455261
v 0.195554 0.498052 0.168254
v 0.213173 0.500146 0.256665
v 0.233480 0.486373 0.343469
v 0.147999 -0.411505 -0.093695
v 0.095622 -0.408426 -0.098388
v 0.046898 -0.405760 -0.101176
v 0.296916 0.151647 0.529903
v 0.302016 0.082918 0.533491
v 0.306682 0.012585 0.534918
v 0.513561 0.178327 0.031681
v 0.513567 0.104402 0.009323
v 0.513569 0.026743 -0.008594
v 0.493580 0.122933 0.335487
v 0.493197 0.060445 0.337437
v 0.492793 -0.003344 0.340541
v 0.448555 0.052578 0.314835
v 0.446899 0.017727 0.320731
v 0.443101 -0.021869 0.327394
v 0.470404 0.155881 0.395585
v 0.471874 0.083637 0.396488
v 0.472977 0.010561 0.397852
v 0.000000 0.140827 0.605171
v 0.000000 0.076980 0.616628
v 0.000000 0.011664 0.624623
v 0.285314 0.288521 0.515184
v 0.277614 0.353630 0.498186
v 0.267082 0.411066 0.467300
v 0.498907 0.251110 0.039721
v 0.486280 0.256702 0.021892
v 0.468714 0.263241 0.003034
v 0.493900 0.202087 0.345684
v 0.492096 0.215000 0.357803
v 0.484783 0.223335 0.373893
v 0.477280 0.106427 0.312913
v 0.490253 0.133488 0.318656
v 0.493925 0.160259 0.326562
v 0.077568 0.205913 0.586596
v 0.153250 0.209702 0.572948
v 0.225159 0.214762 0.551714
v 0.350210 0.224652 0.491764
v 0.439977 0.229115 0.424405
v 0.513569 -0.303006 0.007198
v 0.513569 -0.220588 -0.007370
v 0.513569 -0.136983 -0.017052
v 0.492450 -0.265905 0.346837
v 0.492419 -0.199881 0.347345
v 0.492396 -0.133837 0.346198
v 0.472883 -0.296955 0.396655
v 0.474748 -0.217798 0.398838
v 0.474780 -0.140020 0.399518
v 0.000000 -0.279158 0.609999
v 0.000000 -0.202461 0.619511
v 0.000000 -0.127892 0.625964
v 0.307377 -0.300797 0.520830
v 0.313921 -0.218036 0.526876
v 0.314113 -0.137689 0.531441
v 0.498937 -0.386524 0.011130
v 0.486301 -0.392661 -0.004685
v 0.468677 -0.399548 -0.022288
v 0.493137 -0.348799 0.350580
v 0.491711 -0.361286 0.359933
v 0.484580 -0.370314 0.373547
v 0.472493 -0.256137 0.336387
v 0.486605 -0.282616 0.337501
v 0.491470 -0.308699 0.340067
v 0.077629 -0.360463 0.591699
v 0.153362 -0.368409 0.572766
v 0.225301 -0.377696 0.545554
v 0.350318 -0.388072 0.480242
v 0.439944 -0.383052 0.417786
v 0.392795 -0.410629 -0.054804
v 0.269615 -0.414620 -0.078437
v 0.165507 -0.631129 -0.007655
v 0.179771 -0.569434 -0.046040
v 0.194035 -0.495867 -0.070388
v 0.000000 -0.322751 -0.111403
v 0.000000 -0.235128 -0.118938
v 0.000000 -0.144441 -0.123339
v 0.498986 -0.053925 -0.033098
v 0.486695 -0.053806 -0.051127
v 0.470009 -0.053669 -0.069821
v 0.213387 -0.326655 -0.101099
v 0.217213 -0.236274 -0.112228
v 0.218516 -0.144551 -0.118849
v 0.217946 0.035771 -0.112703
v 0.216394 0.121280 -0.099908
v 0.212960 0.201955 -0.082552
v 0.159540 -0.053308 -0.121708
v 0.104302 -0.053336 -0.122848
v 0.051534 -0.053364 -0.123217
v 0.398762 -0.053432 -0.099679
v 0.281205 -0.053310 -0.115346
v 0.148853 0.274181 -0.067929
v 0.096268 0.271218 -0.071610
v 0.047244 0.268673 -0.073580
v 0.393178 0.273795 -0.030636
v 0.270449 0.277344 -0.054161
v 0.000000 0.035482 -0.117658
v 0.000000 0.119970 -0.107055
v 0.000000 0.198027 -0.092277
v 0.440967 -0.321197 -0.057279
v 0.441923 -0.232915 -0.073274
v 0.442249 -0.143033 -0.084192
v 0.440833 0.196346 -0.039370
v 0.441711 0.117412 -0.061587
v 0.442106 0.033720 -0.078424
v 0.183078 0.447472 0.031664
v 0.188640 0.401219 -0.009767
v 0.197730 0.343565 -0.039313
v 0.000000 0.413294 0.021745
v 0.000000 0.375541 -0.022417
v 0.000000 0.326921 -0.052447
v 0.251600 0.045810 0.297062
v 0.243919 -0.209853 0.316229
v 0.253142 -0.220451 0.310231
v 0.246346 0.024397 0.308492
v 0.251922 0.008954 0.316902
v 0.248702 -0.156613 0.329739
v 0.296521 -0.236501 0.306180
v 0.409192 -0.275809 0.306903
v 0.286370 -0.191370 0.332882
v 0.397920 -0.213106 0.337303
v 0.306607 0.066674 0.288025
v 0.403987 0.062338 0.310868
v 0.292357 0.037870 0.311364
v 0.289504 -0.011337 0.332438
v 0.381356 -0.039731 0.334910
v 0.281657 -0.028955 0.343334
v 0.285477 -0.045549 0.347792
v 0.275013 -0.123798 0.345155
v 0.280320 -0.103558 0.349850
v 0.444181 -0.200001 0.338012
v 0.443847 -0.162780 0.338159
v 0.441435 -0.121125 0.337174
v 0.287275 -0.131328 0.342425
v 0.380192 -0.101392 0.340679
v 0.294133 -0.064900 0.349582
v 0.323562 -0.066493 0.346558
v 0.366644 -0.068482 0.341745
v -0.513449 0.473564 0.200971
v -0.492336 -0.396178 0.339158
v -0.493510 -0.459382 0.330024
v -0.497514 -0.520695 0.315011
v -0.513499 -0.645912 0.145434
v -0.513005 -0.651673 0.192871
v -0.463175 -0.644337 0.076881
v -0.484670 -0.631962 0.086807
v -0.498733 -0.623277 0.096639
v -0.495935 -0.604822 0.286009
v -0.485259 -0.621097 0.288987
v -0.466385 -0.636157 0.296860
v -0.513515 0.369062 0.097257
v -0.513500 0.416472 0.123131
v -0.494013 0.243079 0.338481
v -0.495315 0.300452 0.341318
v -0.499280 0.356193 0.340860
v -0.487307 -0.064807 0.377650
v -0.492699 -0.065902 0.362256
v -0.493349 -0.067060 0.351440
v -0.496785 0.433943 0.329444
v -0.487953 0.448120 0.332462
v -0.474963 0.459478 0.339480
v -0.466194 0.464703 0.126552
v -0.485440 0.456194 0.136242
v -0.498720 0.451088 0.146422
v -0.450773 0.105238 0.307246
v -0.454763 0.123635 0.304987
v -0.464527 0.138944 0.302257
v -0.491849 -0.069224 0.338090
v -0.487009 -0.070070 0.334377
v -0.471344 -0.070637 0.332958
v -0.443887 -0.258754 0.333380
v -0.446612 -0.280815 0.328209
v -0.454989 -0.300019 0.320365
v -0.503100 -0.380505 0.314164
v -0.436301 0.495535 0.176018
v -0.440935 0.502483 0.240565
v -0.446559 0.493476 0.301783
v -0.100316 -0.665625 0.045825
v -0.059759 -0.650230 0.040213
v -0.027744 -0.636898 0.035768
v -0.436129 -0.484848 -0.022160
v -0.432563 -0.555180 -0.001575
v -0.428997 -0.613839 0.027011
v -0.460289 -0.457588 0.385710
v -0.450406 -0.533436 0.372442
v -0.440383 -0.599411 0.348662
v -0.190421 0.445553 0.431503
v -0.127449 0.434308 0.443164
v -0.063875 0.425533 0.450798
v -0.116135 -0.657145 0.423334
v -0.071574 -0.640244 0.440940
v -0.034032 -0.625619 0.452689
v -0.128617 0.469231 0.087461
v -0.081057 0.455912 0.086194
v -0.039122 0.444723 0.085848
v -0.424302 -0.684320 0.125177
v -0.424344 -0.692372 0.190470
v -0.426731 -0.681213 0.255191
v -0.436933 0.335096 0.009553
v -0.434598 0.392158 0.037094
v -0.433157 0.438950 0.071688
v -0.465506 0.299067 0.396572
v -0.461875 0.365844 0.393204
v -0.457470 0.423458 0.379783
v -0.368331 -0.061661 0.497115
v -0.449897 -0.063110 0.427291
v -0.221729 -0.681514 0.055108
v -0.368138 -0.669767 0.062552
v -0.312833 0.464785 0.399691
v -0.416176 0.470553 0.365019
v -0.238245 -0.674696 0.377109
v -0.377795 -0.662486 0.329278
v -0.250052 0.485735 0.094867
v -0.382540 0.481384 0.108825
v -0.242837 -0.059294 0.569508
v -0.166498 -0.057889 0.599449
v -0.084631 -0.056785 0.620213
v -0.146627 -0.705553 0.133307
v -0.146100 -0.714145 0.228355
v -0.153751 -0.702590 0.322379
v -0.264989 -0.469249 0.504336
v -0.232134 -0.548515 0.487215
v -0.198906 -0.617348 0.455261
v -0.195554 0.498052 0.168254
v -0.213173 0.500146 0.256665
v -0.233480 0.486373 0.343469
v -0.147999 -0.411505 -0.093695
v -0.095622 -0.408426 -0.098388
v -0.046898 -0.405760 -0.101176
v -0.296916 0.151647 0.529903
v -0.302016 0.082918 0.533491
v -0.306682 0.012585 0.534918
v -0.513561 0.178327 0.031681
v -0.513567 0.104402 0.009323
v -0.513569 0.026743 -0.008594
v -0.493580 0.122933 0.335487
v -0.493197 0.060445 0.337437
v -0.492793 -0.003344 0.340541
v -0.448555 0.052578 0.314836
v -0.446899 0.017727 0.320731
v -0.443101 -0.021869 0.327394
v -0.470404 0.155881 0.395585
v -0.471874 0.083637 0.396488
v -0.472977 0.010561 0.397852
v -0.285314 0.288521 0.515184
v -0.277614 0.353630 0.498186
v -0.267082 0.411066 0.467300
v -0.498907 0.251110 0.039721
v -0.486280 0.256702 0.021892
v -0.468714 0.263241 0.003034
v -0.493900 0.202087 0.345684
v -0.492096 0.215000 0.357803
v -0.484783 0.223335 0.373893
v -0.477280 0.106427 0.312913
v -0.490253 0.133488 0.318656
v -0.493925 0.160259 0.326562
v -0.077568 0.205913 0.586596
v -0.153250 0.209702 0.572948
v -0.225159 0.214762 0.551714
v -0.350210 0.224652 0.491764
v -0.439977 0.229115 0.424405
v -0.513569 -0.303006 0.007198
v -0.513569 -0.136983 -0.017052
v -0.492450 -0.265905 0.346837
v -0.492419 -0.199881 0.347345
v -0.492396 -0.133837 0.346198
v -0.472883 -0.296955 0.396655
v -0.474748 -0.217798 0.398838
v -0.474780 -0.140020 0.399518
v -0.307377 -0.300797 0.520830
v -0.313921 -0.218036 0.526876
v -0.314113 -0.137689 0.531442
v -0.498937 -0.386524 0.011130
v -0.486301 -0.392661 -0.004685
v -0.468677 -0.399548 -0.022288
v -0.493137 -0.348799 0.350580
v -0.491711 -0.361286 0.359933
v -0.484580 -0.370314 0.373547
v -0.472493 -0.256137 0.336387
v -0.486605 -0.282616 0.337501
v -0.491470 -0.308699 0.340067
v -0.077629 -0.360463 0.591699
v -0.153362 -0.368409 0.572766
v -0.225301 -0.377696 0.545554
v -0.350318 -0.388072 0.480242
v -0.439944 -0.383052 0.417786
v -0.392795 -0.410629 -0.054804
v -0.269615 -0.414620 -0.078437
v -0.165507 -0.631129 -0.007655
v -0.179771 -0.569434 -0.046040
v -0.194035 -0.495867 -0.070388
v -0.498986 -0.053925 -0.033098
v -0.486695 -0.053806 -0.051127
v -0.470009 -0.053669 -0.069821
v -0.213387 -0.326655 -0.101099
v -0.217213 -0.236274 -0.112228
v -0.218516 -0.144551 -0.118849
v -0.217946 0.035771 -0.112703
v -0.216394 0.121280 -0.099908
v -0.212960 0.201955 -0.082552
v -0.159540 -0.053308 -0.121708
v -0.104302 -0.053336 -0.122848
v -0.051534 -0.053364 -0.123217
v -0.398762 -0.053432 -0.099679
v -0.281205 -0.053310 -0.115346
v -0.148853 0.274181 -0.067929
v -0.096268 0.271218 -0.071610
v -0.047244 0.268673 -0.073580
v -0.393178 0.273795 -0.030636
v -0.270449 0.277344 -0.054161
v -0.440967 -0.321197 -0.057279
v -0.441923 -0.232915 -0.073274
v -0.442249 -0.143033 -0.084192
v -0.440833 0.196346 -0.039370
v -0.441711 0.117412 -0.061587
v -0.442106 0.033720 -0.078424
v -0.183078 0.447472 0.031664
v -0.188640 0.401219 -0.009767
v -0.197730 0.343565 -0.039313
v -0.247290 0.039220 0.301282
v -0.251600 0.045810 0.297062
v -0.243919 -0.209853 0.316229
v -0.241498 -0.177916 0.325124
v -0.243644 -0.167086 0.327080
v -0.296521 -0.236501 0.306180
v -0.347709 -0.251359 0.307098
v -0.286370 -0.191370 0.332882
v -0.342113 -0.199495 0.336850
v -0.397920 -0.213106 0.337303
v -0.403987 0.062338 0.310868
v -0.348244 0.047779 0.312300
v -0.292357 0.037870 0.311364
v -0.289504 -0.011337 0.332439
v -0.333040 -0.023742 0.334822
v -0.381356 -0.039731 0.334910
v -0.444181 -0.200001 0.338012
v -0.443847 -0.162780 0.338159
v -0.441435 -0.121125 0.337174
v -0.287275 -0.131328 0.342425
v -0.331249 -0.118163 0.343189
v -0.380192 -0.101392 0.340679
v -0.294133 -0.064900 0.349582
v -0.323563 -0.066493 0.346559
v -0.366644 -0.068482 0.341745
v 0.498032 0.465374 0.292846
v 0.498587 0.477809 0.244293
v 0.498738 0.472301 0.192872
v 0.487142 0.474852 0.292702
v 0.486405 0.484370 0.241007
v 0.485800 0.477629 0.186087
v 0.472074 0.485134 0.295732
v 0.469451 0.493661 0.239818
v 0.467390 0.486383 0.180516
v 0.498891 -0.460886 0.026352
v 0.498835 -0.527005 0.042996
v 0.498779 -0.582072 0.065084
v 0.485931 -0.468014 0.011247
v 0.485485 -0.534857 0.028925
v 0.485040 -0.590428 0.052671
v 0.467431 -0.476555 -0.005573
v 0.465926 -0.544926 0.013469
v 0.464422 -0.601806 0.039425
v 0.493414 -0.277641 0.353475
v 0.493427 -0.206834 0.354301
v 0.493348 -0.136576 0.353482
v 0.492628 -0.286140 0.363174
v 0.492902 -0.211788 0.364350
v 0.492828 -0.138340 0.363899
v 0.486861 -0.292284 0.377159
v 0.487719 -0.215268 0.378771
v 0.487688 -0.139398 0.378796
v 0.498659 -0.647970 0.139964
v 0.498331 -0.654129 0.190497
v 0.497495 -0.639982 0.241762
v 0.484447 -0.656972 0.133722
v 0.484416 -0.664057 0.188070
v 0.484636 -0.652236 0.242451
v 0.462451 -0.670012 0.128289
v 0.462542 -0.677703 0.187578
v 0.463749 -0.666648 0.246528
v 0.388853 0.340748 -0.005941
v 0.262127 0.345280 -0.030544
v 0.384503 0.398841 0.022695
v 0.253767 0.404078 -0.001106
v 0.381832 0.446309 0.059530
v 0.248648 0.451606 0.039061
v 0.493537 0.266944 0.348858
v 0.493596 0.329114 0.350838
v 0.494786 0.386310 0.346764
v 0.491056 0.283375 0.360764
v 0.489848 0.347808 0.361355
v 0.488823 0.404372 0.354027
v 0.482937 0.293705 0.376068
v 0.480557 0.359572 0.374951
v 0.477847 0.416389 0.364726
v 0.478527 0.138245 0.311401
v 0.482553 0.165479 0.311298
v 0.492337 0.190095 0.311894
v 0.491264 0.174984 0.318836
v 0.494562 0.212910 0.320707
v 0.502632 0.248445 0.323444
v 0.494584 0.211330 0.328257
v 0.496956 0.260063 0.331119
v 0.503181 0.306894 0.333498
v 0.472741 -0.215506 0.337943
v 0.472674 -0.170319 0.337871
v 0.471977 -0.121523 0.336294
v 0.486750 -0.233056 0.339299
v 0.486807 -0.180357 0.339269
v 0.486785 -0.125573 0.337603
v 0.491536 -0.250534 0.342218
v 0.491567 -0.190713 0.342415
v 0.491634 -0.130007 0.340947
v 0.397715 -0.233093 0.334183
v 0.399327 -0.249343 0.328871
v 0.403943 -0.263343 0.320365
v 0.286103 -0.203840 0.329792
v 0.287942 -0.215165 0.324859
v 0.292841 -0.226033 0.317238
v 0.221963 -0.707268 0.304551
v 0.214815 -0.718836 0.218327
v 0.215253 -0.710038 0.130993
v 0.368745 -0.694296 0.268881
v 0.364722 -0.705657 0.197531
v 0.364822 -0.697253 0.125373
v 0.201198 -0.460249 0.535045
v 0.135301 -0.448772 0.560980
v 0.068002 -0.438896 0.578909
v 0.171390 -0.537943 0.516278
v 0.112969 -0.524353 0.540551
v 0.056097 -0.512623 0.557197
v 0.141246 -0.605376 0.481593
v 0.090386 -0.589921 0.503274
v 0.044059 -0.576559 0.517983
v 0.173176 0.474549 0.353695
v 0.154686 0.487889 0.262050
v 0.138611 0.485979 0.169122
v 0.114530 0.461870 0.362050
v 0.100650 0.474154 0.266857
v 0.088572 0.471916 0.170575
v 0.056989 0.451755 0.367685
v 0.049583 0.462965 0.270309
v 0.043135 0.460257 0.171940
v 0.230095 0.148020 0.560097
v 0.156924 0.144516 0.583922
v 0.079521 0.141872 0.599554
v 0.234722 0.080982 0.566025
v 0.160391 0.079053 0.592432
v 0.081368 0.077572 0.610153
v 0.238987 0.012320 0.569247
v 0.163599 0.012017 0.597826
v 0.083082 0.011767 0.617377
v 0.027703 -0.655739 0.357057
v 0.024938 -0.666954 0.244123
v 0.025148 -0.660321 0.131241
v 0.059700 -0.671116 0.349458
v 0.054511 -0.682447 0.241190
v 0.054900 -0.675173 0.132616
v 0.100285 -0.688879 0.337661
v 0.093353 -0.700340 0.236013
v 0.093858 -0.692324 0.133648
v 0.426261 -0.465361 0.410528
v 0.325586 -0.472613 0.471886
v 0.409294 -0.543036 0.396554
v 0.294985 -0.552293 0.456085
v 0.392114 -0.610577 0.371068
v 0.264032 -0.621519 0.426579
v 0.406338 0.498019 0.310455
v 0.396273 0.508308 0.242985
v 0.387750 0.502428 0.172483
v 0.295123 0.494494 0.332236
v 0.276340 0.507665 0.251410
v 0.260107 0.504633 0.168517
v 0.443191 0.157257 0.425116
v 0.355458 0.154708 0.495379
v 0.445798 0.085081 0.426074
v 0.360208 0.084444 0.497438
v 0.447975 0.011866 0.426919
v 0.364489 0.012706 0.497997
v 0.498725 0.416451 0.110644
v 0.498773 0.370335 0.083545
v 0.498842 0.314601 0.061210
v 0.485408 0.421767 0.097644
v 0.485621 0.375972 0.068359
v 0.485954 0.320415 0.044429
v 0.466052 0.430055 0.084527
v 0.466687 0.383927 0.052582
v 0.467705 0.327822 0.026742
v 0.493544 0.001556 0.348696
v 0.493816 0.069265 0.346154
v 0.493993 0.136099 0.344816
v 0.492723 0.005471 0.359940
v 0.492772 0.075937 0.357802
v 0.492634 0.145709 0.356778
v 0.486983 0.008454 0.375812
v 0.486609 0.080660 0.374030
v 0.485954 0.152168 0.373119
v 0.473260 -0.020566 0.327578
v 0.475185 0.026338 0.321671
v 0.476420 0.068961 0.316500
v 0.487746 -0.015254 0.329833
v 0.488708 0.037658 0.324960
v 0.489550 0.087542 0.320903
v 0.492288 -0.009152 0.334247
v 0.492859 0.049537 0.330346
v 0.493433 0.106210 0.327439
v 0.203560 0.401269 0.486022
v 0.137254 0.391548 0.500426
v 0.069091 0.384103 0.509680
v 0.212954 0.345194 0.520198
v 0.144228 0.337019 0.536934
v 0.072792 0.330841 0.547576
v 0.219766 0.281600 0.540080
v 0.149263 0.274982 0.559003
v 0.075457 0.270021 0.571032
v 0.424362 0.425849 0.399421
v 0.326620 0.418995 0.445312
v 0.430856 0.367610 0.416888
v 0.336750 0.360758 0.472021
v 0.435959 0.300483 0.423267
v 0.344266 0.294501 0.485583
v 0.493769 -0.551837 0.315974
v 0.492566 -0.488381 0.334230
v 0.492609 -0.419739 0.344861
v 0.486416 -0.571397 0.321620
v 0.488064 -0.507974 0.342034
v 0.490020 -0.436424 0.353757
v 0.470565 -0.586559 0.332273
v 0.475600 -0.522199 0.354434
v 0.480589 -0.448390 0.366991
v 0.484445 -0.351014 0.321223
v 0.475672 -0.322759 0.327929
v 0.472681 -0.291641 0.333051
v 0.496930 -0.410040 0.320828
v 0.489434 -0.370625 0.328020
v 0.486832 -0.328339 0.333717
v 0.499653 -0.469879 0.318100
v 0.493640 -0.418432 0.328375
v 0.491639 -0.364626 0.335624
v 0.498951 0.181554 0.016459
v 0.498974 0.106958 -0.006009
v 0.498984 0.028180 -0.023816
v 0.486502 0.186341 -0.001921
v 0.486624 0.110454 -0.024538
v 0.486678 0.030064 -0.042194
v 0.469401 0.191626 -0.021263
v 0.469781 0.114177 -0.043863
v 0.469951 0.032032 -0.061229
v 0.245785 -0.134809 0.566707
v 0.168713 -0.131592 0.596922
v 0.085814 -0.128973 0.618027
v 0.245612 -0.213671 0.561346
v 0.168585 -0.208531 0.590967
v 0.085745 -0.204250 0.611702
v 0.239668 -0.294944 0.554077
v 0.164129 -0.287780 0.582583
v 0.083369 -0.281715 0.602505
v 0.451451 -0.140382 0.426845
v 0.371302 -0.139494 0.494848
v 0.451356 -0.219733 0.425295
v 0.371120 -0.220348 0.491247
v 0.448044 -0.300758 0.422366
v 0.365040 -0.303461 0.486362
v 0.396355 -0.324402 -0.072161
v 0.276530 -0.326934 -0.093895
v 0.398164 -0.234876 -0.087389
v 0.280043 -0.236331 -0.106513
v 0.398779 -0.143927 -0.097543
v 0.281239 -0.144545 -0.114320
v 0.498986 -0.138311 -0.031258
v 0.498981 -0.223191 -0.020775
v 0.498966 -0.306587 -0.005397
v 0.486696 -0.139962 -0.048831
v 0.486656 -0.226524 -0.037815
v 0.486536 -0.311441 -0.021844
v 0.470013 -0.141636 -0.067299
v 0.469875 -0.229972 -0.056108
v 0.469472 -0.316625 -0.039890
v 0.398509 0.034847 -0.091812
v 0.280716 0.035733 -0.108276
v 0.397770 0.119605 -0.075802
v 0.279289 0.121310 -0.094415
v 0.396130 0.199651 -0.054469
v 0.276131 0.202241 -0.075724
v 0.042558 -0.480387 -0.089183
v 0.087497 -0.485470 -0.084984
v 0.137196 -0.491339 -0.078562
v 0.037321 -0.545073 -0.068058
v 0.077690 -0.553072 -0.062698
v 0.124158 -0.562309 -0.055017
v 0.032083 -0.597887 -0.029256
v 0.067884 -0.608802 -0.023606
v 0.111119 -0.621407 -0.015931
v 0.159052 0.035711 -0.115443
v 0.103936 0.035614 -0.116928
v 0.051338 0.035522 -0.117539
v 0.157634 0.120958 -0.103553
v 0.102870 0.120521 -0.105729
v 0.050769 0.120136 -0.106781
v 0.154497 0.200944 -0.087295
v 0.100511 0.199638 -0.090280
v 0.049510 0.198509 -0.091832
v 0.154884 -0.325653 -0.106124
v 0.100801 -0.324354 -0.109287
v 0.049664 -0.323230 -0.110932
v 0.158382 -0.235979 -0.115869
v 0.103432 -0.235598 -0.117888
v 0.051069 -0.235268 -0.118754
v 0.159573 -0.144519 -0.121531
v 0.104327 -0.144483 -0.122854
v 0.051547 -0.144453 -0.123297
v 0.038557 0.417338 0.022128
v 0.079999 0.426926 0.023594
v 0.127211 0.438243 0.026615
v 0.040594 0.378608 -0.021827
v 0.083815 0.385861 -0.019790
v 0.132288 0.394373 -0.015904
v 0.043926 0.328923 -0.051802
v 0.090055 0.333648 -0.049633
v 0.140589 0.339170 -0.045588
v 0.387208 -0.491443 -0.036927
v 0.380466 -0.563774 -0.014792
v 0.373725 -0.624317 0.016676
v 0.258766 -0.497342 -0.060816
v 0.245672 -0.571805 -0.036541
v 0.232578 -0.634398 0.000173
v 0.413962 0.101554 0.298212
v 0.407960 0.091820 0.303151
v 0.405052 0.079231 0.306930
v 0.301987 0.061162 0.296296
v 0.296051 0.054611 0.302442
v 0.293157 0.047108 0.307172
v 0.394050 -0.128446 0.339749
v 0.397685 -0.159470 0.339636
v 0.398300 -0.188313 0.338981
v 0.287765 -0.146893 0.339144
v 0.287514 -0.162134 0.336860
v 0.286992 -0.177234 0.334995
v 0.403074 0.040092 0.315900
v 0.401154 0.013461 0.321867
v 0.396249 -0.015384 0.328346
v 0.291910 0.026341 0.315817
v 0.291413 0.013572 0.320745
v 0.290756 0.000867 0.326224
v 0.290381 -0.081495 0.350447
v 0.315952 -0.081952 0.347771
v 0.349290 -0.087476 0.344013
v 0.285585 -0.114726 0.346682
v 0.285307 -0.098263 0.349730
v 0.349956 -0.049944 0.340887
v 0.316460 -0.051778 0.345405
v 0.290924 -0.049445 0.347859
v 0.286381 -0.035680 0.344664
v 0.287190 -0.023504 0.339267
v -0.498032 0.465374 0.292846
v -0.487142 0.474852 0.292702
v -0.472074 0.485134 0.295732
v -0.498587 0.477809 0.244293
v -0.486405 0.484370 0.241007
v -0.469451 0.493661 0.239818
v -0.498738 0.472301 0.192872
v -0.485800 0.477629 0.186087
v -0.467390 0.486383 0.180516
v -0.498891 -0.460886 0.026352
v -0.485931 -0.468014 0.011247
v -0.467431 -0.476555 -0.005573
v -0.498835 -0.527005 0.042996
v -0.485485 -0.534857 0.028925
v -0.465926 -0.544926 0.013469
v -0.498779 -0.582072 0.065084
v -0.485040 -0.590428 0.052671
v -0.464422 -0.601806 0.039425
v -0.493414 -0.277641 0.353475
v -0.492628 -0.286140 0.363173
v -0.486861 -0.292284 0.377159
v -0.493427 -0.206834 0.354301
v -0.492902 -0.211788 0.364350
v -0.487719 -0.215268 0.378771
v -0.493348 -0.136576 0.353482
v -0.492828 -0.138340 0.363899
v -0.487688 -0.139398 0.378796
v -0.498659 -0.647970 0.139964
v -0.484447 -0.656972 0.133722
v -0.462451 -0.670012 0.128289
v -0.498331 -0.654129 0.190497
v -0.484416 -0.664057 0.188070
v -0.462542 -0.677703 0.187578
v -0.497495 -0.639982 0.241762
v -0.484636 -0.652235 0.242451
v -0.463749 -0.666648 0.246528
v -0.388853 0.340748 -0.005941
v -0.384503 0.398841 0.022695
v -0.381832 0.446309 0.059530
v -0.262127 0.345280 -0.030544
v -0.253767 0.404078 -0.001106
v -0.248648 0.451606 0.039061
v -0.493537 0.266944 0.348858
v -0.491056 0.283375 0.360764
v -0.482937 0.293705 0.376068
v -0.493596 0.329114 0.350838
v -0.489848 0.347808 0.361355
v -0.480557 0.359572 0.374951
v -0.494786 0.386310 0.346764
v -0.488824 0.404372 0.354027
v -0.477847 0.416389 0.364725
v -0.478527 0.138245 0.311401
v -0.491264 0.174984 0.318836
v -0.494584 0.211330 0.328257
v -0.482553 0.165479 0.311298
v -0.494562 0.212910 0.320707
v -0.496956 0.260063 0.331119
v -0.492337 0.190095 0.311894
v -0.502632 0.248445 0.323444
v -0.503181 0.306894 0.333498
v -0.472741 -0.215506 0.337943
v -0.486750 -0.233056 0.339299
v -0.491536 -0.250534 0.342218
v -0.472674 -0.170319 0.337871
v -0.486807 -0.180357 0.339269
v -0.491567 -0.190713 0.342415
v -0.471977 -0.121523 0.336294
v -0.486785 -0.125573 0.337602
v -0.491634 -0.130007 0.340947
v -0.397715 -0.233093 0.334183
v -0.341754 -0.214948 0.333685
v -0.286103 -0.203840 0.329792
v -0.399327 -0.249343 0.328871
v -0.342694 -0.227962 0.328396
v -0.287942 -0.215165 0.324859
v -0.403943 -0.263343 0.320365
v -0.345463 -0.239783 0.319952
v -0.292841 -0.226033 0.317238
v -0.221963 -0.707268 0.304551
v -0.368745 -0.694296 0.268881
v -0.214815 -0.718835 0.218327
v -0.364722 -0.705657 0.197531
v -0.215253 -0.710038 0.130993
v -0.364822 -0.697253 0.125373
v -0.201198 -0.460249 0.535045
v -0.171390 -0.537943 0.516278
v -0.141246 -0.605376 0.481593
v -0.135301 -0.448772 0.560980
v -0.112969 -0.524353 0.540551
v -0.090386 -0.589921 0.503274
v -0.068002 -0.438896 0.578909
v -0.056097 -0.512623 0.557197
v -0.044059 -0.576559 0.517983
v -0.173176 0.474549 0.353695
v -0.114530 0.461870 0.362050
v -0.056989 0.451755 0.367685
v -0.154686 0.487889 0.262050
v -0.100650 0.474154 0.266857
v -0.049583 0.462965 0.270309
v -0.138611 0.485979 0.169122
v -0.088572 0.471916 0.170575
v -0.043135 0.460257 0.171940
v -0.230095 0.148020 0.560097
v -0.234722 0.080982 0.566025
v -0.238987 0.012320 0.569247
v -0.156924 0.144516 0.583922
v -0.160391 0.079053 0.592432
v -0.163599 0.012017 0.597826
v -0.079521 0.141872 0.599554
v -0.081368 0.077572 0.610153
v -0.083082 0.011767 0.617377
v -0.027703 -0.655739 0.357058
v -0.059700 -0.671116 0.349458
v -0.100285 -0.688879 0.337661
v -0.024938 -0.666954 0.244123
v -0.054511 -0.682447 0.241190
v -0.093353 -0.700340 0.236013
v -0.025148 -0.660321 0.131241
v -0.054900 -0.675173 0.132616
v -0.093858 -0.692324 0.133648
v -0.426261 -0.465361 0.410528
v -0.409294 -0.543036 0.396554
v -0.392114 -0.610577 0.371068
v -0.325586 -0.472612 0.471886
v -0.294985 -0.552293 0.456085
v -0.264032 -0.621519 0.426579
v -0.406338 0.498019 0.310455
v -0.295123 0.494494 0.332236
v -0.396273 0.508308 0.242985
v -0.276340 0.507665 0.251410
v -0.387750 0.502428 0.172483
v -0.260107 0.504633 0.168517
v -0.443191 0.157257 0.425116
v -0.445798 0.085081 0.426074
v -0.447975 0.011866 0.426919
v -0.355458 0.154708 0.495379
v -0.360208 0.084444 0.497438
v -0.364489 0.012706 0.497997
v -0.498725 0.416451 0.110644
v -0.485408 0.421767 0.097644
v -0.466052 0.430055 0.084527
v -0.498773 0.370335 0.083545
v -0.485621 0.375972 0.068359
v -0.466687 0.383927 0.052582
v -0.498842 0.314601 0.061210
v -0.485954 0.320415 0.044429
v -0.467705 0.327822 0.026742
v -0.493544 0.001556 0.348696
v -0.492723 0.005471 0.359940
v -0.486983 0.008454 0.375812
v -0.493816 0.069265 0.346154
v -0.492772 0.075937 0.357802
v -0.486609 0.080660 0.374030
v -0.493993 0.136099 0.344816
v -0.492634 0.145709 0.356778
v -0.485954 0.152168 0.373119
v -0.473260 -0.020566 0.327578
v -0.487746 -0.015254 0.329832
v -0.492288 -0.009152 0.334247
v -0.475185 0.026338 0.321671
v -0.488708 0.037658 0.324960
v -0.492859 0.049537 0.330346
v -0.476420 0.068961 0.316500
v -0.489550 0.087542 0.320903
v -0.493433 0.106210 0.327439
v -0.203560 0.401269 0.486022
v -0.212954 0.345194 0.520198
v -0.219766 0.281600 0.540080
v -0.137254 0.391548 0.500426
v -0.144228 0.337019 0.536934
v -0.149263 0.274982 0.559003
v -0.069091 0.384103 0.509680
v -0.072792 0.330841 0.547576
v -0.075457 0.270021 0.571032
v -0.424362 0.425849 0.399421
v -0.430856 0.367610 0.416888
v -0.435959 0.300483 0.423267
v -0.326620 0.418995 0.445312
v -0.336750 0.360758 0.472021
v -0.344266 0.294501 0.485583
v -0.493769 -0.551837 0.315974
v -0.486416 -0.571397 0.321620
v -0.470565 -0.586559 0.332273
v -0.492566 -0.488381 0.334230
v -0.488064 -0.507974 0.342034
v -0.475600 -0.522199 0.354434
v -0.492609 -0.419739 0.344861
v -0.490020 -0.436424 0.353757
v -0.480589 -0.448390 0.366991
v -0.484445 -0.351014 0.321223
v -0.496930 -0.410040 0.320828
v -0.499653 -0.469879 0.318100
v -0.475672 -0.322759 0.327929
v -0.489434 -0.370625 0.328020
v -0.493640 -0.418432 0.328375
v -0.472681 -0.291641 0.333051
v -0.486832 -0.328339 0.333717
v -0.491639 -0.364626 0.335624
v -0.498951 0.181554 0.016459
v -0.486502 0.186341 -0.001921
v -0.469401 0.191626 -0.021263
v -0.498974 0.106958 -0.006009
v -0.486624 0.110454 -0.024538
v -0.469781 0.114177 -0.043863
v -0.498984 0.028180 -0.023816
v -0.486678 0.030064 -0.042194
v -0.469952 0.032032 -0.061229
v -0.245785 -0.134809 0.566707
v -0.245612 -0.213671 0.561345
v -0.239668 -0.294944 0.554077
v -0.168713 -0.131592 0.596922
v -0.168585 -0.208531 0.590967
v -0.164129 -0.287780 0.582583
v -0.085814 -0.128973 0.618027
v -0.085745 -0.204250 0.611702
v -0.083369 -0.281715 0.602505
v -0.451450 -0.140382 0.426845
v -0.451356 -0.219733 0.425295
v -0.448044 -0.300758 0.422366
v -0.371302 -0.139494 0.494848
v -0.371120 -0.220348 0.491247
v -0.365040 -0.303461 0.486362
v -0.396355 -0.324402 -0.072161
v -0.398164 -0.234876 -0.087389
v -0.398780 -0.143927 -0.097543
v -0.276530 -0.326934 -0.093895
v -0.280043 -0.236331 -0.106513
v -0.281239 -0.144545 -0.114320
v -0.498986 -0.138311 -0.031258
v -0.486696 -0.139962 -0.048831
v -0.470013 -0.141636 -0.067299
v -0.498981 -0.223191 -0.020775
v -0.486656 -0.226524 -0.037815
v -0.469875 -0.229972 -0.056108
v -0.498966 -0.306587 -0.005397
v -0.486536 -0.311441 -0.021844
v -0.469472 -0.316625 -0.039890
v -0.398509 0.034847 -0.091812
v -0.397770 0.119605 -0.075802
v -0.396130 0.199651 -0.054469
v -0.280716 0.035733 -0.108276
v -0.279289 0.121310 -0.094415
v -0.276131 0.202241 -0.075724
v -0.042558 -0.480387 -0.089183
v -0.037321 -0.545073 -0.068058
v -0.032083 -0.597887 -0.029256
v -0.087497 -0.485470 -0.084984
v -0.077690 -0.553072 -0.062698
v -0.067884 -0.608802 -0.023606
v -0.137196 -0.491339 -0.078562
v -0.124158 -0.562309 -0.055017
v -0.111119 -0.621407 -0.015931
v -0.159052 0.035711 -0.115443
v -0.157634 0.120958 -0.103553
v -0.154497 0.200944 -0.087295
v -0.103936 0.035614 -0.116928
v -0.102870 0.120521 -0.105729
v -0.100511 0.199638 -0.090280
v -0.051338 0.035522 -0.117539
v -0.050769 0.120136 -0.106781
v -0.049510 0.198509 -0.091832
v -0.154884 -0.325653 -0.106124
v -0.158382 -0.235979 -0.115869
v -0.159573 -0.144519 -0.121531
v -0.100801 -0.324354 -0.109287
v -0.103432 -0.235598 -0.117888
v -0.104327 -0.144483 -0.122854
v -0.049664 -0.323230 -0.110932
v -0.051069 -0.235268 -0.118754
v -0.051547 -0.144453 -0.123297
v -0.038557 0.417338 0.022128
v -0.040594 0.378608 -0.021827
v -0.043926 0.328923 -0.051802
v -0.079999 0.426926 0.023594
v -0.083815 0.385861 -0.019790
v -0.090055 0.333648 -0.049633
v -0.127211 0.438243 0.026615
v -0.132288 0.394373 -0.015904
v -0.140589 0.339170 -0.045588
v -0.387208 -0.491443 -0.036927
v -0.258766 -0.497342 -0.060816
v -0.380466 -0.563774 -0.014792
v -0.245672 -0.571805 -0.036541
v -0.373724 -0.624318 0.016676
v -0.232578 -0.634398 0.000173
v -0.413962 0.101554 0.298212
v -0.355190 0.076775 0.297414
v -0.301987 0.061162 0.296296
v -0.407960 0.091820 0.303151
v -0.351210 0.069419 0.303403
v -0.296051 0.054611 0.302442
v -0.405052 0.079231 0.306930
v -0.349078 0.060155 0.307982
v -0.293157 0.047108 0.307172
v -0.394050 -0.128446 0.339749
v -0.339356 -0.137831 0.341316
v -0.287765 -0.146893 0.339144
v -0.397685 -0.159470 0.339636
v -0.342109 -0.159621 0.340095
v -0.287514 -0.162134 0.336860
v -0.398300 -0.188313 0.338981
v -0.342568 -0.180736 0.338791
v -0.286992 -0.177234 0.334995
v -0.403074 0.040092 0.315900
v -0.347493 0.031484 0.317249
v -0.291910 0.026341 0.315817
v -0.401154 0.013461 0.321867
v -0.345857 0.012534 0.322821
v -0.291413 0.013572 0.320745
v -0.396249 -0.015384 0.328346
v -0.342024 -0.006983 0.328773
v -0.290756 0.000867 0.326224
v -0.304261 -0.094205 0.348301
v -0.290381 -0.081495 0.350447
v -0.285307 -0.098263 0.349730
v -0.285585 -0.114726 0.346682
v -0.316639 -0.103213 0.346047
v -0.349290 -0.087476 0.344013
v -0.315952 -0.081952 0.347771
v -0.305170 -0.040916 0.344061
v -0.349956 -0.049944 0.340887
v -0.317846 -0.034959 0.340445
v -0.287190 -0.023504 0.339267
v -0.286381 -0.035680 0.344664
v -0.290924 -0.049445 0.347859
v -0.316460 -0.051778 0.345405
v 0.509587 0.414790 0.331052
v 0.513494 0.452084 0.157058
v 0.487483 0.155103 0.297014
v 0.513551 0.247869 0.054654
v 0.513569 -0.382426 0.023048
v 0.274242 0.058277 0.286768
v 0.240631 -0.188777 0.323132
v 0.264845 -0.229241 0.304113
v 0.261860 -0.145429 0.334410
v 0.287157 -0.063714 0.350211
v 0.513106 0.478256 0.249515
v 0.513499 -0.645911 0.145434
v 0.511609 -0.635141 0.241651
v 0.513534 0.312109 0.075683
v 0.513515 0.369062 0.097257
v 0.516750 0.349157 0.335194
v 0.518445 0.282588 0.327240
v 0.512378 -0.446703 0.313697
v 0.503100 -0.380505 0.314164
v 0.247290 0.039220 0.301282
v 0.261770 0.052493 0.291792
v 0.240560 -0.199341 0.320400
v 0.247616 0.016373 0.312410
v 0.241498 -0.177916 0.325124
v 0.243644 -0.167086 0.327080
v 0.420770 0.108805 0.290212
v 0.276981 -0.013701 0.335871
v 0.284799 -0.083303 0.351153
v -0.513569 -0.054000 -0.018248
v -0.513551 0.247869 0.054654
v -0.246417 0.032222 0.304886
v -0.274242 0.058277 0.286768
v -0.264497 0.002191 0.322802
v -0.287157 -0.063714 0.350211
v -0.513106 0.478256 0.249515
v -0.512112 0.462728 0.295407
v -0.513569 -0.456833 0.037792
v -0.513569 -0.523402 0.053886
v -0.513569 -0.579104 0.075002
v -0.511609 -0.635141 0.241651
v -0.513534 0.312109 0.075683
v -0.516750 0.349157 0.335194
v -0.518445 0.282588 0.327240
v -0.511781 0.216982 0.313936
v -0.513131 -0.515184 0.306693
v -0.512378 -0.446703 0.313697
v -0.513569 -0.220588 -0.007370
v -0.261770 0.052493 0.291792
v -0.240560 -0.199341 0.320400
v -0.253142 -0.220451 0.310231
v -0.246346 0.024397 0.308492
v -0.247616 0.016373 0.312410
v -0.251922 0.008954 0.316902
v -0.248702 -0.156613 0.329739
v -0.409192 -0.275809 0.306903
v -0.420770 0.108805 0.290212
v -0.358664 0.082938 0.288755
v -0.306607 0.066674 0.288025
v -0.276981 -0.013701 0.335871
v -0.281657 -0.028955 0.343334
v -0.285477 -0.045549 0.347792
v -0.275013 -0.123798 0.345155
v -0.280320 -0.103558 0.349850
v -0.284799 -0.083303 0.351153
vt 0.885241 0.894772
vt 0.889293 0.906313
vt 0.886512 0.909327
vt 0.882261 0.897475
vt 0.895038 0.917588
vt 0.892302 0.921127
vt 0.882094 0.912524
vt 0.878062 0.899961
vt 0.887532 0.925188
vt 0.886983 0.879573
vt 0.887683 0.891899
vt 0.883524 0.882939
vt 0.891262 0.903384
vt 0.896758 0.914310
vt 0.903215 0.924955
vt 0.901646 0.928717
vt 0.898869 0.932894
vt 0.893674 0.937902
vt 0.884853 0.944156
vt 0.879707 0.930040
vt 0.875172 0.916053
vt 0.871860 0.902326
vt 0.876129 0.887558
vt 0.870381 0.888989
vt 0.880246 0.885597
vt 0.223184 0.034801
vt 0.236851 0.033807
vt 0.239147 0.038748
vt 0.225059 0.039804
vt 0.250003 0.033065
vt 0.252738 0.037930
vt 0.241446 0.045357
vt 0.226900 0.046307
vt 0.255523 0.044648
vt 0.207234 0.031799
vt 0.221292 0.030546
vt 0.208744 0.036169
vt 0.234557 0.029701
vt 0.247292 0.029127
vt 0.259762 0.028689
vt 0.262897 0.032447
vt 0.266081 0.037230
vt 0.269364 0.044061
vt 0.272796 0.053963
vt 0.258380 0.054147
vt 0.243750 0.054467
vt 0.228691 0.055059
vt 0.211650 0.047621
vt 0.212989 0.056060
vt 0.210225 0.041217
vt 0.893849 0.734425
vt 0.896863 0.749095
vt 0.894090 0.748439
vt 0.891065 0.733234
vt 0.899297 0.763962
vt 0.896477 0.763779
vt 0.890132 0.748167
vt 0.887162 0.732641
vt 0.892399 0.763782
vt 0.893001 0.722993
vt 0.896008 0.736364
vt 0.890673 0.720123
vt 0.898932 0.750226
vt 0.901353 0.764385
vt 0.902849 0.778649
vt 0.900732 0.778856
vt 0.897826 0.779088
vt 0.893611 0.779310
vt 0.887568 0.779489
vt 0.886567 0.763916
vt 0.884503 0.748188
vt 0.881647 0.732498
vt 0.883842 0.717381
vt 0.878265 0.717038
vt 0.887799 0.718331
vt 0.903788 0.634189
vt 0.896410 0.644090
vt 0.893504 0.640075
vt 0.901182 0.629258
vt 0.890539 0.654736
vt 0.887305 0.651390
vt 0.888440 0.635816
vt 0.896130 0.623791
vt 0.882248 0.648144
vt 0.912915 0.630245
vt 0.905173 0.638853
vt 0.911937 0.624668
vt 0.898239 0.647987
vt 0.892924 0.658175
vt 0.890035 0.669943
vt 0.886736 0.666462
vt 0.883257 0.663419
vt 0.878295 0.660924
vt 0.870859 0.658759
vt 0.874330 0.644864
vt 0.880101 0.631134
vt 0.887405 0.617514
vt 0.904569 0.611919
vt 0.895476 0.603948
vt 0.909605 0.618692
vt 0.054246 0.065826
vt 0.051579 0.093605
vt 0.038572 0.094568
vt 0.041768 0.065532
vt 0.081085 0.067154
vt 0.079415 0.092704
vt 0.065106 0.092935
vt 0.067262 0.066331
vt 0.082075 0.056286
vt 0.068596 0.055053
vt 0.025826 0.095677
vt 0.029559 0.065344
vt 0.078959 0.105427
vt 0.064684 0.105972
vt 0.051252 0.106975
vt 0.038381 0.108282
vt 0.025792 0.109741
vt 0.837345 0.615893
vt 0.867850 0.625962
vt 0.862938 0.641479
vt 0.834739 0.635670
vt 0.043880 0.053356
vt 0.032083 0.052700
vt 0.055958 0.054108
vt 0.890687 0.847238
vt 0.887050 0.859063
vt 0.883500 0.861719
vt 0.887179 0.849483
vt 0.884352 0.870907
vt 0.880881 0.873708
vt 0.879250 0.863076
vt 0.882829 0.850572
vt 0.876728 0.875325
vt 0.897448 0.832215
vt 0.894065 0.843617
vt 0.894414 0.834965
vt 0.890661 0.854553
vt 0.887925 0.865787
vt 0.871121 0.876101
vt 0.873554 0.863435
vt 0.876928 0.850694
vt 0.886602 0.837556
vt 0.880491 0.837580
vt 0.891021 0.836715
vt 0.910079 0.824752
vt 0.908626 0.830235
vt 0.900872 0.839445
vt 0.903144 0.832089
vt 0.907051 0.834846
vt 0.898534 0.846151
vt 0.895064 0.847813
vt 0.898008 0.838487
vt 0.892331 0.856963
vt 0.919974 0.811494
vt 0.919401 0.816776
vt 0.911331 0.817943
vt 0.918714 0.820721
vt 0.917951 0.823775
vt 0.917150 0.826382
vt 0.905416 0.839022
vt 0.896179 0.852546
vt 0.889885 0.866286
vt 0.900797 0.828409
vt 0.905182 0.823616
vt 0.905801 0.744784
vt 0.908185 0.754697
vt 0.903624 0.753491
vt 0.901059 0.742082
vt 0.910733 0.765486
vt 0.906002 0.765553
vt 0.900873 0.751825
vt 0.898116 0.739075
vt 0.903246 0.765026
vt 0.911683 0.739444
vt 0.913287 0.746562
vt 0.903805 0.735986
vt 0.915437 0.754802
vt 0.918272 0.763921
vt 0.923883 0.774356
vt 0.912807 0.776912
vt 0.907681 0.777978
vt 0.904808 0.778441
vt 0.895384 0.727011
vt 0.898679 0.731592
vt 0.921705 0.730296
vt 0.952123 0.734679
vt 0.952240 0.736962
vt 0.921824 0.733315
vt 0.952047 0.732458
vt 0.921710 0.727571
vt 0.910625 0.733607
vt 0.922190 0.736922
vt 0.922927 0.741411
vt 0.909998 0.728806
vt 0.909659 0.724697
vt 0.909462 0.720933
vt 0.952438 0.739372
vt 0.952757 0.741972
vt 0.968675 0.732805
vt 0.968913 0.735166
vt 0.969139 0.737443
vt 0.969341 0.739552
vt 0.969508 0.741410
vt 0.931312 0.811294
vt 0.961871 0.792788
vt 0.962216 0.794307
vt 0.931125 0.813399
vt 0.841425 0.595353
vt 0.874317 0.610309
vt 0.846242 0.574432
vt 0.881562 0.594588
vt 0.821483 0.654332
vt 0.821091 0.634024
vt 0.834344 0.654304
vt 0.822690 0.612047
vt 0.825616 0.588958
vt 0.829205 0.565313
vt 0.860361 0.656792
vt 0.866699 0.701867
vt 0.845624 0.703240
vt 0.840714 0.687714
vt 0.863034 0.686840
vt 0.821075 0.707120
vt 0.808326 0.709475
vt 0.805188 0.694057
vt 0.816758 0.691560
vt 0.795407 0.711303
vt 0.793816 0.696036
vt 0.802299 0.676866
vt 0.812833 0.674574
vt 0.792355 0.678747
vt 0.838035 0.720053
vt 0.824892 0.722004
vt 0.833561 0.704871
vt 0.811064 0.724001
vt 0.796782 0.725526
vt 0.782281 0.726060
vt 0.782412 0.711973
vt 0.782553 0.696784
vt 0.782714 0.679478
vt 0.782904 0.659039
vt 0.791367 0.658458
vt 0.800309 0.657019
vt 0.810193 0.655414
vt 0.824243 0.672607
vt 0.828617 0.689254
vt 0.815829 0.909203
vt 0.813806 0.931250
vt 0.802194 0.931593
vt 0.803934 0.908683
vt 0.811688 0.954732
vt 0.800329 0.956083
vt 0.791146 0.931429
vt 0.792220 0.908027
vt 0.789983 0.956499
vt 0.829789 0.890255
vt 0.828000 0.909176
vt 0.817706 0.889306
vt 0.826265 0.929950
vt 0.824565 0.951961
vt 0.822884 0.974590
vt 0.809521 0.978931
vt 0.798401 0.981362
vt 0.788775 0.982404
vt 0.779900 0.982581
vt 0.780142 0.956470
vt 0.780377 0.931208
vt 0.780595 0.907645
vt 0.793163 0.887127
vt 0.780790 0.886631
vt 0.805483 0.888141
vt 0.825571 0.818261
vt 0.811157 0.817073
vt 0.812213 0.804900
vt 0.827038 0.805750
vt 0.796391 0.816202
vt 0.796987 0.804261
vt 0.813126 0.792531
vt 0.828268 0.792978
vt 0.797516 0.792170
vt 0.837493 0.832397
vt 0.824020 0.830724
vt 0.839462 0.819627
vt 0.810064 0.829270
vt 0.795784 0.828213
vt 0.781337 0.827732
vt 0.781448 0.815788
vt 0.781558 0.803930
vt 0.781670 0.791941
vt 0.781784 0.779606
vt 0.797921 0.779710
vt 0.813787 0.779742
vt 0.829109 0.779729
vt 0.842707 0.793466
vt 0.843614 0.779704
vt 0.841262 0.806712
vt 0.791107 0.634520
vt 0.791462 0.607599
vt 0.800240 0.608184
vt 0.799694 0.633929
vt 0.792226 0.578690
vt 0.801560 0.580671
vt 0.810416 0.609548
vt 0.809488 0.633577
vt 0.812432 0.584057
vt 0.783129 0.634792
vt 0.783383 0.607434
vt 0.783656 0.578002
vt 0.783939 0.547532
vt 0.793195 0.548786
vt 0.803267 0.552274
vt 0.814991 0.557836
vt 0.836594 0.671549
vt 0.860609 0.671870
vt 0.850246 0.718572
vt 0.870670 0.717113
vt 0.874721 0.701961
vt 0.865200 0.919973
vt 0.839618 0.927397
vt 0.840394 0.908299
vt 0.863118 0.904634
vt 0.870187 0.672872
vt 0.871752 0.687256
vt 0.868226 0.935784
vt 0.839129 0.947487
vt 0.838783 0.968072
vt 0.871724 0.951832
vt 0.862452 0.890005
vt 0.841601 0.890688
vt 0.875106 0.823306
vt 0.852614 0.821028
vt 0.854651 0.807684
vt 0.877391 0.809217
vt 0.856188 0.793947
vt 0.878861 0.794644
vt 0.850277 0.834111
vt 0.872205 0.836894
vt 0.883584 0.823860
vt 0.857023 0.779685
vt 0.879315 0.779601
vt 0.863498 0.876222
vt 0.843330 0.874890
vt 0.845464 0.860546
vt 0.865857 0.863019
vt 0.887315 0.794734
vt 0.885923 0.809552
vt 0.049211 0.033877
vt 0.060437 0.034093
vt 0.059041 0.038873
vt 0.047581 0.038236
vt 0.072231 0.034663
vt 0.071075 0.039782
vt 0.057562 0.045275
vt 0.045825 0.044424
vt 0.069871 0.046339
vt 0.040044 0.030964
vt 0.050778 0.030433
vt 0.038269 0.033837
vt 0.061791 0.030124
vt 0.073362 0.030263
vt 0.085771 0.031071
vt 0.084876 0.035763
vt 0.083969 0.041100
vt 0.083039 0.047726
vt 0.034375 0.043681
vt 0.036408 0.037735
vt 0.900849 0.793602
vt 0.899721 0.808004
vt 0.896586 0.808950
vt 0.897835 0.794200
vt 0.897519 0.821858
vt 0.894255 0.823176
vt 0.892181 0.809468
vt 0.893507 0.794584
vt 0.889818 0.823834
vt 0.903100 0.792813
vt 0.902172 0.806633
vt 0.900233 0.819852
vt 0.913291 0.788553
vt 0.912981 0.799573
vt 0.907874 0.802492
vt 0.908254 0.790440
vt 0.912309 0.809483
vt 0.906801 0.813678
vt 0.904588 0.804824
vt 0.905230 0.791815
vt 0.903057 0.817131
vt 0.921361 0.786513
vt 0.920801 0.796152
vt 0.920417 0.804556
vt 0.819411 0.872046
vt 0.806804 0.870506
vt 0.807954 0.855300
vt 0.820987 0.856979
vt 0.793946 0.869298
vt 0.794607 0.854044
vt 0.809013 0.841798
vt 0.822502 0.843430
vt 0.795201 0.840603
vt 0.831643 0.873601
vt 0.780957 0.868744
vt 0.781098 0.853482
vt 0.781223 0.840069
vt 0.835509 0.845280
vt 0.833555 0.858812
vt 0.847836 0.847129
vt 0.868951 0.850031
vt 0.878612 0.764136
vt 0.856972 0.764825
vt 0.855903 0.749536
vt 0.876839 0.748427
vt 0.885218 0.679411
vt 0.885761 0.692777
vt 0.882516 0.689846
vt 0.881804 0.676296
vt 0.887785 0.706293
vt 0.884739 0.703865
vt 0.878085 0.688158
vt 0.877072 0.674270
vt 0.880590 0.702537
vt 0.887944 0.684921
vt 0.888478 0.697689
vt 0.890338 0.710205
vt 0.900587 0.716066
vt 0.901305 0.721925
vt 0.895330 0.713568
vt 0.894343 0.705434
vt 0.902332 0.728449
vt 0.896756 0.722174
vt 0.891362 0.704998
vt 0.890480 0.694321
vt 0.893050 0.715757
vt 0.900027 0.710538
vt 0.890235 0.683468
vt 0.893592 0.697525
vt 0.098579 0.037454
vt 0.113229 0.039336
vt 0.112852 0.044704
vt 0.097932 0.042861
vt 0.128639 0.040892
vt 0.128541 0.046164
vt 0.112464 0.051195
vt 0.097273 0.049454
vt 0.128425 0.052531
vt 0.099220 0.032640
vt 0.113600 0.034530
vt 0.128727 0.036167
vt 0.144416 0.036978
vt 0.144621 0.041605
vt 0.144811 0.046779
vt 0.144968 0.053049
vt 0.145078 0.060961
vt 0.128281 0.060541
vt 0.112061 0.059369
vt 0.096598 0.057824
vt 0.829398 0.765857
vt 0.814077 0.766374
vt 0.813835 0.752522
vt 0.828934 0.751485
vt 0.798143 0.766721
vt 0.798091 0.753273
vt 0.812888 0.738345
vt 0.827502 0.736804
vt 0.797669 0.739498
vt 0.843796 0.765305
vt 0.781903 0.766765
vt 0.782027 0.753481
vt 0.782153 0.739873
vt 0.841204 0.735263
vt 0.843059 0.750419
vt 0.853700 0.734043
vt 0.874143 0.732682
vt 0.197349 0.067942
vt 0.198561 0.092663
vt 0.180791 0.093187
vt 0.180028 0.069209
vt 0.162895 0.093835
vt 0.162526 0.070315
vt 0.214204 0.066927
vt 0.215950 0.092654
vt 0.196515 0.057515
vt 0.145123 0.094213
vt 0.145130 0.070848
vt 0.216311 0.105439
vt 0.198905 0.105148
vt 0.181053 0.105421
vt 0.163029 0.105893
vt 0.145105 0.106201
vt 0.128104 0.070523
vt 0.127715 0.094048
vt 0.110850 0.093534
vt 0.111641 0.069564
vt 0.162247 0.060384
vt 0.179497 0.059096
vt 0.160960 0.041122
vt 0.177329 0.039745
vt 0.178121 0.044832
vt 0.161444 0.046237
vt 0.193375 0.037939
vt 0.194497 0.043010
vt 0.178854 0.051087
vt 0.161881 0.052471
vt 0.195555 0.049327
vt 0.160452 0.036567
vt 0.176507 0.035244
vt 0.192220 0.033493
vt 0.094695 0.092982
vt 0.095911 0.068323
vt 0.127540 0.106088
vt 0.110536 0.105732
vt 0.094280 0.105417
vt 0.246003 0.066533
vt 0.249128 0.094922
vt 0.232776 0.093448
vt 0.230385 0.066481
vt 0.229868 0.137360
vt 0.231440 0.128185
vt 0.246053 0.129305
vt 0.243210 0.137661
vt 0.232581 0.118074
vt 0.248199 0.119743
vt 0.260011 0.130736
vt 0.255680 0.138136
vt 0.263341 0.121825
vt 0.214474 0.146753
vt 0.215218 0.137321
vt 0.228080 0.146066
vt 0.215848 0.127530
vt 0.216250 0.117023
vt 0.233076 0.106557
vt 0.249301 0.108370
vt 0.265168 0.110646
vt 0.280856 0.113154
vt 0.278245 0.124113
vt 0.273643 0.132322
vt 0.267714 0.138698
vt 0.250848 0.144779
vt 0.261121 0.144157
vt 0.240019 0.145412
vt 0.127400 0.117470
vt 0.127290 0.128238
vt 0.110145 0.127966
vt 0.110306 0.117190
vt 0.127199 0.138598
vt 0.110030 0.138287
vt 0.093975 0.127694
vt 0.094051 0.116961
vt 0.094001 0.137887
vt 0.145101 0.117554
vt 0.145110 0.128315
vt 0.145128 0.138680
vt 0.145150 0.148848
vt 0.127118 0.148753
vt 0.109938 0.148380
vt 0.094079 0.147811
vt 0.080007 0.147127
vt 0.079494 0.137541
vt 0.079082 0.127619
vt 0.078870 0.117026
vt 0.199063 0.116709
vt 0.199073 0.127428
vt 0.181412 0.127694
vt 0.181255 0.116904
vt 0.198985 0.137586
vt 0.181539 0.138021
vt 0.163284 0.128074
vt 0.163157 0.117291
vt 0.163409 0.138446
vt 0.198848 0.147464
vt 0.181651 0.148117
vt 0.163534 0.148612
vt 0.045058 0.137374
vt 0.041938 0.129213
vt 0.053400 0.128452
vt 0.055427 0.137317
vt 0.039585 0.119735
vt 0.051917 0.118517
vt 0.065649 0.127888
vt 0.066747 0.137356
vt 0.064903 0.117569
vt 0.039960 0.144100
vt 0.035165 0.137479
vt 0.048562 0.144877
vt 0.030872 0.130071
vt 0.027580 0.121088
vt 0.068021 0.146398
vt 0.057727 0.145646
vt 0.261244 0.066918
vt 0.265163 0.096850
vt 0.281040 0.099005
vt 0.276297 0.067469
vt 0.054246 0.065826
vt 0.051579 0.093605
vt 0.065106 0.092935
vt 0.067262 0.066331
vt 0.931471 0.808417
vt 0.961548 0.791002
vt 0.931585 0.804383
vt 0.961255 0.788817
vt 0.930923 0.815118
vt 0.962570 0.795693
vt 0.977702 0.780699
vt 0.978070 0.782120
vt 0.978491 0.783622
vt 0.978946 0.785176
vt 0.979419 0.786757
vt 0.925942 0.753359
vt 0.953989 0.747788
vt 0.955080 0.750833
vt 0.928548 0.760038
vt 0.924150 0.746968
vt 0.953247 0.744799
vt 0.933083 0.765213
vt 0.956649 0.753779
vt 0.969636 0.742997
vt 0.969759 0.744547
vt 0.969916 0.746360
vt 0.970149 0.748735
vt 0.931896 0.792313
vt 0.960921 0.783135
vt 0.961018 0.786152
vt 0.931675 0.798932
vt 0.932654 0.785014
vt 0.961074 0.779957
vt 0.961631 0.776840
vt 0.935519 0.778291
vt 0.976052 0.774640
vt 0.976641 0.776459
vt 0.977059 0.777987
vt 0.977386 0.779356
vt 0.958661 0.756521
vt 0.960220 0.759327
vt 0.949865 0.765235
vt 0.940707 0.766405
vt 0.960294 0.762676
vt 0.972369 0.763266
vt 0.960453 0.766030
vt 0.971592 0.759450
vt 0.948917 0.768672
vt 0.970972 0.755545
vt 0.937747 0.771185
vt 0.962580 0.773976
vt 0.942315 0.773978
vt 0.951207 0.771149
vt 0.962990 0.771372
vt 0.970495 0.751868
vt 0.961737 0.768873
vt 0.973297 0.766729
vt 0.974291 0.769782
vt 0.975244 0.772421
vt 0.676207 0.892831
vt 0.679136 0.895589
vt 0.674666 0.907360
vt 0.671941 0.904295
vt 0.683288 0.898153
vt 0.679023 0.910638
vt 0.668658 0.919050
vt 0.665988 0.915461
vt 0.673351 0.923199
vt 0.674747 0.877603
vt 0.678143 0.881032
vt 0.673818 0.889913
vt 0.681371 0.883751
vt 0.685451 0.885788
vt 0.691171 0.887325
vt 0.689446 0.900633
vt 0.685879 0.914296
vt 0.681085 0.928196
vt 0.675678 0.942214
vt 0.666974 0.935797
vt 0.661873 0.930694
vt 0.659174 0.926466
vt 0.664329 0.912152
vt 0.657676 0.922675
vt 0.670027 0.901330
vt 0.223184 0.034801
vt 0.225059 0.039804
vt 0.239147 0.038748
vt 0.236851 0.033808
vt 0.226900 0.046307
vt 0.241446 0.045357
vt 0.252738 0.037930
vt 0.250003 0.033065
vt 0.255523 0.044648
vt 0.207234 0.031799
vt 0.208744 0.036169
vt 0.221292 0.030546
vt 0.210225 0.041217
vt 0.211650 0.047621
vt 0.212989 0.056060
vt 0.228691 0.055059
vt 0.243750 0.054467
vt 0.258380 0.054147
vt 0.272796 0.053963
vt 0.269364 0.044060
vt 0.266081 0.037230
vt 0.262897 0.032447
vt 0.247292 0.029127
vt 0.259762 0.028689
vt 0.234557 0.029701
vt 0.670578 0.732352
vt 0.673384 0.731213
vt 0.670076 0.746359
vt 0.667292 0.746963
vt 0.677297 0.730693
vt 0.674039 0.746161
vt 0.667405 0.761652
vt 0.664583 0.761783
vt 0.671483 0.761731
vt 0.671638 0.720938
vt 0.674019 0.718112
vt 0.668383 0.734251
vt 0.676925 0.716373
vt 0.680899 0.715497
vt 0.686482 0.715257
vt 0.682814 0.730651
vt 0.679666 0.746286
vt 0.677311 0.761973
vt 0.676021 0.777525
vt 0.669982 0.777234
vt 0.665772 0.776933
vt 0.662871 0.776648
vt 0.662519 0.762168
vt 0.660758 0.776401
vt 0.665202 0.748056
vt 0.662501 0.631948
vt 0.665199 0.627067
vt 0.672674 0.638025
vt 0.669695 0.641985
vt 0.670351 0.621695
vt 0.677816 0.633860
vt 0.678663 0.649453
vt 0.675367 0.652738
vt 0.683778 0.646301
vt 0.653449 0.627836
vt 0.654531 0.622278
vt 0.661031 0.636586
vt 0.656973 0.616347
vt 0.662134 0.609668
vt 0.671374 0.601867
vt 0.679191 0.615581
vt 0.686241 0.629334
vt 0.691756 0.643169
vt 0.694969 0.657126
vt 0.687494 0.659153
vt 0.682486 0.661555
vt 0.678952 0.664533
vt 0.672919 0.656132
vt 0.675588 0.667952
vt 0.667793 0.645847
vt 0.041768 0.065532
vt 0.038572 0.094568
vt 0.025826 0.095677
vt 0.029559 0.065344
vt 0.082075 0.056286
vt 0.068596 0.055053
vt 0.081085 0.067154
vt 0.055958 0.054108
vt 0.043880 0.053356
vt 0.032083 0.052700
vt 0.079415 0.092704
vt 0.025792 0.109741
vt 0.038381 0.108282
vt 0.051252 0.106975
vt 0.064684 0.105972
vt 0.078959 0.105427
vt 0.731511 0.634712
vt 0.703209 0.639996
vt 0.698587 0.624391
vt 0.729273 0.614890
vt 0.671644 0.845204
vt 0.675110 0.847514
vt 0.678561 0.859816
vt 0.675061 0.857094
vt 0.679439 0.848683
vt 0.682785 0.861252
vt 0.680958 0.871851
vt 0.677539 0.868986
vt 0.685080 0.873546
vt 0.665164 0.830059
vt 0.668145 0.832864
vt 0.668334 0.841521
vt 0.671506 0.834677
vt 0.675909 0.835600
vt 0.682018 0.835738
vt 0.685337 0.848915
vt 0.688474 0.861716
vt 0.690671 0.874425
vt 0.674062 0.863802
vt 0.671535 0.852518
vt 0.652673 0.822362
vt 0.659471 0.829826
vt 0.661606 0.837224
vt 0.654024 0.827871
vt 0.664487 0.836318
vt 0.667257 0.845698
vt 0.663819 0.843971
vt 0.655514 0.832510
vt 0.669820 0.854897
vt 0.643026 0.808922
vt 0.651548 0.815531
vt 0.643501 0.814215
vt 0.657591 0.821318
vt 0.661886 0.826190
vt 0.672092 0.864263
vt 0.666055 0.850409
vt 0.657071 0.836716
vt 0.644821 0.821239
vt 0.645574 0.823861
vt 0.644115 0.818172
vt 0.658436 0.742487
vt 0.663226 0.739874
vt 0.660450 0.751233
vt 0.655868 0.752355
vt 0.666225 0.736922
vt 0.663232 0.749618
vt 0.657849 0.763249
vt 0.653120 0.763094
vt 0.660614 0.762773
vt 0.652653 0.737039
vt 0.660594 0.733728
vt 0.650918 0.744126
vt 0.665802 0.729430
vt 0.669181 0.724911
vt 0.658803 0.776157
vt 0.655939 0.775641
vt 0.650834 0.774480
vt 0.645611 0.761390
vt 0.639808 0.771718
vt 0.648615 0.752325
vt 0.642195 0.734323
vt 0.627932 0.735806
vt 0.628222 0.732951
vt 0.642628 0.730723
vt 0.611907 0.736211
vt 0.612150 0.733805
vt 0.628331 0.730482
vt 0.642803 0.727707
vt 0.612309 0.731523
vt 0.641375 0.738797
vt 0.653819 0.731222
vt 0.627367 0.739239
vt 0.611540 0.738804
vt 0.594802 0.737931
vt 0.595003 0.736076
vt 0.595245 0.733971
vt 0.595513 0.731699
vt 0.595794 0.729343
vt 0.612427 0.729305
vt 0.628348 0.728205
vt 0.642849 0.724982
vt 0.654952 0.722332
vt 0.655218 0.718572
vt 0.654535 0.726434
vt 0.692411 0.608620
vt 0.725575 0.594278
vt 0.731560 0.653349
vt 0.705502 0.655354
vt 0.744419 0.653617
vt 0.745187 0.633319
vt 0.685459 0.592767
vt 0.721147 0.573271
vt 0.702271 0.685348
vt 0.724571 0.686635
vt 0.719373 0.702068
vt 0.698327 0.700303
vt 0.741500 0.588177
vt 0.738351 0.564469
vt 0.743997 0.611317
vt 0.743846 0.706403
vt 0.748451 0.690925
vt 0.759973 0.693637
vt 0.756549 0.708994
vt 0.752690 0.674015
vt 0.763180 0.676503
vt 0.771306 0.695827
vt 0.769432 0.711062
vt 0.773088 0.678568
vt 0.726649 0.719019
vt 0.731404 0.703922
vt 0.739753 0.721213
vt 0.736637 0.688400
vt 0.741319 0.671837
vt 0.755687 0.654908
vt 0.765539 0.656696
vt 0.774452 0.658300
vt 0.767793 0.725257
vt 0.753542 0.723467
vt 0.745339 0.908548
vt 0.757242 0.908249
vt 0.758555 0.931188
vt 0.746952 0.930630
vt 0.768965 0.907811
vt 0.769605 0.931229
vt 0.759966 0.955708
vt 0.748634 0.954147
vt 0.770303 0.956317
vt 0.731733 0.889344
vt 0.743831 0.888620
vt 0.733170 0.908295
vt 0.756074 0.887683
vt 0.768411 0.886897
vt 0.771029 0.982239
vt 0.761424 0.981018
vt 0.750351 0.978382
vt 0.735810 0.951137
vt 0.737071 0.973793
vt 0.734519 0.929099
vt 0.737287 0.817441
vt 0.736053 0.804906
vt 0.750891 0.804331
vt 0.751721 0.816521
vt 0.735060 0.792113
vt 0.750208 0.791947
vt 0.766126 0.803974
vt 0.766500 0.815925
vt 0.765822 0.791876
vt 0.725105 0.831354
vt 0.723373 0.818549
vt 0.738606 0.829930
vt 0.721814 0.805603
vt 0.720614 0.792333
vt 0.719963 0.778556
vt 0.734465 0.778851
vt 0.749784 0.779147
vt 0.765648 0.779410
vt 0.766885 0.827945
vt 0.752587 0.828736
vt 0.775157 0.634372
vt 0.766583 0.633621
vt 0.766515 0.607871
vt 0.775302 0.607449
vt 0.756796 0.633088
vt 0.756315 0.609046
vt 0.765706 0.580339
vt 0.775075 0.578531
vt 0.754773 0.583522
vt 0.752701 0.557257
vt 0.764527 0.551914
vt 0.774661 0.548614
vt 0.704973 0.670425
vt 0.728990 0.670550
vt 0.690305 0.700249
vt 0.694074 0.715474
vt 0.693547 0.685601
vt 0.695378 0.671249
vt 0.714468 0.717312
vt 0.698143 0.903102
vt 0.720795 0.907189
vt 0.721216 0.926298
vt 0.695776 0.918400
vt 0.721332 0.946393
vt 0.692457 0.934152
vt 0.719915 0.889558
vt 0.699081 0.888488
vt 0.721295 0.966981
vt 0.688662 0.950132
vt 0.685643 0.807437
vt 0.708409 0.806326
vt 0.710198 0.819706
vt 0.687667 0.821565
vt 0.684445 0.792839
vt 0.707127 0.792563
vt 0.706556 0.778288
vt 0.684270 0.777790
vt 0.679180 0.821963
vt 0.690315 0.835205
vt 0.677107 0.807613
vt 0.675991 0.792772
vt 0.712291 0.832829
vt 0.696177 0.861443
vt 0.716612 0.859350
vt 0.718480 0.873731
vt 0.698290 0.874688
vt 0.049211 0.033877
vt 0.047581 0.038236
vt 0.059041 0.038873
vt 0.060437 0.034093
vt 0.045825 0.044424
vt 0.057562 0.045274
vt 0.071075 0.039782
vt 0.072231 0.034663
vt 0.069871 0.046339
vt 0.040044 0.030964
vt 0.038269 0.033837
vt 0.050778 0.030433
vt 0.036408 0.037735
vt 0.034375 0.043681
vt 0.083039 0.047726
vt 0.083969 0.041100
vt 0.084876 0.035763
vt 0.073362 0.030263
vt 0.085771 0.031071
vt 0.061791 0.030124
vt 0.662480 0.791389
vt 0.665482 0.792042
vt 0.666458 0.806813
vt 0.663340 0.805809
vt 0.669802 0.792507
vt 0.670852 0.807413
vt 0.668524 0.821080
vt 0.665285 0.819702
vt 0.672948 0.821821
vt 0.660244 0.790558
vt 0.662609 0.817646
vt 0.660915 0.804393
vt 0.650134 0.786110
vt 0.655135 0.788090
vt 0.655292 0.800147
vt 0.650239 0.797134
vt 0.658133 0.789520
vt 0.658533 0.802539
vt 0.656156 0.811351
vt 0.650727 0.807055
vt 0.659835 0.814873
vt 0.642103 0.783920
vt 0.642712 0.801977
vt 0.642484 0.793568
vt 0.742448 0.871332
vt 0.741151 0.856238
vt 0.754214 0.854801
vt 0.755081 0.870025
vt 0.739888 0.842663
vt 0.753405 0.841281
vt 0.767582 0.853793
vt 0.767959 0.869057
vt 0.767237 0.840344
vt 0.730188 0.872659
vt 0.728552 0.857837
vt 0.726849 0.844271
vt 0.693325 0.848401
vt 0.714490 0.845891
vt 0.687325 0.746667
vt 0.708237 0.748165
vt 0.706884 0.763432
vt 0.685261 0.762341
vt 0.680229 0.677508
vt 0.683700 0.674456
vt 0.682737 0.687991
vt 0.679437 0.690862
vt 0.688469 0.672519
vt 0.687199 0.686385
vt 0.680254 0.701967
vt 0.677163 0.704338
vt 0.684427 0.700716
vt 0.677400 0.682966
vt 0.674538 0.708201
vt 0.676630 0.695722
vt 0.664182 0.713871
vt 0.670623 0.703357
vt 0.669484 0.711471
vt 0.663356 0.719716
vt 0.674691 0.692317
vt 0.673611 0.702976
vt 0.667898 0.720049
vt 0.662207 0.726220
vt 0.671723 0.713702
vt 0.664844 0.708355
vt 0.671520 0.695463
vt 0.675138 0.681471
vt 0.098579 0.037454
vt 0.097931 0.042861
vt 0.112852 0.044704
vt 0.113229 0.039336
vt 0.097273 0.049454
vt 0.112464 0.051195
vt 0.128541 0.046164
vt 0.128639 0.040892
vt 0.128425 0.052531
vt 0.099220 0.032640
vt 0.096598 0.057824
vt 0.112061 0.059369
vt 0.128281 0.060541
vt 0.145078 0.060961
vt 0.144968 0.053049
vt 0.144811 0.046779
vt 0.144621 0.041605
vt 0.128727 0.036167
vt 0.144416 0.036978
vt 0.113600 0.034530
vt 0.734433 0.764976
vt 0.735165 0.750615
vt 0.750241 0.751932
vt 0.749742 0.765776
vt 0.736868 0.735962
vt 0.751452 0.737775
vt 0.765969 0.752975
vt 0.765667 0.766419
vt 0.766647 0.739210
vt 0.720048 0.764156
vt 0.721062 0.749286
vt 0.723198 0.734167
vt 0.690313 0.730976
vt 0.710727 0.732715
vt 0.180028 0.069209
vt 0.180791 0.093188
vt 0.198561 0.092663
vt 0.197349 0.067942
vt 0.162526 0.070315
vt 0.162895 0.093835
vt 0.145130 0.070848
vt 0.145123 0.094213
vt 0.196515 0.057515
vt 0.214204 0.066927
vt 0.179497 0.059096
vt 0.162247 0.060384
vt 0.215950 0.092654
vt 0.145105 0.106201
vt 0.163029 0.105893
vt 0.181053 0.105421
vt 0.198905 0.105148
vt 0.216311 0.105439
vt 0.111641 0.069564
vt 0.110850 0.093534
vt 0.127715 0.094049
vt 0.128104 0.070523
vt 0.160960 0.041122
vt 0.161444 0.046237
vt 0.178121 0.044832
vt 0.177329 0.039745
vt 0.161881 0.052471
vt 0.178854 0.051087
vt 0.194497 0.043010
vt 0.193375 0.037939
vt 0.195555 0.049327
vt 0.160452 0.036567
vt 0.192220 0.033493
vt 0.176507 0.035244
vt 0.095911 0.068323
vt 0.094695 0.092982
vt 0.094280 0.105417
vt 0.110536 0.105732
vt 0.127540 0.106088
vt 0.230385 0.066481
vt 0.232776 0.093448
vt 0.249128 0.094922
vt 0.246003 0.066533
vt 0.229868 0.137360
vt 0.243210 0.137660
vt 0.246053 0.129306
vt 0.231440 0.128185
vt 0.255680 0.138136
vt 0.260011 0.130736
vt 0.248199 0.119743
vt 0.232581 0.118074
vt 0.263341 0.121825
vt 0.215218 0.137321
vt 0.267714 0.138698
vt 0.273643 0.132322
vt 0.278245 0.124113
vt 0.280856 0.113154
vt 0.265168 0.110646
vt 0.249301 0.108370
vt 0.233076 0.106557
vt 0.216250 0.117022
vt 0.215848 0.127530
vt 0.127400 0.117470
vt 0.110306 0.117190
vt 0.110145 0.127966
vt 0.127290 0.128238
vt 0.094051 0.116961
vt 0.093975 0.127694
vt 0.110030 0.138287
vt 0.127199 0.138598
vt 0.094001 0.137887
vt 0.145101 0.117554
vt 0.078870 0.117026
vt 0.079082 0.127619
vt 0.079494 0.137541
vt 0.145128 0.138680
vt 0.145110 0.128315
vt 0.199063 0.116709
vt 0.181255 0.116904
vt 0.181412 0.127694
vt 0.199073 0.127428
vt 0.163157 0.117291
vt 0.163284 0.128074
vt 0.181539 0.138021
vt 0.198985 0.137586
vt 0.163409 0.138446
vt 0.045058 0.137374
vt 0.055427 0.137317
vt 0.053400 0.128452
vt 0.041938 0.129213
vt 0.066747 0.137356
vt 0.065649 0.127888
vt 0.051917 0.118517
vt 0.039585 0.119735
vt 0.064903 0.117569
vt 0.035165 0.137479
vt 0.027580 0.121088
vt 0.030872 0.130071
vt 0.265163 0.096850
vt 0.261244 0.066918
vt 0.281040 0.099005
vt 0.276297 0.067469
vt 0.631842 0.810620
vt 0.617073 0.800591
vt 0.617259 0.798946
vt 0.631693 0.808512
vt 0.601111 0.790954
vt 0.601484 0.789442
vt 0.617455 0.796749
vt 0.631589 0.805633
vt 0.601840 0.787663
vt 0.632012 0.812343
vt 0.616891 0.801960
vt 0.600731 0.792334
vt 0.584051 0.783086
vt 0.584553 0.781514
vt 0.585037 0.779969
vt 0.585485 0.778475
vt 0.585881 0.777060
vt 0.602174 0.785483
vt 0.617664 0.793723
vt 0.631549 0.801597
vt 0.635409 0.757316
vt 0.623010 0.752447
vt 0.625039 0.747905
vt 0.638139 0.750687
vt 0.609053 0.747620
vt 0.610200 0.744596
vt 0.626437 0.743355
vt 0.640049 0.744331
vt 0.610997 0.741622
vt 0.630778 0.762407
vt 0.619943 0.756121
vt 0.607429 0.750536
vt 0.594025 0.745242
vt 0.594302 0.742872
vt 0.594493 0.741063
vt 0.594644 0.739515
vt 0.631561 0.796145
vt 0.617856 0.789701
vt 0.617853 0.784944
vt 0.631462 0.789523
vt 0.602460 0.782823
vt 0.602613 0.779808
vt 0.617354 0.779889
vt 0.630840 0.782211
vt 0.602519 0.776628
vt 0.586221 0.775724
vt 0.586574 0.774361
vt 0.587020 0.772842
vt 0.587642 0.771034
vt 0.602019 0.773502
vt 0.615698 0.775240
vt 0.628101 0.775437
vt 0.603620 0.759364
vt 0.603755 0.756017
vt 0.611520 0.758928
vt 0.613999 0.762116
vt 0.605366 0.753241
vt 0.615637 0.758194
vt 0.623134 0.763456
vt 0.591535 0.759730
vt 0.592384 0.755929
vt 0.603398 0.762715
vt 0.593076 0.752036
vt 0.614884 0.765571
vt 0.593621 0.748368
vt 0.626005 0.768291
vt 0.621386 0.770998
vt 0.612452 0.771623
vt 0.608978 0.769289
vt 0.612547 0.768005
vt 0.601124 0.770620
vt 0.600763 0.768009
vt 0.602062 0.765534
vt 0.588491 0.768830
vt 0.589493 0.766209
vt 0.590543 0.763175
vn 0.4496 0.7894 0.4179
vn 0.2685 0.9615 0.0584
vn 0.5005 0.8657 0.0116
vn 0.6108 0.7431 0.2732
vn 0.3222 0.9096 -0.2623
vn 0.4973 0.8348 -0.2360
vn 0.4007 0.9162 -0.0033
vn 0.4767 0.8393 0.2615
vn 0.4001 0.8849 -0.2386
vn 0.5321 0.2432 0.8110
vn 0.2310 0.8062 0.5446
vn 0.6615 0.4218 0.6200
vn -0.0070 0.9911 0.1331
vn 0.0615 0.9748 -0.2146
vn 0.2969 0.8134 -0.5003
vn 0.4993 0.7119 -0.4938
vn 0.5791 0.6860 -0.4405
vn 0.4545 0.7643 -0.4575
vn 0.2823 0.8384 -0.4662
vn 0.2333 0.9443 -0.2321
vn 0.2204 0.9754 0.0035
vn 0.2734 0.9216 0.2754
vn 0.5989 0.6079 0.5213
vn 0.4058 0.7142 0.5702
vn 0.7382 0.4732 0.4808
vn 0.7124 -0.1571 -0.6839
vn 0.6927 -0.2233 -0.6858
vn 0.7184 -0.2333 -0.6554
vn 0.7429 -0.1605 -0.6498
vn 0.6567 -0.3720 -0.6560
vn 0.6864 -0.3844 -0.6173
vn 0.5721 -0.2960 -0.7649
vn 0.6038 -0.2036 -0.7707
vn 0.5362 -0.4726 -0.6993
vn 0.6503 -0.1508 -0.7446
vn 0.6335 -0.1686 -0.7551
vn 0.7276 -0.1387 -0.6718
vn 0.6100 -0.2400 -0.7552
vn 0.5545 -0.4120 -0.7230
vn 0.4223 -0.6967 -0.5799
vn 0.5791 -0.6123 -0.5383
vn 0.6381 -0.5995 -0.4830
vn 0.4944 -0.6955 -0.5213
vn 0.3085 -0.7784 -0.5466
vn 0.3417 -0.5508 -0.7614
vn 0.3745 -0.3539 -0.8570
vn 0.4036 -0.2438 -0.8818
vn 0.6277 -0.1711 -0.7594
vn 0.4231 -0.2013 -0.8834
vn 0.7618 -0.1374 -0.6330
vn 0.9996 -0.0016 -0.0265
vn 0.9991 0.0004 -0.0417
vn 0.9789 -0.0031 0.2041
vn 0.9714 -0.0164 0.2370
vn 0.9992 -0.0003 -0.0383
vn 0.9809 0.0038 0.1943
vn 0.8932 -0.0108 0.4495
vn 0.8727 -0.0363 0.4868
vn 0.9006 0.0053 0.4345
vn 0.9921 0.0065 -0.1253
vn 0.9874 0.0034 -0.1583
vn 0.9998 -0.0071 0.0177
vn 0.9875 -0.0001 -0.1572
vn 0.9902 -0.0041 -0.1393
vn 0.9940 -0.0079 -0.1089
vn 0.9997 -0.0024 -0.0237
vn 0.9801 0.0061 0.1984
vn 0.9008 0.0131 0.4339
vn 0.8060 0.0161 0.5916
vn 0.8044 0.0030 0.5940
vn 0.7932 -0.0216 0.6085
vn 0.7660 -0.0579 0.6402
vn 0.8334 -0.0729 0.5478
vn 0.7180 -0.1056 0.6879
vn 0.9535 -0.0379 0.2988
vn 0.4630 -0.8397 -0.2836
vn 0.4232 -0.9036 0.0657
vn 0.5718 -0.8199 0.0286
vn 0.5817 -0.7747 -0.2478
vn 0.5546 -0.7363 0.3877
vn 0.6313 -0.7197 0.2889
vn 0.4540 -0.8908 0.0170
vn 0.4563 -0.8516 -0.2578
vn 0.5002 -0.8172 0.2861
vn 0.2528 -0.9280 -0.2736
vn 0.2029 -0.9731 0.1084
vn 0.4023 -0.7826 0.4749
vn 0.6731 -0.3252 0.6641
vn 0.7078 -0.4516 0.5432
vn 0.7124 -0.5125 0.4794
vn 0.5718 -0.6322 0.5228
vn 0.4277 -0.7171 0.5502
vn 0.3463 -0.8924 0.2892
vn 0.2952 -0.9553 0.0148
vn 0.2858 -0.9218 -0.2619
vn 0.2317 0.5301 -0.8156
vn 0.1230 0.5565 -0.8217
vn 0.0718 0.7580 -0.6482
vn 0.1912 0.7176 -0.6696
vn 0.2575 0.3233 -0.9106
vn 0.1492 0.3144 -0.9375
vn 0.1473 0.4012 -0.9040
vn 0.2529 0.3953 -0.8830
vn 0.4357 0.3091 -0.8453
vn 0.4188 0.3684 -0.8300
vn 0.0094 0.9191 -0.3939
vn 0.1371 0.8867 -0.4415
vn 0.0961 0.3028 -0.9482
vn 0.0869 0.4021 -0.9115
vn 0.0453 0.5745 -0.8173
vn -0.0309 0.7836 -0.6205
vn -0.1080 0.9314 -0.3476
vn 0.0162 -0.9997 0.0161
vn 0.1587 -0.9872 0.0144
vn 0.2154 -0.9363 0.2772
vn 0.0773 -0.9619 0.2623
vn 0.3398 0.6631 -0.6669
vn 0.3867 0.4866 -0.7834
vn 0.9863 -0.0063 0.1650
vn 0.9349 -0.0055 0.3549
vn 0.8868 0.0447 0.4599
vn 0.9344 0.0066 0.3562
vn 0.7895 0.1012 0.6054
vn 0.8198 0.1891 0.5405
vn 0.7735 0.1020 0.6256
vn 0.8236 0.0251 0.5666
vn 0.7031 0.2989 0.6452
vn 0.9998 -0.0054 0.0209
vn 0.9890 -0.0234 0.1461
vn 0.9972 0.0015 0.0742
vn 0.9027 -0.0519 0.4271
vn 0.6563 -0.0017 0.7544
vn 0.5513 0.3924 0.7362
vn 0.6515 0.1569 0.7422
vn 0.7137 0.0515 0.6985
vn 0.8575 0.0087 0.5144
vn 0.7538 0.0227 0.6566
vn 0.9578 0.0037 0.2873
vn 0.4143 -0.0696 -0.9075
vn 0.7716 -0.2457 -0.5867
vn 0.9540 -0.1762 0.2425
vn 0.8325 -0.0359 -0.5529
vn 0.6515 -0.3498 0.6731
vn 0.4501 -0.1953 0.8713
vn 0.8479 -0.1071 0.5193
vn 0.9991 -0.0374 0.0207
vn 0.4820 -0.1113 0.8690
vn 0.1246 -0.1471 -0.9812
vn 0.1829 -0.1536 -0.9710
vn 0.3393 -0.0826 -0.9370
vn 0.3637 -0.3018 -0.8813
vn 0.7289 -0.6502 -0.2142
vn 0.5003 -0.4614 0.7326
vn 0.2527 -0.2416 0.9369
vn 0.1839 -0.1481 0.9717
vn 0.2954 -0.0128 0.9553
vn 0.9852 -0.0092 -0.1711
vn 0.7465 -0.0315 -0.6646
vn 0.0609 0.0174 -0.9980
vn 0.0355 -0.0167 -0.9992
vn 0.3229 -0.0151 -0.9463
vn 0.3477 0.0163 -0.9375
vn 0.0238 -0.0460 -0.9986
vn 0.3341 -0.0423 -0.9416
vn 0.8358 -0.0032 -0.5489
vn 0.8468 0.0146 -0.5316
vn 0.8455 -0.0197 -0.5336
vn 0.0370 0.0815 -0.9960
vn -0.0028 0.0260 -0.9996
vn 0.1183 0.0653 -0.9908
vn -0.0245 -0.0090 -0.9996
vn -0.0443 -0.0364 -0.9984
vn -0.0639 -0.0959 -0.9933
vn 0.0367 -0.0863 -0.9956
vn 0.3837 -0.0685 -0.9209
vn 0.8791 -0.0336 -0.4754
vn 0.8866 0.0330 -0.4613
vn 0.4263 0.0555 -0.9029
vn 0.3339 0.6507 -0.6819
vn 0.2264 0.6705 -0.7065
vn 0.1960 0.4942 -0.8469
vn 0.1996 0.4328 -0.8791
vn 0.2473 0.7468 -0.6174
vn 0.4399 0.7569 -0.4832
vn 0.1248 0.1802 -0.9757
vn 0.0990 0.2367 -0.9665
vn 0.0429 0.1156 -0.9923
vn 0.3179 0.3627 -0.8760
vn 0.6314 0.6055 -0.4844
vn 0.7851 0.5094 0.3523
vn 0.1657 0.2984 -0.9399
vn 0.1403 0.1644 -0.9763
vn 0.2142 0.7399 -0.6377
vn 0.2200 0.6534 -0.7243
vn 0.2238 0.4898 -0.8426
vn 0.2207 0.3189 -0.9217
vn 0.2142 0.1923 -0.9576
vn 0.2123 -0.4543 -0.8651
vn 0.1968 -0.6215 -0.7583
vn 0.2518 -0.7833 -0.5684
vn 0.3854 -0.7053 -0.5950
vn 0.0051 -0.9736 -0.2282
vn 0.1427 -0.9579 -0.2492
vn 0.0363 -0.8619 -0.5057
vn 0.1595 -0.8294 -0.5354
vn 0.0640 -0.8520 0.5196
vn -0.0816 -0.9631 0.2564
vn 0.1910 -0.8295 0.5249
vn -0.1509 -0.9883 0.0213
vn -0.1495 -0.9666 -0.2079
vn -0.0858 -0.8746 -0.4771
vn 0.3096 -0.7808 0.5426
vn 0.5587 -0.2251 0.7982
vn 0.4761 -0.2701 0.8368
vn 0.4125 -0.4079 0.8145
vn 0.4900 -0.3520 0.7975
vn 0.3464 -0.2784 0.8958
vn 0.2633 -0.2590 0.9293
vn 0.2103 -0.4255 0.8802
vn 0.2864 -0.4344 0.8540
vn 0.1486 -0.2380 0.9598
vn 0.1150 -0.4133 0.9033
vn 0.0712 -0.6606 0.7473
vn 0.1490 -0.6542 0.7415
vn 0.0212 -0.6639 0.7475
vn 0.4439 -0.1941 0.8748
vn 0.3707 -0.1887 0.9094
vn 0.4098 -0.2866 0.8659
vn 0.2785 -0.1755 0.9442
vn 0.1558 -0.1614 0.9745
vn 0.0000 -0.1552 0.9879
vn 0.0000 -0.2283 0.9736
vn 0.0000 -0.4061 0.9138
vn 0.0000 -0.6628 0.7487
vn 0.0000 -0.8802 0.4745
vn -0.1351 -0.8672 0.4792
vn -0.1510 -0.8532 0.4992
vn -0.0634 -0.8543 0.5159
vn 0.2332 -0.6422 0.7302
vn 0.3486 -0.4335 0.8310
vn -0.1494 0.9500 0.2740
vn -0.2106 0.9727 0.0966
vn -0.2189 0.9724 0.0810
vn -0.1556 0.9561 0.2483
vn -0.2317 0.9696 -0.0782
vn -0.2523 0.9646 -0.0768
vn -0.1481 0.9873 0.0575
vn -0.1044 0.9695 0.2217
vn -0.1760 0.9802 -0.0904
vn 0.0099 0.8478 0.5302
vn -0.0994 0.9526 0.2874
vn -0.0434 0.8610 0.5066
vn -0.1469 0.9847 0.0930
vn -0.1488 0.9837 -0.1007
vn -0.2021 0.9284 -0.3117
vn -0.2370 0.9276 -0.2886
vn -0.1715 0.9435 -0.2833
vn 0.0000 0.9583 -0.2856
vn 0.0000 0.9950 -0.0995
vn 0.0000 0.9989 0.0461
vn 0.0000 0.9776 0.2104
vn -0.0490 0.8892 0.4549
vn 0.0000 0.8952 0.4456
vn -0.0652 0.8755 0.4789
vn 0.3523 0.1247 0.9275
vn 0.2455 0.1543 0.9570
vn 0.2721 0.1129 0.9556
vn 0.3805 0.0880 0.9206
vn 0.1286 0.1784 0.9755
vn 0.1458 0.1345 0.9801
vn 0.2927 0.0619 0.9542
vn 0.4009 0.0472 0.9149
vn 0.1597 0.0755 0.9843
vn 0.4204 0.1323 0.8976
vn 0.3191 0.1637 0.9335
vn 0.4529 0.0969 0.8863
vn 0.2165 0.1930 0.9570
vn 0.1110 0.2151 0.9702
vn 0.0000 0.2235 0.9747
vn 0.0000 0.1879 0.9822
vn 0.0000 0.1432 0.9897
vn 0.0000 0.0812 0.9967
vn 0.0000 0.0090 0.9999
vn 0.1672 0.0078 0.9859
vn 0.3033 0.0055 0.9528
vn 0.4106 0.0043 0.9118
vn 0.4933 0.0366 0.8691
vn 0.4998 0.0057 0.8661
vn 0.4773 0.0671 0.8762
vn -0.2807 -0.9356 0.2139
vn -0.3468 -0.9376 0.0248
vn -0.4225 -0.9059 0.0273
vn -0.3415 -0.9110 0.2312
vn -0.3272 -0.9330 -0.1501
vn -0.4014 -0.9013 -0.1625
vn -0.3211 -0.9467 0.0265
vn -0.2427 -0.9375 0.2492
vn -0.3071 -0.9334 -0.1856
vn 0.0000 -0.9773 0.2117
vn 0.0000 -0.9997 0.0240
vn 0.0000 -0.9885 -0.1514
vn 0.0000 -0.9206 -0.3905
vn -0.2288 -0.8913 -0.3913
vn -0.2841 -0.8650 -0.4134
vn -0.2084 -0.8698 -0.4472
vn 0.3182 -0.6103 0.7254
vn 0.4090 -0.5492 0.7288
vn 0.5227 -0.1806 0.8331
vn 0.6184 -0.1448 0.7723
vn 0.6529 -0.1751 0.7369
vn 0.0698 0.9971 0.0297
vn -0.0507 0.9965 0.0667
vn -0.0151 0.9575 0.2878
vn 0.1072 0.9530 0.2833
vn 0.5091 -0.4789 0.7151
vn 0.5818 -0.2905 0.7596
vn 0.0894 0.9761 -0.1979
vn -0.0366 0.9887 -0.1449
vn 0.2350 0.7830 0.5759
vn 0.0998 0.8264 0.5542
vn 0.6791 0.0421 0.7328
vn 0.5623 0.0696 0.8239
vn 0.5816 0.0505 0.8119
vn 0.6953 0.0355 0.7178
vn 0.5926 0.0311 0.8049
vn 0.7040 0.0268 0.7097
vn 0.5329 0.0945 0.8408
vn 0.6521 0.0520 0.7563
vn 0.7792 0.0230 0.6263
vn 0.5961 0.0106 0.8028
vn 0.7068 0.0154 0.7072
vn 0.4041 0.4874 0.7740
vn 0.2663 0.5753 0.7733
vn 0.4031 0.3213 0.8569
vn 0.5319 0.2330 0.8141
vn 0.8025 0.0218 0.5962
vn 0.7942 0.0240 0.6071
vn 0.6437 0.4722 -0.6022
vn 0.7191 0.3070 -0.6233
vn 0.7264 0.3276 -0.6041
vn 0.6660 0.4868 -0.5652
vn 0.7560 0.2283 -0.6134
vn 0.7650 0.2402 -0.5975
vn 0.5800 0.4125 -0.7024
vn 0.5230 0.5809 -0.6238
vn 0.6218 0.3085 -0.7198
vn 0.5324 0.5373 -0.6541
vn 0.6499 0.3351 -0.6821
vn 0.6972 0.2454 -0.6736
vn 0.7172 0.2203 -0.6611
vn 0.7746 0.2028 -0.5990
vn 0.7877 0.2051 -0.5809
vn 0.6477 0.2606 -0.7159
vn 1.0000 -0.0038 -0.0050
vn 0.9999 -0.0028 0.0152
vn 0.9744 0.0061 0.2247
vn 0.9779 0.0061 0.2089
vn 0.9992 0.0000 0.0385
vn 0.9686 0.0056 0.2485
vn 0.8906 0.0154 0.4545
vn 0.8974 0.0155 0.4408
vn 0.8785 0.0124 0.4776
vn 0.9971 -0.0095 -0.0752
vn 0.9989 -0.0084 -0.0453
vn 0.9998 -0.0056 -0.0181
vn 0.0978 -0.1206 -0.9879
vn 0.1888 -0.1275 -0.9737
vn 0.6051 -0.0832 -0.7918
vn 0.4822 -0.0865 -0.8718
vn 0.2750 -0.1135 -0.9547
vn 0.6962 -0.0615 -0.7152
vn 0.9590 -0.0290 -0.2818
vn 0.9262 -0.0366 -0.3751
vn 0.9753 -0.0177 -0.2200
vn -0.0205 -0.1544 -0.9878
vn 0.0325 -0.1667 -0.9854
vn 0.0810 -0.1626 -0.9833
vn 0.0912 0.6621 0.7438
vn 0.0404 0.6861 0.7264
vn 0.1270 0.4509 0.8835
vn 0.2042 0.4227 0.8829
vn 0.0117 0.7022 0.7119
vn 0.0603 0.4687 0.8813
vn 0.1816 0.2766 0.9437
vn 0.2753 0.2484 0.9287
vn 0.0908 0.2957 0.9509
vn 0.1624 0.6307 0.7588
vn 0.0000 0.7078 0.7064
vn 0.0000 0.4747 0.8801
vn 0.0000 0.3025 0.9531
vn 0.3728 0.2135 0.9030
vn 0.2922 0.3845 0.8756
vn 0.4856 0.1626 0.8589
vn 0.6075 0.0989 0.7881
vn 0.7038 -0.0046 0.7104
vn 0.5924 -0.0176 0.8054
vn 0.5799 -0.0597 0.8125
vn 0.6910 -0.0387 0.7218
vn 0.8286 -0.1948 0.5248
vn 0.9511 -0.0584 0.3033
vn 0.8578 -0.1458 0.4928
vn 0.7849 -0.2906 0.5471
vn 0.9922 -0.0182 0.1227
vn 0.9175 -0.0738 0.3909
vn 0.7077 -0.2304 0.6679
vn 0.6407 -0.4017 0.6542
vn 0.7752 -0.1302 0.6181
vn 0.7786 -0.1274 0.6144
vn 0.9614 -0.0165 0.2745
vn 0.9999 0.0078 0.0063
vn 0.9070 0.3476 0.2374
vn 0.6069 0.2947 -0.7381
vn 0.9661 0.1658 -0.1977
vn 0.7342 0.0664 0.6757
vn 0.2534 0.1420 -0.9568
vn 0.6148 0.1098 -0.7809
vn 0.9633 0.0305 0.2665
vn 0.6844 -0.0514 0.7273
vn 0.9698 0.0504 -0.2385
vn 0.5552 0.1243 0.8224
vn 0.5029 -0.1693 0.8476
vn 0.4289 -0.0432 0.9023
vn 0.7830 0.1888 -0.5927
vn 0.7843 0.1579 -0.5999
vn 0.7971 0.1516 -0.5845
vn 0.7970 0.1849 -0.5750
vn 0.7810 0.1039 -0.6158
vn 0.7926 0.0978 -0.6019
vn 0.6532 0.1857 -0.7340
vn 0.6565 0.2305 -0.7182
vn 0.6449 0.1175 -0.7552
vn 0.7252 0.2087 -0.6561
vn 0.7260 0.1770 -0.6644
vn 0.7217 0.1184 -0.6820
vn 0.7127 0.0348 -0.7006
vn 0.7745 0.0287 -0.6319
vn 0.7871 0.0244 -0.6163
vn 0.6384 0.0276 -0.7692
vn 0.4076 0.0309 -0.9126
vn 0.4141 0.1333 -0.9004
vn 0.4265 0.2138 -0.8788
vn 0.4365 0.2694 -0.8584
vn 0.4093 -0.0399 0.9115
vn 0.3033 -0.0482 0.9517
vn 0.2957 -0.0945 0.9506
vn 0.3995 -0.0859 0.9127
vn 0.1677 -0.0542 0.9843
vn 0.1635 -0.1007 0.9814
vn 0.2863 -0.1339 0.9487
vn 0.3856 -0.1338 0.9129
vn 0.1585 -0.1324 0.9784
vn 0.4969 -0.0301 0.8673
vn 0.0000 -0.0564 0.9984
vn 0.0000 -0.1031 0.9947
vn 0.0000 -0.1317 0.9913
vn 0.4673 -0.1297 0.8745
vn 0.4854 -0.0755 0.8710
vn 0.5570 -0.1145 0.8226
vn 0.6635 -0.0861 0.7432
vn 0.2497 -0.1799 -0.9514
vn 0.1445 -0.1645 -0.9757
vn 0.1259 -0.1168 -0.9851
vn 0.2354 -0.1341 -0.9626
vn 0.1093 -0.0508 -0.9927
vn 0.2205 -0.0632 -0.9733
vn 0.2547 -0.2105 -0.9438
vn 0.1574 -0.2037 -0.9663
vn 0.4277 -0.1786 -0.8860
vn 0.1018 0.0338 -0.9942
vn 0.2135 0.0326 -0.9764
vn 0.1153 -0.1901 -0.9749
vn 0.0970 -0.1462 -0.9845
vn 0.0769 -0.0996 -0.9920
vn 0.0613 -0.0398 -0.9973
vn 0.0551 0.0344 -0.9979
vn 0.2190 0.1327 -0.9666
vn 0.1068 0.1222 -0.9867
vn 0.1210 0.1979 -0.9727
vn 0.2333 0.2145 -0.9484
vn 0.4114 -0.0673 -0.9090
vn 0.4209 -0.1373 -0.8966
vn 0.7647 -0.0462 -0.6427
vn 0.7537 -0.0995 -0.6496
vn 0.7791 -0.0979 -0.6191
vn 0.7828 -0.0475 -0.6204
vn 0.7415 -0.1286 -0.6584
vn 0.7733 -0.1257 -0.6214
vn 0.6399 -0.1201 -0.7590
vn 0.6377 -0.0593 -0.7680
vn 0.6388 -0.1545 -0.7537
vn 0.6991 -0.0490 -0.7133
vn 0.6832 -0.1081 -0.7221
vn 0.6668 -0.1403 -0.7319
vn 0.1376 0.2591 -0.9560
vn 0.2488 0.2752 -0.9286
vn 0.0603 0.1121 -0.9919
vn 0.0733 0.1816 -0.9806
vn 0.0878 0.2422 -0.9662
vn 0.2235 -0.3940 -0.8915
vn 0.1364 -0.4234 -0.8956
vn 0.1571 -0.2748 -0.9485
vn 0.2456 -0.2659 -0.9322
vn 0.0397 -0.2375 -0.9705
vn 0.0737 -0.2508 -0.9652
vn 0.0310 -0.4514 -0.8918
vn 0.0096 -0.4512 -0.8924
vn 0.0999 -0.2644 -0.9592
vn 0.0614 -0.4480 -0.8919
vn -0.1054 -0.7058 -0.7005
vn -0.0897 -0.7219 -0.6861
vn -0.0561 -0.6913 -0.7203
vn 0.0000 -0.1356 -0.9908
vn 0.0331 -0.1414 -0.9894
vn 0.0000 -0.2314 -0.9728
vn 0.0641 -0.1560 -0.9857
vn 0.0913 -0.1738 -0.9805
vn 0.1206 -0.2734 -0.9543
vn 0.0926 -0.4403 -0.8931
vn 0.0146 -0.6749 -0.7378
vn 0.0000 -0.7291 -0.6844
vn 0.0000 -0.4491 -0.8935
vn 0.0381 0.1050 -0.9937
vn 0.0201 0.0993 -0.9948
vn 0.0283 0.1626 -0.9863
vn 0.0492 0.1707 -0.9841
vn 0.0073 0.0956 -0.9954
vn 0.0117 0.1577 -0.9874
vn 0.0352 0.2242 -0.9739
vn 0.0601 0.2315 -0.9710
vn 0.0147 0.2204 -0.9753
vn 0.0329 0.0341 -0.9989
vn 0.0157 0.0333 -0.9993
vn 0.0047 0.0324 -0.9995
vn 0.0000 0.0321 -0.9995
vn 0.0000 0.0943 -0.9955
vn 0.0000 0.1560 -0.9877
vn 0.0000 0.2192 -0.9756
vn 0.0000 0.2965 -0.9550
vn 0.0119 0.2958 -0.9552
vn 0.0335 0.2950 -0.9549
vn 0.0629 0.2969 -0.9528
vn 0.0698 -0.1302 -0.9890
vn 0.0438 -0.1155 -0.9923
vn 0.0277 -0.0769 -0.9966
vn 0.0503 -0.0869 -0.9949
vn 0.0201 -0.1050 -0.9942
vn 0.0108 -0.0704 -0.9974
vn 0.0181 -0.0278 -0.9994
vn 0.0371 -0.0327 -0.9987
vn 0.0057 -0.0250 -0.9997
vn 0.0000 -0.1012 -0.9948
vn 0.0000 -0.0681 -0.9977
vn 0.0000 -0.0241 -0.9997
vn -0.1230 0.8328 -0.5397
vn -0.1606 0.8131 -0.5594
vn -0.0597 0.6117 -0.7888
vn -0.0548 0.6313 -0.7736
vn -0.1173 0.7988 -0.5901
vn -0.0182 0.5918 -0.8059
vn 0.0084 0.4159 -0.9093
vn -0.0070 0.4261 -0.9046
vn 0.0433 0.4068 -0.9125
vn 0.0000 0.8448 -0.5350
vn 0.0000 0.4306 -0.9025
vn 0.0000 0.6401 -0.7683
vn 0.1921 -0.6057 -0.7721
vn 0.0911 -0.6480 -0.7561
vn -0.2317 0.5301 -0.8156
vn -0.1230 0.5565 -0.8217
vn -0.1473 0.4012 -0.9040
vn -0.2529 0.3953 -0.8830
vn 0.1087 -0.2876 -0.9516
vn 0.1505 -0.4486 -0.8810
vn 0.0607 -0.2357 -0.9699
vn 0.1178 -0.3513 -0.9288
vn 0.5241 -0.8284 -0.1974
vn 0.2904 -0.8513 -0.4369
vn 0.1757 -0.4100 -0.8950
vn 0.1928 -0.4997 -0.8445
vn 0.2135 -0.6439 -0.7347
vn 0.2311 -0.7972 -0.5577
vn 0.2388 -0.8697 -0.4319
vn -0.0071 0.0251 -0.9996
vn 0.1120 0.0952 -0.9891
vn 0.0919 0.1226 -0.9882
vn -0.0348 0.0154 -0.9993
vn 0.0138 0.0537 -0.9984
vn 0.1252 0.1049 -0.9865
vn -0.0731 0.0285 -0.9969
vn 0.0099 0.2113 -0.9774
vn 0.2087 0.1355 -0.9685
vn 0.2033 0.1299 -0.9704
vn 0.1967 0.1539 -0.9683
vn 0.1624 0.2223 -0.9614
vn -0.0010 -0.2284 -0.9736
vn 0.0767 -0.3384 -0.9379
vn 0.0977 -0.3272 -0.9398
vn 0.0300 -0.2288 -0.9730
vn -0.0401 -0.2256 -0.9734
vn 0.0405 -0.3802 -0.9240
vn -0.0567 -0.4533 -0.8895
vn -0.0850 -0.2310 -0.9692
vn 0.0634 -0.5129 -0.8561
vn 0.1306 -0.4295 -0.8936
vn 0.1493 -0.3949 -0.9065
vn 0.1628 -0.3823 -0.9096
vn -0.0860 0.2070 -0.9745
vn -0.1217 0.1187 -0.9854
vn -0.1088 0.0471 -0.9929
vn -0.1018 0.0608 -0.9929
vn -0.1089 0.0186 -0.9939
vn -0.1021 -0.0887 -0.9908
vn -0.1045 -0.0795 -0.9913
vn -0.1256 0.0465 -0.9910
vn -0.1129 -0.0810 -0.9903
vn -0.1196 0.1977 -0.9729
vn -0.1142 -0.0898 -0.9894
vn -0.1496 -0.4259 -0.8923
vn -0.1157 -0.2519 -0.9608
vn -0.1208 -0.2283 -0.9661
vn -0.1545 -0.3158 -0.9361
vn -0.0093 0.3367 -0.9416
vn -0.1139 -0.1895 -0.9752
vn -0.1496 -0.2453 -0.9578
vn -0.2045 -0.4205 -0.8839
vn -0.1210 -0.5765 -0.8081
vn -0.4496 0.7894 0.4179
vn -0.6108 0.7431 0.2732
vn -0.5005 0.8657 0.0116
vn -0.2685 0.9615 0.0584
vn -0.4767 0.8393 0.2615
vn -0.4007 0.9162 -0.0033
vn -0.4973 0.8348 -0.2360
vn -0.3222 0.9096 -0.2623
vn -0.4001 0.8849 -0.2386
vn -0.5321 0.2432 0.8110
vn -0.6615 0.4218 0.6200
vn -0.2310 0.8062 0.5446
vn -0.7382 0.4732 0.4808
vn -0.5989 0.6079 0.5213
vn -0.4058 0.7142 0.5702
vn -0.2734 0.9216 0.2754
vn -0.2204 0.9754 0.0035
vn -0.2333 0.9443 -0.2321
vn -0.2823 0.8384 -0.4662
vn -0.4545 0.7643 -0.4575
vn -0.5791 0.6860 -0.4405
vn -0.4993 0.7119 -0.4938
vn -0.0615 0.9748 -0.2146
vn -0.2969 0.8134 -0.5003
vn 0.0070 0.9911 0.1331
vn -0.7124 -0.1571 -0.6839
vn -0.7429 -0.1605 -0.6498
vn -0.7184 -0.2333 -0.6554
vn -0.6927 -0.2233 -0.6858
vn -0.6038 -0.2036 -0.7707
vn -0.5721 -0.2960 -0.7649
vn -0.6864 -0.3844 -0.6173
vn -0.6567 -0.3720 -0.6560
vn -0.5362 -0.4726 -0.6993
vn -0.6503 -0.1508 -0.7446
vn -0.7276 -0.1387 -0.6718
vn -0.6335 -0.1686 -0.7551
vn -0.7618 -0.1374 -0.6330
vn -0.6277 -0.1711 -0.7594
vn -0.4231 -0.2013 -0.8834
vn -0.4036 -0.2438 -0.8818
vn -0.3745 -0.3539 -0.8570
vn -0.3417 -0.5508 -0.7614
vn -0.3085 -0.7784 -0.5466
vn -0.4944 -0.6955 -0.5213
vn -0.6381 -0.5995 -0.4830
vn -0.5791 -0.6123 -0.5383
vn -0.5545 -0.4120 -0.7230
vn -0.4223 -0.6967 -0.5799
vn -0.6100 -0.2400 -0.7552
vn -0.9996 -0.0016 -0.0265
vn -0.9714 -0.0164 0.2370
vn -0.9789 -0.0031 0.2041
vn -0.9991 0.0004 -0.0417
vn -0.8727 -0.0363 0.4868
vn -0.8932 -0.0108 0.4495
vn -0.9809 0.0038 0.1943
vn -0.9992 -0.0003 -0.0383
vn -0.9006 0.0053 0.4345
vn -0.9921 0.0065 -0.1253
vn -0.9998 -0.0071 0.0177
vn -0.9874 0.0034 -0.1583
vn -0.9535 -0.0379 0.2988
vn -0.8334 -0.0729 0.5478
vn -0.7180 -0.1056 0.6879
vn -0.7660 -0.0579 0.6402
vn -0.7932 -0.0216 0.6085
vn -0.8044 0.0030 0.5940
vn -0.8060 0.0161 0.5916
vn -0.9008 0.0131 0.4339
vn -0.9801 0.0061 0.1984
vn -0.9997 -0.0024 -0.0237
vn -0.9902 -0.0041 -0.1393
vn -0.9940 -0.0079 -0.1089
vn -0.9875 -0.0001 -0.1572
vn -0.4630 -0.8397 -0.2836
vn -0.5817 -0.7747 -0.2478
vn -0.5718 -0.8199 0.0286
vn -0.4232 -0.9036 0.0657
vn -0.4563 -0.8516 -0.2578
vn -0.4540 -0.8908 0.0170
vn -0.6313 -0.7197 0.2889
vn -0.5546 -0.7363 0.3877
vn -0.5002 -0.8172 0.2861
vn -0.2528 -0.9280 -0.2736
vn -0.2858 -0.9218 -0.2619
vn -0.2952 -0.9553 0.0148
vn -0.3463 -0.8924 0.2892
vn -0.4277 -0.7171 0.5502
vn -0.5718 -0.6322 0.5228
vn -0.7124 -0.5125 0.4794
vn -0.7078 -0.4516 0.5432
vn -0.4023 -0.7826 0.4749
vn -0.6731 -0.3252 0.6641
vn -0.2029 -0.9732 0.1084
vn -0.1912 0.7176 -0.6696
vn -0.0718 0.7580 -0.6482
vn -0.0094 0.9191 -0.3939
vn -0.1371 0.8867 -0.4415
vn -0.4357 0.3091 -0.8453
vn -0.4188 0.3684 -0.8300
vn -0.2575 0.3233 -0.9106
vn -0.3867 0.4866 -0.7834
vn -0.3398 0.6631 -0.6669
vn -0.1492 0.3144 -0.9375
vn 0.1080 0.9314 -0.3476
vn 0.0309 0.7836 -0.6205
vn -0.0453 0.5745 -0.8173
vn -0.0869 0.4021 -0.9115
vn -0.0961 0.3028 -0.9482
vn -0.0773 -0.9619 0.2623
vn -0.2154 -0.9363 0.2772
vn -0.1587 -0.9872 0.0144
vn -0.0162 -0.9997 0.0161
vn -0.9863 -0.0063 0.1650
vn -0.9344 0.0066 0.3562
vn -0.8868 0.0447 0.4599
vn -0.9349 -0.0055 0.3549
vn -0.8236 0.0251 0.5666
vn -0.7735 0.1020 0.6256
vn -0.8198 0.1891 0.5405
vn -0.7895 0.1012 0.6054
vn -0.7031 0.2989 0.6452
vn -0.9998 -0.0054 0.0209
vn -0.9972 0.0015 0.0742
vn -0.9890 -0.0234 0.1461
vn -0.9578 0.0037 0.2873
vn -0.8575 0.0087 0.5144
vn -0.7538 0.0227 0.6566
vn -0.7137 0.0515 0.6985
vn -0.6515 0.1569 0.7422
vn -0.5513 0.3924 0.7362
vn -0.6563 -0.0017 0.7544
vn -0.9027 -0.0519 0.4271
vn -0.4143 -0.0696 -0.9075
vn -0.8325 -0.0359 -0.5529
vn -0.9540 -0.1762 0.2425
vn -0.7716 -0.2457 -0.5867
vn -0.9991 -0.0374 0.0207
vn -0.8479 -0.1071 0.5193
vn -0.4501 -0.1953 0.8713
vn -0.6515 -0.3498 0.6731
vn -0.4820 -0.1113 0.8690
vn -0.1246 -0.1471 -0.9812
vn -0.3393 -0.0826 -0.9370
vn -0.1829 -0.1536 -0.9710
vn -0.7465 -0.0315 -0.6646
vn -0.9852 -0.0092 -0.1711
vn -0.2954 -0.0128 0.9553
vn -0.1839 -0.1481 0.9717
vn -0.2527 -0.2416 0.9369
vn -0.7289 -0.6502 -0.2142
vn -0.5003 -0.4614 0.7326
vn -0.3637 -0.3018 -0.8813
vn -0.0609 0.0174 -0.9980
vn -0.3477 0.0163 -0.9375
vn -0.3229 -0.0151 -0.9463
vn -0.0355 -0.0167 -0.9992
vn -0.8468 0.0146 -0.5316
vn -0.8358 -0.0032 -0.5489
vn -0.3341 -0.0423 -0.9416
vn -0.0238 -0.0460 -0.9986
vn -0.8455 -0.0197 -0.5336
vn -0.0370 0.0815 -0.9960
vn -0.1183 0.0653 -0.9908
vn 0.0028 0.0260 -0.9996
vn -0.4263 0.0555 -0.9029
vn -0.8866 0.0330 -0.4613
vn -0.8791 -0.0336 -0.4754
vn -0.3837 -0.0685 -0.9209
vn -0.0367 -0.0863 -0.9956
vn 0.0443 -0.0364 -0.9984
vn 0.0639 -0.0959 -0.9933
vn 0.0245 -0.0090 -0.9996
vn -0.0926 0.2319 -0.9683
vn -0.1086 0.2821 -0.9532
vn -0.1731 0.4830 -0.8583
vn -0.2055 0.4302 -0.8791
vn -0.1749 0.3156 -0.9326
vn -0.1964 0.5112 -0.8367
vn -0.2380 0.6691 -0.7040
vn -0.3479 0.6486 -0.6770
vn -0.2126 0.6772 -0.7044
vn -0.0299 0.1098 -0.9935
vn -0.1248 0.1802 -0.9757
vn -0.0658 0.1464 -0.9870
vn -0.1540 0.1781 -0.9719
vn -0.2142 0.1923 -0.9576
vn -0.2207 0.3189 -0.9217
vn -0.2238 0.4898 -0.8426
vn -0.2200 0.6534 -0.7243
vn -0.2142 0.7399 -0.6377
vn -0.2220 0.7421 -0.6324
vn -0.2709 0.7451 -0.6093
vn -0.4511 0.7537 -0.4780
vn -0.6314 0.6055 -0.4844
vn -0.7851 0.5094 0.3523
vn -0.3179 0.3627 -0.8760
vn -0.1427 -0.9579 -0.2492
vn -0.0051 -0.9736 -0.2282
vn -0.1910 -0.8295 0.5249
vn -0.3096 -0.7808 0.5426
vn -0.0640 -0.8520 0.5196
vn 0.0816 -0.9631 0.2564
vn -0.1595 -0.8294 -0.5354
vn -0.0363 -0.8619 -0.5057
vn -0.4900 -0.3520 0.7975
vn -0.4125 -0.4079 0.8145
vn -0.4761 -0.2701 0.8368
vn -0.5587 -0.2251 0.7982
vn 0.1495 -0.9666 -0.2079
vn 0.0858 -0.8746 -0.4771
vn 0.1509 -0.9883 0.0213
vn -0.3464 -0.2784 0.8958
vn -0.2864 -0.4344 0.8540
vn -0.2103 -0.4255 0.8802
vn -0.2633 -0.2590 0.9293
vn -0.1490 -0.6542 0.7415
vn -0.0712 -0.6606 0.7473
vn -0.1150 -0.4133 0.9033
vn -0.1486 -0.2380 0.9598
vn -0.0212 -0.6639 0.7475
vn -0.4439 -0.1941 0.8748
vn -0.4098 -0.2866 0.8659
vn -0.3707 -0.1887 0.9094
vn -0.3486 -0.4335 0.8310
vn -0.2332 -0.6422 0.7302
vn 0.0634 -0.8543 0.5159
vn 0.1510 -0.8532 0.4992
vn 0.1351 -0.8672 0.4792
vn -0.1558 -0.1614 0.9745
vn -0.2785 -0.1755 0.9442
vn 0.1494 0.9500 0.2740
vn 0.1556 0.9561 0.2483
vn 0.2189 0.9724 0.0810
vn 0.2106 0.9727 0.0966
vn 0.1044 0.9695 0.2217
vn 0.1481 0.9873 0.0575
vn 0.2523 0.9646 -0.0768
vn 0.2317 0.9696 -0.0782
vn 0.1760 0.9802 -0.0904
vn -0.0099 0.8478 0.5302
vn 0.0434 0.8610 0.5066
vn 0.0994 0.9526 0.2874
vn 0.0652 0.8755 0.4789
vn 0.0490 0.8892 0.4549
vn 0.1715 0.9435 -0.2833
vn 0.2370 0.9276 -0.2886
vn 0.2021 0.9284 -0.3117
vn 0.1488 0.9837 -0.1007
vn 0.1469 0.9847 0.0930
vn -0.3523 0.1247 0.9275
vn -0.3805 0.0880 0.9206
vn -0.2721 0.1129 0.9556
vn -0.2455 0.1543 0.9570
vn -0.4009 0.0472 0.9149
vn -0.2927 0.0619 0.9542
vn -0.1458 0.1345 0.9801
vn -0.1286 0.1784 0.9755
vn -0.1597 0.0755 0.9843
vn -0.4204 0.1323 0.8976
vn -0.4529 0.0969 0.8863
vn -0.3191 0.1637 0.9335
vn -0.4773 0.0671 0.8762
vn -0.4933 0.0366 0.8691
vn -0.4998 0.0057 0.8661
vn -0.4106 0.0043 0.9118
vn -0.3033 0.0055 0.9528
vn -0.1672 0.0078 0.9859
vn -0.1110 0.2151 0.9702
vn -0.2165 0.1930 0.9570
vn 0.2807 -0.9356 0.2139
vn 0.3415 -0.9110 0.2312
vn 0.4225 -0.9059 0.0273
vn 0.3468 -0.9376 0.0248
vn 0.2427 -0.9375 0.2492
vn 0.3211 -0.9467 0.0265
vn 0.4014 -0.9013 -0.1625
vn 0.3272 -0.9330 -0.1501
vn 0.3071 -0.9334 -0.1856
vn 0.2084 -0.8698 -0.4472
vn 0.2841 -0.8650 -0.4134
vn 0.2288 -0.8913 -0.3913
vn -0.4090 -0.5492 0.7288
vn -0.3182 -0.6103 0.7254
vn -0.6529 -0.1751 0.7369
vn -0.6184 -0.1448 0.7723
vn -0.5818 -0.2905 0.7596
vn -0.5091 -0.4789 0.7151
vn -0.5227 -0.1806 0.8331
vn -0.1072 0.9530 0.2833
vn 0.0151 0.9575 0.2878
vn 0.0507 0.9965 0.0667
vn -0.0698 0.9971 0.0297
vn 0.0366 0.9887 -0.1449
vn -0.0894 0.9761 -0.1979
vn -0.0998 0.8264 0.5542
vn -0.2350 0.7830 0.5759
vn -0.6953 0.0355 0.7178
vn -0.5816 0.0505 0.8119
vn -0.5623 0.0696 0.8239
vn -0.6791 0.0421 0.7328
vn -0.7040 0.0268 0.7097
vn -0.5926 0.0311 0.8049
vn -0.5961 0.0106 0.8028
vn -0.7068 0.0154 0.7072
vn -0.7792 0.0230 0.6263
vn -0.6521 0.0520 0.7563
vn -0.7942 0.0240 0.6071
vn -0.8025 0.0218 0.5962
vn -0.5329 0.0945 0.8408
vn -0.5319 0.2330 0.8141
vn -0.4031 0.3213 0.8569
vn -0.2663 0.5753 0.7733
vn -0.4041 0.4874 0.7740
vn -0.6437 0.4722 -0.6022
vn -0.6660 0.4868 -0.5652
vn -0.7264 0.3276 -0.6041
vn -0.7191 0.3070 -0.6233
vn -0.5230 0.5809 -0.6238
vn -0.5800 0.4125 -0.7024
vn -0.7650 0.2402 -0.5975
vn -0.7560 0.2283 -0.6134
vn -0.6218 0.3085 -0.7198
vn -0.5324 0.5373 -0.6541
vn -0.6477 0.2606 -0.7159
vn -0.7877 0.2051 -0.5809
vn -0.7746 0.2028 -0.5990
vn -0.6972 0.2454 -0.6736
vn -0.7172 0.2203 -0.6611
vn -0.6499 0.3351 -0.6821
vn -1.0000 -0.0038 -0.0050
vn -0.9779 0.0061 0.2089
vn -0.9744 0.0061 0.2247
vn -0.9999 -0.0028 0.0152
vn -0.8974 0.0155 0.4408
vn -0.8906 0.0154 0.4545
vn -0.9686 0.0056 0.2485
vn -0.9992 0.0000 0.0385
vn -0.8785 0.0124 0.4776
vn -0.9971 -0.0095 -0.0752
vn -0.9998 -0.0056 -0.0181
vn -0.9989 -0.0084 -0.0453
vn -0.0978 -0.1206 -0.9879
vn -0.4822 -0.0865 -0.8718
vn -0.6051 -0.0832 -0.7918
vn -0.1888 -0.1275 -0.9737
vn -0.9262 -0.0366 -0.3751
vn -0.9590 -0.0290 -0.2818
vn -0.6962 -0.0615 -0.7152
vn -0.2750 -0.1135 -0.9547
vn -0.9753 -0.0177 -0.2200
vn 0.0205 -0.1544 -0.9878
vn -0.0810 -0.1626 -0.9833
vn -0.0325 -0.1667 -0.9854
vn -0.0912 0.6621 0.7438
vn -0.2042 0.4227 0.8829
vn -0.1270 0.4509 0.8835
vn -0.0404 0.6861 0.7264
vn -0.2753 0.2484 0.9287
vn -0.1816 0.2766 0.9437
vn -0.0603 0.4687 0.8813
vn -0.0117 0.7022 0.7119
vn -0.0908 0.2957 0.9509
vn -0.1624 0.6307 0.7588
vn -0.2922 0.3845 0.8756
vn -0.3728 0.2134 0.9030
vn -0.6075 0.0989 0.7881
vn -0.4856 0.1626 0.8589
vn -0.6910 -0.0387 0.7218
vn -0.5799 -0.0597 0.8125
vn -0.5924 -0.0176 0.8054
vn -0.7038 -0.0046 0.7104
vn -0.8286 -0.1948 0.5248
vn -0.7849 -0.2906 0.5471
vn -0.8578 -0.1458 0.4928
vn -0.9511 -0.0584 0.3033
vn -0.6407 -0.4017 0.6542
vn -0.7077 -0.2304 0.6679
vn -0.9175 -0.0738 0.3909
vn -0.9922 -0.0182 0.1227
vn -0.7752 -0.1302 0.6181
vn -0.7786 -0.1274 0.6144
vn -0.9999 0.0078 0.0063
vn -0.9614 -0.0165 0.2745
vn -0.9070 0.3476 0.2374
vn -0.7342 0.0664 0.6757
vn -0.9661 0.1658 -0.1977
vn -0.6069 0.2947 -0.7381
vn -0.6844 -0.0514 0.7273
vn -0.9633 0.0305 0.2665
vn -0.6148 0.1098 -0.7809
vn -0.2534 0.1420 -0.9568
vn -0.9698 0.0504 -0.2385
vn -0.5552 0.1243 0.8224
vn -0.4289 -0.0432 0.9023
vn -0.5029 -0.1693 0.8476
vn -0.7830 0.1888 -0.5927
vn -0.7970 0.1849 -0.5750
vn -0.7971 0.1516 -0.5845
vn -0.7843 0.1579 -0.5999
vn -0.6565 0.2305 -0.7182
vn -0.6532 0.1857 -0.7340
vn -0.7926 0.0978 -0.6019
vn -0.7810 0.1039 -0.6158
vn -0.6449 0.1175 -0.7552
vn -0.7252 0.2087 -0.6561
vn -0.4365 0.2694 -0.8584
vn -0.4265 0.2138 -0.8788
vn -0.4141 0.1333 -0.9004
vn -0.4076 0.0309 -0.9126
vn -0.6384 0.0276 -0.7692
vn -0.7871 0.0244 -0.6163
vn -0.7745 0.0287 -0.6319
vn -0.7217 0.1184 -0.6820
vn -0.7127 0.0348 -0.7006
vn -0.7260 0.1770 -0.6644
vn -0.4093 -0.0399 0.9115
vn -0.3995 -0.0859 0.9127
vn -0.2957 -0.0945 0.9506
vn -0.3033 -0.0482 0.9517
vn -0.3856 -0.1338 0.9129
vn -0.2863 -0.1339 0.9487
vn -0.1635 -0.1007 0.9814
vn -0.1677 -0.0542 0.9843
vn -0.1585 -0.1324 0.9784
vn -0.4969 -0.0301 0.8673
vn -0.4854 -0.0755 0.8710
vn -0.4673 -0.1297 0.8745
vn -0.6635 -0.0861 0.7432
vn -0.5570 -0.1145 0.8226
vn -0.2354 -0.1341 -0.9626
vn -0.1259 -0.1168 -0.9851
vn -0.1445 -0.1645 -0.9757
vn -0.2497 -0.1799 -0.9514
vn -0.2205 -0.0632 -0.9733
vn -0.1093 -0.0508 -0.9927
vn -0.2135 0.0326 -0.9764
vn -0.1018 0.0338 -0.9942
vn -0.4277 -0.1786 -0.8860
vn -0.2547 -0.2105 -0.9438
vn -0.4209 -0.1373 -0.8966
vn -0.4114 -0.0673 -0.9090
vn -0.1574 -0.2037 -0.9663
vn -0.0551 0.0344 -0.9979
vn -0.0613 -0.0398 -0.9973
vn -0.0769 -0.0996 -0.9920
vn -0.0970 -0.1462 -0.9845
vn -0.1153 -0.1901 -0.9749
vn -0.2333 0.2145 -0.9484
vn -0.1210 0.1979 -0.9727
vn -0.1068 0.1222 -0.9867
vn -0.2190 0.1327 -0.9666
vn -0.7647 -0.0462 -0.6427
vn -0.7828 -0.0475 -0.6204
vn -0.7791 -0.0979 -0.6191
vn -0.7537 -0.0995 -0.6496
vn -0.6377 -0.0593 -0.7680
vn -0.6399 -0.1201 -0.7590
vn -0.7733 -0.1257 -0.6214
vn -0.7415 -0.1286 -0.6584
vn -0.6388 -0.1545 -0.7537
vn -0.6991 -0.0490 -0.7133
vn -0.6668 -0.1403 -0.7319
vn -0.6832 -0.1081 -0.7221
vn -0.2488 0.2752 -0.9286
vn -0.1376 0.2591 -0.9560
vn -0.0878 0.2422 -0.9662
vn -0.0733 0.1816 -0.9806
vn -0.0603 0.1121 -0.9919
vn -0.2456 -0.2659 -0.9322
vn -0.1571 -0.2748 -0.9485
vn -0.1364 -0.4234 -0.8956
vn -0.2235 -0.3940 -0.8915
vn -0.0397 -0.2375 -0.9705
vn -0.0096 -0.4512 -0.8924
vn -0.0310 -0.4514 -0.8918
vn -0.0737 -0.2508 -0.9652
vn 0.0897 -0.7219 -0.6861
vn 0.1054 -0.7058 -0.7005
vn -0.0614 -0.4480 -0.8919
vn -0.0999 -0.2644 -0.9592
vn 0.0561 -0.6913 -0.7203
vn -0.0331 -0.1414 -0.9894
vn -0.0146 -0.6749 -0.7378
vn -0.0926 -0.4403 -0.8931
vn -0.1206 -0.2734 -0.9543
vn -0.0913 -0.1738 -0.9805
vn -0.0641 -0.1560 -0.9857
vn -0.0381 0.1050 -0.9937
vn -0.0492 0.1707 -0.9841
vn -0.0283 0.1626 -0.9863
vn -0.0201 0.0993 -0.9948
vn -0.0601 0.2315 -0.9710
vn -0.0352 0.2242 -0.9739
vn -0.0117 0.1577 -0.9874
vn -0.0073 0.0956 -0.9954
vn -0.0147 0.2204 -0.9753
vn -0.0329 0.0341 -0.9989
vn -0.0629 0.2969 -0.9528
vn -0.0335 0.2950 -0.9549
vn -0.0119 0.2958 -0.9552
vn -0.0047 0.0324 -0.9995
vn -0.0157 0.0333 -0.9993
vn -0.0698 -0.1302 -0.9890
vn -0.0503 -0.0869 -0.9949
vn -0.0277 -0.0769 -0.9966
vn -0.0438 -0.1155 -0.9923
vn -0.0371 -0.0327 -0.9987
vn -0.0181 -0.0278 -0.9994
vn -0.0108 -0.0704 -0.9974
vn -0.0201 -0.1050 -0.9942
vn -0.0057 -0.0250 -0.9997
vn 0.1230 0.8328 -0.5397
vn 0.0548 0.6313 -0.7736
vn 0.0597 0.6117 -0.7888
vn 0.1606 0.8131 -0.5594
vn 0.0070 0.4261 -0.9046
vn -0.0084 0.4159 -0.9093
vn 0.0182 0.5918 -0.8059
vn 0.1173 0.7988 -0.5901
vn -0.0433 0.4068 -0.9125
vn -0.0911 -0.6480 -0.7561
vn -0.1921 -0.6057 -0.7721
vn -0.4026 -0.6934 -0.5976
vn -0.2737 -0.7557 -0.5950
vn -0.1828 -0.5668 -0.8033
vn -0.2203 -0.4346 -0.8733
vn -0.2348 -0.8052 -0.5445
vn -0.1970 -0.6593 -0.7255
vn -0.1049 -0.3894 -0.9150
vn -0.1060 -0.2701 -0.9570
vn -0.1574 -0.4848 -0.8603
vn -0.5340 -0.8221 -0.1974
vn -0.3228 -0.8327 -0.4499
vn -0.2564 -0.8555 -0.4498
vn -0.2388 -0.8697 -0.4319
vn -0.2311 -0.7972 -0.5577
vn -0.2135 -0.6439 -0.7347
vn -0.1928 -0.4997 -0.8445
vn -0.1757 -0.4100 -0.8950
vn -0.1268 -0.3798 -0.9163
vn -0.0604 -0.3060 -0.9501
vn -0.0540 -0.2237 -0.9731
vn 0.0464 -0.0023 -0.9989
vn 0.0101 0.0711 -0.9974
vn -0.0199 0.0602 -0.9980
vn 0.0224 0.0136 -0.9996
vn -0.1057 0.1472 -0.9834
vn -0.1273 0.1135 -0.9853
vn -0.0411 0.0811 -0.9958
vn 0.0015 0.0463 -0.9989
vn -0.1406 0.1184 -0.9829
vn 0.0792 0.0050 -0.9968
vn 0.0508 0.1051 -0.9931
vn -0.0221 0.2346 -0.9718
vn -0.1624 0.2223 -0.9614
vn -0.1967 0.1539 -0.9683
vn -0.2033 0.1299 -0.9704
vn -0.2087 0.1355 -0.9685
vn -0.0210 -0.2183 -0.9756
vn -0.0330 -0.2837 -0.9583
vn -0.0058 -0.2841 -0.9587
vn 0.0114 -0.2153 -0.9765
vn -0.1075 -0.3514 -0.9300
vn -0.0866 -0.3650 -0.9269
vn 0.0299 -0.2995 -0.9536
vn 0.0487 -0.2073 -0.9771
vn -0.0493 -0.4118 -0.9099
vn -0.1628 -0.3823 -0.9096
vn -0.1493 -0.3949 -0.9065
vn -0.1306 -0.4295 -0.8936
vn -0.0634 -0.5129 -0.8561
vn 0.0484 -0.4820 -0.8748
vn 0.0735 -0.3272 -0.9421
vn 0.0894 -0.2072 -0.9742
vn 0.1072 0.0153 -0.9941
vn 0.1147 0.1209 -0.9860
vn 0.0965 0.1014 -0.9901
vn 0.1057 0.0222 -0.9941
vn 0.0753 0.2216 -0.9722
vn 0.0854 0.1259 -0.9883
vn 0.1019 0.0267 -0.9944
vn 0.1021 -0.0886 -0.9908
vn 0.1256 0.0465 -0.9910
vn 0.1045 -0.0795 -0.9913
vn 0.1196 0.1977 -0.9729
vn 0.1129 -0.0810 -0.9903
vn 0.0093 0.3367 -0.9416
vn 0.1142 -0.0898 -0.9894
vn 0.1140 -0.2149 -0.9699
vn 0.1076 -0.3367 -0.9354
vn 0.1140 -0.3005 -0.9469
vn 0.1157 -0.1982 -0.9733
vn 0.1416 -0.4453 -0.8841
vn 0.1483 -0.3207 -0.9355
vn 0.1116 -0.1853 -0.9763
vn 0.1210 -0.5765 -0.8081
vn 0.2045 -0.4205 -0.8839
vn 0.1496 -0.2453 -0.9578
usemtl BowtieMat
s 1
f 527/1/1 528/2/2 531/3/3 530/4/4
f 528/2/2 529/5/5 532/6/6 531/3/3
f 530/4/4 531/3/3 534/7/7 533/8/8
f 531/3/3 532/6/6 535/9/9 534/7/7
f 1163/10/10 80/11/11 527/1/1 101/12/12
f 80/11/11 1173/13/13 528/2/2 527/1/1
f 1173/13/13 79/14/14 529/5/5 528/2/2
f 79/14/14 1164/15/15 109/16/16 529/5/5
f 529/5/5 109/16/16 108/17/17 532/6/6
f 532/6/6 108/17/17 107/18/18 535/9/9
f 535/9/9 107/18/18 10/19/19 121/20/20
f 534/7/7 535/9/9 121/20/20 122/21/21
f 533/8/8 534/7/7 122/21/21 123/22/22
f 103/23/23 533/8/8 123/22/22 7/24/24
f 102/25/25 530/4/4 533/8/8 103/23/23
f 101/12/12 527/1/1 530/4/4 102/25/25
f 536/26/26 537/27/27 540/28/28 539/29/29
f 537/27/27 538/30/30 541/31/31 540/28/28
f 539/29/29 540/28/28 543/32/32 542/33/33
f 540/28/28 541/31/31 544/34/34 543/32/32
f 1167/35/35 81/36/36 536/26/26 238/37/37
f 81/36/36 82/38/38 537/27/27 536/26/26
f 82/38/38 83/39/39 538/30/30 537/27/27
f 83/39/39 1/40/40 90/41/41 538/30/30
f 538/30/30 90/41/41 89/42/42 541/31/31
f 541/31/31 89/42/42 88/43/43 544/34/34
f 544/34/34 88/43/43 8/44/44 129/45/45
f 543/32/32 544/34/34 129/45/45 128/46/46
f 542/33/33 543/32/32 128/46/46 127/47/47
f 240/48/48 542/33/33 127/47/47 24/49/49
f 239/50/50 539/29/29 542/33/33 240/48/48
f 238/37/37 536/26/26 539/29/29 239/50/50
f 545/51/51 546/52/52 549/53/53 548/54/54
f 546/52/52 547/55/55 550/56/56 549/53/53
f 548/54/54 549/53/53 552/57/57 551/58/58
f 549/53/53 550/56/56 553/59/59 552/57/57
f 22/60/60 226/61/61 545/51/51 241/62/62
f 226/61/61 227/63/63 546/52/52 545/51/51
f 227/63/63 228/64/64 547/55/55 546/52/52
f 228/64/64 4/65/65 100/66/66 547/55/55
f 547/55/55 100/66/66 99/67/67 550/56/56
f 550/56/56 99/67/67 98/68/68 553/59/59
f 553/59/59 98/68/68 11/69/69 231/70/70
f 552/57/57 553/59/59 231/70/70 230/71/71
f 551/58/58 552/57/57 230/71/71 229/72/72
f 243/73/73 551/58/58 229/72/72 25/74/74
f 242/75/75 548/54/54 551/58/58 243/73/73
f 241/62/62 545/51/51 548/54/54 242/75/75
f 554/76/76 555/77/77 558/78/78 557/79/79
f 555/77/77 556/80/80 559/81/81 558/78/78
f 557/79/79 558/78/78 561/82/82 560/83/83
f 558/78/78 559/81/81 562/84/84 561/82/82
f 1/85/40 1174/86/85 554/76/76 90/87/41
f 1174/86/85 87/88/86 555/77/77 554/76/76
f 87/88/86 1175/89/87 556/80/80 555/77/77
f 1175/89/87 2/90/88 91/91/89 556/80/80
f 556/80/80 91/91/89 92/92/90 559/81/81
f 559/81/81 92/92/90 93/93/91 562/84/84
f 562/84/84 93/93/91 9/94/92 144/95/93
f 561/82/82 562/84/84 144/95/93 143/96/94
f 560/83/83 561/82/82 143/96/94 142/97/95
f 88/98/43 560/83/83 142/97/95 8/99/44
f 89/100/42 557/79/79 560/83/83 88/98/43
f 90/87/41 554/76/76 557/79/79 89/100/42
f 565/101/96 566/102/97 568/103/98 567/104/99
f 277/105/100 278/106/101 564/107/102 563/108/103
f 19/109/104 277/105/100 563/108/103 154/110/105
f 567/104/99 568/103/98 171/111/106 172/112/107
f 278/106/101 29/113/108 290/114/109 564/107/102
f 564/107/102 290/114/109 289/115/110 566/102/97
f 566/102/97 289/115/110 288/116/111 568/103/98
f 568/103/98 288/116/111 15/117/112 171/111/106
f 603/118/113 606/119/114 605/120/115 602/121/116
f 156/122/117 567/104/99 172/112/107 10/123/19
f 155/124/118 565/101/96 567/104/99 156/122/117
f 154/110/105 563/108/103 565/101/96 155/124/118
f 569/125/119 570/126/120 573/127/121 572/128/122
f 570/126/120 571/129/123 574/130/124 573/127/121
f 572/128/122 573/127/121 576/131/125 575/132/126
f 573/127/121 574/130/124 577/133/127 576/131/125
f 17/134/128 95/135/129 569/125/119 212/136/130
f 95/135/129 96/137/131 570/126/120 569/125/119
f 96/137/131 97/138/132 571/129/123 570/126/120
f 97/138/132 1163/10/10 101/12/12 571/129/123
f 571/129/123 101/12/12 102/25/25 574/130/124
f 574/130/124 102/25/25 103/23/23 577/133/127
f 577/133/127 103/23/23 7/24/24 159/139/133
f 576/131/125 577/133/127 159/139/133 158/140/134
f 575/132/126 576/131/125 158/140/134 157/141/135
f 214/142/136 575/132/126 157/141/135 20/143/137
f 213/144/138 572/128/122 575/132/126 214/142/136
f 212/136/130 569/125/119 572/128/122 213/144/138
f 578/145/139 579/146/140 582/147/141 581/148/142
f 579/146/140 580/149/143 583/150/144 582/147/141
f 581/148/142 582/147/141 585/151/145 584/152/146
f 582/147/141 583/150/144 586/153/147 585/151/145
f 18/154/148 110/155/149 578/145/139 215/156/150
f 110/155/149 111/157/151 579/146/140 578/145/139
f 111/157/151 112/158/152 580/149/143 579/146/140
f 112/158/152 1165/159/153 113/160/154 580/149/143
f 580/149/143 113/160/154 1179/161/155 583/150/144
f 583/150/144 1179/161/155 1178/162/156 586/153/147
f 586/153/147 1178/162/156 1163/10/10 97/138/132
f 585/151/145 586/153/147 97/138/132 96/137/131
f 584/152/146 585/151/145 96/137/131 95/135/129
f 217/163/157 584/152/146 95/135/129 17/134/128
f 216/164/158 581/148/142 584/152/146 217/163/157
f 215/156/150 578/145/139 581/148/142 216/164/158
f 587/165/159 588/166/160 591/167/161 590/168/162
f 588/166/160 589/169/163 592/170/164 591/167/161
f 590/168/162 591/167/161 594/171/165 593/172/166
f 591/167/161 592/170/164 595/173/167 594/171/165
f 23/174/168 313/175/169 587/165/159 244/176/170
f 313/175/169 314/177/171 588/166/160 587/165/159
f 314/177/171 315/178/172 589/169/163 588/166/160
f 315/178/172 5/179/173 116/180/174 589/169/163
f 589/169/163 116/180/174 115/181/175 592/170/164
f 592/170/164 115/181/175 114/182/176 595/173/167
f 595/173/167 114/182/176 4/65/65 228/64/64
f 594/171/165 595/173/167 228/64/64 227/63/63
f 593/172/166 594/171/165 227/63/63 226/61/61
f 246/183/177 593/172/166 226/61/61 22/60/60
f 245/184/178 590/168/162 593/172/166 246/183/177
f 244/176/170 587/165/159 590/168/162 245/184/178
f 598/185/179 601/186/180 600/187/181 597/188/182
f 300/189/183 601/186/180 598/185/179 301/190/184
f 23/174/168 117/191/185 596/192/186 303/193/187
f 117/191/185 118/194/188 597/188/182 596/192/186
f 118/194/188 119/195/189 598/185/179 597/188/182
f 119/195/189 6/196/190 301/190/184 598/185/179
f 303/193/187 596/192/186 599/197/191 302/198/192
f 601/186/180 300/189/183 1170/199/193 296/200/194
f 600/187/181 601/186/180 296/200/194 295/201/195
f 599/197/191 600/187/181 295/201/195 1184/202/196
f 302/198/192 599/197/191 1184/202/196 1169/203/197
f 810/204/198 813/205/199 812/206/200 809/207/201
f 604/208/202 607/209/203 606/119/114 603/118/113
f 165/210/204 166/211/205 607/209/203 604/208/202
f 14/212/206 178/213/207 602/121/116 169/214/208
f 178/213/207 177/215/209 603/118/113 602/121/116
f 177/215/209 176/216/210 604/208/202 603/118/113
f 176/216/210 12/217/211 165/210/204 604/208/202
f 169/214/208 602/121/116 605/120/115 170/218/212
f 607/209/203 166/211/205 8/99/44 142/97/95
f 606/119/114 607/209/203 142/97/95 143/96/94
f 605/120/115 606/119/114 143/96/94 144/95/93
f 170/218/212 605/120/115 144/95/93 9/94/92
f 644/219/213 645/220/214 647/221/215 646/222/216
f 608/223/217 609/224/218 612/225/219 611/226/220
f 609/224/218 610/227/221 613/228/222 612/225/219
f 611/226/220 612/225/219 615/229/223 614/230/224
f 612/225/219 613/228/222 616/231/225 615/229/223
f 26/232/226 249/233/227 608/223/217 179/234/228
f 249/233/227 248/235/229 609/224/218 608/223/217
f 248/235/229 247/236/230 610/227/221 609/224/218
f 247/236/230 69/237/231 145/238/232 610/227/221
f 610/227/221 145/238/232 146/239/233 613/228/222
f 613/228/222 146/239/233 147/240/234 616/231/225
f 616/231/225 147/240/234 65/241/235 138/242/236
f 615/229/223 616/231/225 138/242/236 137/243/237
f 614/230/224 615/229/223 137/243/237 136/244/238
f 181/245/239 614/230/224 136/244/238 14/212/206
f 180/246/240 611/226/220 614/230/224 181/245/239
f 179/234/228 608/223/217 611/226/220 180/246/240
f 617/247/241 618/248/242 621/249/243 620/250/244
f 618/248/242 619/251/245 622/252/246 621/249/243
f 620/250/244 621/249/243 624/253/247 623/254/248
f 621/249/243 622/252/246 625/255/249 624/253/247
f 13/256/250 184/257/251 617/247/241 133/258/252
f 184/257/251 183/259/253 618/248/242 617/247/241
f 183/259/253 182/260/254 619/251/245 618/248/242
f 182/260/254 15/261/112 139/262/255 619/251/245
f 619/251/245 139/262/255 140/263/256 622/252/246
f 622/252/246 140/263/256 141/264/257 625/255/249
f 625/255/249 141/264/257 62/265/258 151/266/259
f 624/253/247 625/255/249 151/266/259 152/267/260
f 623/254/248 624/253/247 152/267/260 153/268/261
f 135/269/262 623/254/248 153/268/261 64/270/263
f 134/271/264 620/250/244 623/254/248 135/269/262
f 133/258/252 617/247/241 620/250/244 134/271/264
f 626/272/265 627/273/266 630/274/267 629/275/268
f 627/273/266 628/276/269 631/277/270 630/274/267
f 629/275/268 630/274/267 633/278/271 632/279/272
f 630/274/267 631/277/270 634/280/273 633/278/271
f 21/281/274 220/282/275 626/272/265 188/283/276
f 220/282/275 219/284/277 627/273/266 626/272/265
f 219/284/277 218/285/278 628/276/269 627/273/266
f 218/285/278 68/286/279 203/287/280 628/276/269
f 628/276/269 203/287/280 204/288/281 631/277/270
f 631/277/270 204/288/281 205/289/282 634/280/273
f 634/280/273 205/289/282 67/290/283 175/291/284
f 633/278/271 634/280/273 175/291/284 174/292/285
f 632/279/272 633/278/271 174/292/285 173/293/286
f 190/294/287 632/279/272 173/293/286 16/295/288
f 189/296/289 629/275/268 632/279/272 190/294/287
f 188/283/276 626/272/265 629/275/268 189/296/289
f 635/297/290 636/298/291 639/299/292 638/300/293
f 636/298/291 637/301/294 640/302/295 639/299/292
f 638/300/293 639/299/292 642/303/296 641/304/297
f 639/299/292 640/302/295 643/305/298 642/303/296
f 65/241/235 150/306/299 635/297/290 138/242/236
f 150/306/299 149/307/300 636/298/291 635/297/290
f 149/307/300 148/308/301 637/301/294 636/298/291
f 148/308/301 63/309/302 126/310/303 637/301/294
f 637/301/294 126/310/303 125/311/304 640/302/295
f 640/302/295 125/311/304 124/312/305 643/305/298
f 643/305/298 124/312/305 12/217/211 176/216/210
f 642/303/296 643/305/298 176/216/210 177/215/209
f 641/304/297 642/303/296 177/215/209 178/213/207
f 136/244/238 641/304/297 178/213/207 14/212/206
f 137/243/237 638/300/293 641/304/297 136/244/238
f 138/242/236 635/297/290 638/300/293 137/243/237
f 646/222/216 647/221/215 649/313/306 648/314/307
f 250/315/308 645/220/214 644/219/213 251/316/309
f 25/74/74 251/316/309 644/219/213 130/317/310
f 648/314/307 649/313/306 169/214/208 170/218/212
f 250/315/308 26/232/226 179/234/228 645/220/214
f 645/220/214 179/234/228 180/246/240 647/221/215
f 647/221/215 180/246/240 181/245/239 649/313/306
f 649/313/306 181/245/239 14/212/206 169/214/208
f 651/318/311 654/319/312 653/320/313 650/321/314
f 132/322/315 648/314/307 170/218/212 9/94/92
f 131/323/316 646/222/216 648/314/307 132/322/315
f 130/317/310 644/219/213 646/222/216 131/323/316
f 652/324/317 655/325/318 654/319/312 651/318/311
f 171/326/106 655/325/318 652/324/317 172/327/107
f 7/24/24 123/22/22 650/321/314 168/328/319
f 123/22/22 122/21/21 651/318/311 650/321/314
f 122/21/21 121/20/20 652/324/317 651/318/311
f 121/20/20 10/19/19 172/327/107 652/324/317
f 168/328/319 650/321/314 653/320/313 167/329/320
f 655/325/318 171/326/106 15/261/112 182/260/254
f 654/319/312 655/325/318 182/260/254 183/259/253
f 653/320/313 654/319/312 183/259/253 184/257/251
f 167/329/320 653/320/313 184/257/251 13/256/250
f 656/330/321 657/331/322 659/332/323 658/333/324
f 658/333/324 659/332/323 661/334/325 660/335/326
f 221/336/327 657/331/322 656/330/321 222/337/328
f 20/143/137 222/337/328 656/330/321 200/338/329
f 660/335/326 661/334/325 163/339/330 164/340/331
f 221/336/327 21/281/274 188/283/276 657/331/322
f 657/331/322 188/283/276 189/296/289 659/332/323
f 659/332/323 189/296/289 190/294/287 661/334/325
f 661/334/325 190/294/287 16/295/288 163/339/330
f 698/341/332 699/342/333 701/343/334 700/344/335
f 202/345/336 660/335/326 164/340/331 11/69/69
f 201/346/337 658/333/324 660/335/326 202/345/336
f 200/338/329 656/330/321 658/333/324 201/346/337
f 662/347/338 663/348/339 666/349/340 665/350/341
f 663/348/339 664/351/342 667/352/343 666/349/340
f 665/350/341 666/349/340 669/353/344 668/354/345
f 666/349/340 667/352/343 670/355/346 669/353/344
f 1164/356/15 94/357/347 662/347/338 109/358/16
f 94/357/347 1177/359/348 663/348/339 662/347/338
f 1177/359/348 1176/360/349 664/351/342 663/348/339
f 1176/360/349 1166/361/350 209/362/351 664/351/342
f 664/351/342 209/362/351 210/363/352 667/352/343
f 667/352/343 210/363/352 211/364/353 670/355/346
f 670/355/346 211/364/353 19/109/104 154/110/105
f 669/353/344 670/355/346 154/110/105 155/124/118
f 668/354/345 669/353/344 155/124/118 156/122/117
f 107/365/18 668/354/345 156/122/117 10/123/19
f 108/366/17 665/350/341 668/354/345 107/365/18
f 109/358/16 662/347/338 665/350/341 108/366/17
f 671/367/354 672/368/355 675/369/356 674/370/357
f 672/368/355 673/371/358 676/372/359 675/369/356
f 674/370/357 675/369/356 678/373/360 677/374/361
f 675/369/356 676/372/359 679/375/362 678/373/360
f 4/65/65 196/376/363 671/367/354 100/66/66
f 196/376/363 195/377/364 672/368/355 671/367/354
f 195/377/364 194/378/365 673/371/358 672/368/355
f 194/378/365 17/134/128 212/136/130 673/371/358
f 673/371/358 212/136/130 213/144/138 676/372/359
f 676/372/359 213/144/138 214/142/136 679/375/362
f 679/375/362 214/142/136 20/143/137 200/338/329
f 678/373/360 679/375/362 200/338/329 201/346/337
f 677/374/361 678/373/360 201/346/337 202/345/336
f 98/68/68 677/374/361 202/345/336 11/69/69
f 99/67/67 674/370/357 677/374/361 98/68/68
f 100/66/66 671/367/354 674/370/357 99/67/67
f 680/379/366 681/380/367 684/381/368 683/382/369
f 681/380/367 682/383/370 685/384/371 684/381/368
f 683/382/369 684/381/368 687/385/372 686/386/373
f 684/381/368 685/384/371 688/387/374 687/385/372
f 5/179/173 199/388/375 680/379/366 116/180/174
f 199/388/375 198/389/376 681/380/367 680/379/366
f 198/389/376 197/390/377 682/383/370 681/380/367
f 197/390/377 18/154/148 215/156/150 682/383/370
f 682/383/370 215/156/150 216/164/158 685/384/371
f 685/384/371 216/164/158 217/163/157 688/387/374
f 688/387/374 217/163/157 17/134/128 194/378/365
f 687/385/372 688/387/374 194/378/365 195/377/364
f 686/386/373 687/385/372 195/377/364 196/376/363
f 114/182/176 686/386/373 196/376/363 4/65/65
f 115/181/175 683/382/369 686/386/373 114/182/176
f 116/180/174 680/379/366 683/382/369 115/181/175
f 689/391/378 690/392/379 693/393/380 692/394/381
f 690/392/379 691/395/382 694/396/383 693/393/380
f 692/394/381 693/393/380 696/397/384 695/398/385
f 693/393/380 694/396/383 697/399/386 696/397/384
f 13/256/250 133/258/252 689/391/378 208/400/387
f 133/258/252 134/271/264 690/392/379 689/391/378
f 134/271/264 135/269/262 691/395/382 690/392/379
f 135/269/262 64/270/263 162/401/388 691/395/382
f 691/395/382 162/401/388 161/402/389 694/396/383
f 694/396/383 161/402/389 160/403/390 697/399/386
f 697/399/386 160/403/390 68/286/279 218/285/278
f 696/397/384 697/399/386 218/285/278 219/284/277
f 695/398/385 696/397/384 219/284/277 220/282/275
f 206/404/391 695/398/385 220/282/275 21/281/274
f 207/405/392 692/394/381 695/398/385 206/404/391
f 208/400/387 689/391/378 692/394/381 207/405/392
f 700/344/335 701/343/334 703/406/393 702/407/394
f 167/329/320 699/342/333 698/341/332 168/328/319
f 7/24/24 168/328/319 698/341/332 159/139/133
f 702/407/394 703/406/393 221/336/327 222/337/328
f 167/329/320 13/256/250 208/400/387 699/342/333
f 699/342/333 208/400/387 207/405/392 701/343/334
f 701/343/334 207/405/392 206/404/391 703/406/393
f 703/406/393 206/404/391 21/281/274 221/336/327
f 740/408/395 741/409/396 743/410/397 742/411/398
f 157/141/135 702/407/394 222/337/328 20/143/137
f 158/140/134 700/344/335 702/407/394 157/141/135
f 159/139/133 698/341/332 700/344/335 158/140/134
f 704/412/399 705/413/400 708/414/401 707/415/402
f 705/413/400 706/416/403 709/417/404 708/414/401
f 707/415/402 708/414/401 711/418/405 710/419/406
f 708/414/401 709/417/404 712/420/407 711/418/405
f 2/90/88 86/421/408 704/412/399 91/91/89
f 86/421/408 85/422/409 705/413/400 704/412/399
f 85/422/409 84/423/410 706/416/403 705/413/400
f 84/423/410 22/60/60 241/62/62 706/416/403
f 706/416/403 241/62/62 242/75/75 709/417/404
f 709/417/404 242/75/75 243/73/73 712/420/407
f 712/420/407 243/73/73 25/74/74 130/317/310
f 711/418/405 712/420/407 130/317/310 131/323/316
f 710/419/406 711/418/405 131/323/316 132/322/315
f 93/93/91 710/419/406 132/322/315 9/94/92
f 92/92/90 707/415/402 710/419/406 93/93/91
f 91/91/89 704/412/399 707/415/402 92/92/90
f 713/424/411 714/425/412 717/426/413 716/427/414
f 714/425/412 715/428/415 718/429/416 717/426/413
f 716/427/414 717/426/413 720/430/417 719/431/418
f 717/426/413 718/429/416 721/432/419 720/430/417
f 6/196/190 119/195/189 713/424/411 1181/433/420
f 119/195/189 118/194/188 714/425/412 713/424/411
f 118/194/188 117/191/185 715/428/415 714/425/412
f 117/191/185 23/174/168 244/176/170 715/428/415
f 715/428/415 244/176/170 245/184/178 718/429/416
f 718/429/416 245/184/178 246/183/177 721/432/419
f 721/432/419 246/183/177 22/60/60 84/423/410
f 720/430/417 721/432/419 84/423/410 85/422/409
f 719/431/418 720/430/417 85/422/409 86/421/408
f 120/434/421 719/431/418 86/421/408 2/90/88
f 1180/435/422 716/427/414 719/431/418 120/434/421
f 1181/433/420 713/424/411 716/427/414 1180/435/422
f 722/436/423 723/437/424 726/438/425 725/439/426
f 723/437/424 724/440/427 727/441/428 726/438/425
f 725/439/426 726/438/425 729/442/429 728/443/430
f 726/438/425 727/441/428 730/444/431 729/442/429
f 1166/361/350 191/445/432 722/436/423 209/362/351
f 191/445/432 192/446/433 723/437/424 722/436/423
f 192/446/433 193/447/434 724/440/427 723/437/424
f 193/447/434 3/448/435 260/449/436 724/440/427
f 724/440/427 260/449/436 261/450/437 727/441/428
f 727/441/428 261/450/437 262/451/438 730/444/431
f 730/444/431 262/451/438 28/452/439 287/453/440
f 729/442/429 730/444/431 287/453/440 286/454/441
f 728/443/430 729/442/429 286/454/441 285/455/442
f 211/364/353 728/443/430 285/455/442 19/109/104
f 210/363/352 725/439/426 728/443/430 211/364/353
f 209/362/351 722/436/423 725/439/426 210/363/352
f 731/456/443 732/457/444 735/458/445 734/459/446
f 732/457/444 733/460/447 736/461/448 735/458/445
f 734/459/446 735/458/445 738/462/449 737/463/450
f 735/458/445 736/461/448 739/464/451 738/462/449
f 16/295/288 173/293/286 731/456/443 237/465/452
f 173/293/286 174/292/285 732/457/444 731/456/443
f 174/292/285 175/291/284 733/460/447 732/457/444
f 175/291/284 67/290/283 234/466/453 733/460/447
f 733/460/447 234/466/453 233/467/454 736/461/448
f 736/461/448 233/467/454 232/468/455 739/464/451
f 739/464/451 232/468/455 69/237/231 247/236/230
f 738/462/449 739/464/451 247/236/230 248/235/229
f 737/463/450 738/462/449 248/235/229 249/233/227
f 235/469/456 737/463/450 249/233/227 26/232/226
f 236/470/457 734/459/446 737/463/450 235/469/456
f 237/465/452 731/456/443 734/459/446 236/470/457
f 742/411/398 743/410/397 745/471/458 744/472/459
f 163/339/330 741/409/396 740/408/395 164/340/331
f 11/69/69 164/340/331 740/408/395 231/70/70
f 744/472/459 745/471/458 250/315/308 251/316/309
f 163/339/330 16/295/288 237/465/452 741/409/396
f 741/409/396 237/465/452 236/470/457 743/410/397
f 743/410/397 236/470/457 235/469/456 745/471/458
f 745/471/458 235/469/456 26/232/226 250/315/308
f 746/473/460 747/474/461 749/475/462 748/476/463
f 229/72/72 744/472/459 251/316/309 25/74/74
f 230/71/71 742/411/398 744/472/459 229/72/72
f 231/70/70 740/408/395 742/411/398 230/71/71
f 748/476/463 749/475/462 751/477/464 750/478/465
f 252/479/466 253/480/467 747/474/461 746/473/460
f 24/49/49 252/479/466 746/473/460 282/481/468
f 750/478/465 751/477/464 273/482/469 272/483/470
f 253/480/467 30/484/471 263/485/472 747/474/461
f 747/474/461 263/485/472 264/486/473 749/475/462
f 749/475/462 264/486/473 265/487/474 751/477/464
f 751/477/464 265/487/474 27/488/475 273/482/469
f 761/489/476 762/490/477 764/491/478 763/492/479
f 284/493/480 750/478/465 272/483/470 28/452/439
f 283/494/481 748/476/463 750/478/465 284/493/480
f 282/481/468 746/473/460 748/476/463 283/494/481
f 752/495/482 753/496/483 756/497/484 755/498/485
f 753/496/483 754/499/486 757/500/487 756/497/484
f 755/498/485 756/497/484 759/501/488 758/502/489
f 756/497/484 757/500/487 760/503/490 759/501/488
f 3/448/435 225/504/491 752/495/482 260/449/436
f 225/504/491 224/505/492 753/496/483 752/495/482
f 224/505/492 223/506/493 754/499/486 753/496/483
f 223/506/493 1167/35/35 238/37/37 754/499/486
f 754/499/486 238/37/37 239/50/50 757/500/487
f 757/500/487 239/50/50 240/48/48 760/503/490
f 760/503/490 240/48/48 24/49/49 282/481/468
f 759/501/488 760/503/490 282/481/468 283/494/481
f 758/502/489 759/501/488 283/494/481 284/493/480
f 262/451/438 758/502/489 284/493/480 28/452/439
f 261/450/437 755/498/485 758/502/489 262/451/438
f 260/449/436 752/495/482 755/498/485 261/450/437
f 763/492/479 764/491/478 766/507/494 765/508/495
f 272/483/470 273/482/469 762/490/477 761/489/476
f 28/452/439 272/483/470 761/489/476 287/453/440
f 765/508/495 766/507/494 278/106/101 277/105/100
f 273/482/469 27/488/475 266/509/496 762/490/477
f 762/490/477 266/509/496 267/510/497 764/491/478
f 764/491/478 267/510/497 268/511/498 766/507/494
f 766/507/494 268/511/498 29/113/108 278/106/101
f 804/512/499 807/513/500 806/514/501 803/515/502
f 285/455/442 765/508/495 277/105/100 19/109/104
f 286/454/441 763/492/479 765/508/495 285/455/442
f 287/453/440 761/489/476 763/492/479 286/454/441
f 767/516/503 768/517/504 771/518/505 770/519/506
f 768/517/504 769/520/507 772/521/508 771/518/505
f 770/519/506 771/518/505 774/522/509 773/523/510
f 771/518/505 772/521/508 775/524/511 774/522/509
f 70/525/512 187/526/513 767/516/503 106/527/514
f 187/526/513 186/528/515 768/517/504 767/516/503
f 186/528/515 185/529/516 769/520/507 768/517/504
f 185/529/516 30/484/471 256/530/517 769/520/507
f 769/520/507 256/530/517 255/531/518 772/521/508
f 772/521/508 255/531/518 254/532/519 775/524/511
f 775/524/511 254/532/519 12/533/211 124/534/305
f 774/522/509 775/524/511 124/534/305 125/535/304
f 773/523/510 774/522/509 125/535/304 126/536/303
f 104/537/520 773/523/510 126/536/303 63/538/302
f 105/539/521 770/519/506 773/523/510 104/537/520
f 106/527/514 767/516/503 770/519/506 105/539/521
f 776/540/522 777/541/523 780/542/524 779/543/525
f 777/541/523 778/544/526 781/545/527 780/542/524
f 779/543/525 780/542/524 783/546/528 782/547/529
f 780/542/524 781/545/527 784/548/530 783/546/528
f 27/488/475 269/549/531 776/540/522 266/509/496
f 269/549/531 270/550/532 777/541/523 776/540/522
f 270/550/532 271/551/533 778/544/526 777/541/523
f 271/551/533 71/552/534 279/553/535 778/544/526
f 778/544/526 279/553/535 280/554/536 781/545/527
f 781/545/527 280/554/536 281/555/537 784/548/530
f 784/548/530 281/555/537 73/556/538 276/557/539
f 783/546/528 784/548/530 276/557/539 275/558/540
f 782/547/529 783/546/528 275/558/540 274/559/541
f 268/511/498 782/547/529 274/559/541 29/113/108
f 267/510/497 779/543/525 782/547/529 268/511/498
f 266/509/496 776/540/522 779/543/525 267/510/497
f 785/560/542 786/561/543 789/562/544 788/563/545
f 786/561/543 787/564/546 790/565/547 789/562/544
f 788/563/545 789/562/544 792/566/548 791/567/549
f 789/562/544 790/565/547 793/568/550 792/566/548
f 30/484/471 185/529/516 785/560/542 263/485/472
f 185/529/516 186/528/515 786/561/543 785/560/542
f 186/528/515 187/526/513 787/564/546 786/561/543
f 187/526/513 70/525/512 257/569/551 787/564/546
f 787/564/546 257/569/551 258/570/552 790/565/547
f 790/565/547 258/570/552 259/571/553 793/568/550
f 793/568/550 259/571/553 71/552/534 271/551/533
f 792/566/548 793/568/550 271/551/533 270/550/532
f 791/567/549 792/566/548 270/550/532 269/549/531
f 265/487/474 791/567/549 269/549/531 27/488/475
f 264/486/473 788/563/545 791/567/549 265/487/474
f 263/485/472 785/560/542 788/563/545 264/486/473
f 794/572/554 795/573/555 798/574/556 797/575/557
f 795/573/555 796/576/558 799/577/559 798/574/556
f 797/575/557 798/574/556 801/578/560 800/579/561
f 798/574/556 799/577/559 802/580/562 801/578/560
f 62/581/258 141/582/257 794/572/554 291/583/563
f 141/582/257 140/584/256 795/573/555 794/572/554
f 140/584/256 139/585/255 796/576/558 795/573/555
f 139/585/255 15/117/112 288/116/111 796/576/558
f 796/576/558 288/116/111 289/115/110 799/577/559
f 799/577/559 289/115/110 290/114/109 802/580/562
f 802/580/562 290/114/109 29/113/108 274/559/541
f 801/578/560 802/580/562 274/559/541 275/558/540
f 800/579/561 801/578/560 275/558/540 276/557/539
f 293/586/564 800/579/561 276/557/539 73/556/538
f 292/587/565 797/575/557 800/579/561 293/586/564
f 291/583/563 794/572/554 797/575/557 292/587/565
f 805/588/566 808/589/567 807/513/500 804/512/499
f 165/590/204 808/589/567 805/588/566 166/591/205
f 24/49/49 127/47/47 803/515/502 252/479/466
f 127/47/47 128/46/46 804/512/499 803/515/502
f 128/46/46 129/45/45 805/588/566 804/512/499
f 129/45/45 8/44/44 166/591/205 805/588/566
f 252/479/466 803/515/502 806/514/501 253/480/467
f 808/589/567 165/590/204 12/533/211 254/532/519
f 807/513/500 808/589/567 254/532/519 255/531/518
f 806/514/501 807/513/500 255/531/518 256/530/517
f 253/480/467 806/514/501 256/530/517 30/484/471
f 874/592/568 877/593/569 876/594/570 873/595/571
f 811/596/572 814/597/573 813/205/199 810/204/198
f 305/598/574 306/599/575 814/597/573 811/596/572
f 1165/159/153 112/158/152 809/207/201 1188/600/576
f 112/158/152 111/157/151 810/204/198 809/207/201
f 111/157/151 110/155/149 811/596/572 810/204/198
f 110/155/149 18/154/148 305/598/574 811/596/572
f 1188/600/576 809/207/201 812/206/200 304/601/577
f 814/597/573 306/599/575 31/602/578 1182/603/579
f 813/205/199 814/597/573 1182/603/579 294/604/580
f 812/206/200 813/205/199 294/604/580 1183/605/581
f 304/601/577 812/206/200 1183/605/581 1168/606/582
f 816/607/583 819/608/584 818/609/585 815/610/586
f 817/611/587 820/612/588 819/608/584 816/607/583
f 302/198/192 820/612/588 817/611/587 303/193/187
f 5/179/173 315/178/172 815/610/586 317/613/589
f 315/178/172 314/177/171 816/607/583 815/610/586
f 314/177/171 313/175/169 817/611/587 816/607/583
f 313/175/169 23/174/168 303/193/187 817/611/587
f 317/613/589 815/610/586 818/609/585 316/614/590
f 820/612/588 302/198/192 1169/203/197 1186/615/591
f 819/608/584 820/612/588 1186/615/591 1187/616/592
f 818/609/585 819/608/584 1187/616/592 299/617/593
f 316/614/590 818/609/585 299/617/593 1171/618/594
f 822/619/595 825/620/596 824/621/597 821/622/598
f 823/623/599 826/624/600 825/620/596 822/619/595
f 307/625/601 826/624/600 823/623/599 308/626/602
f 18/154/148 197/390/377 821/622/598 305/598/574
f 197/390/377 198/389/376 822/619/595 821/622/598
f 198/389/376 199/388/375 823/623/599 822/619/595
f 199/388/375 5/179/173 308/626/602 823/623/599
f 305/598/574 821/622/598 824/621/597 306/599/575
f 826/624/600 307/625/601 32/627/603 298/628/604
f 825/620/596 826/624/600 298/628/604 1185/629/605
f 824/621/597 825/620/596 1185/629/605 297/630/606
f 306/599/575 824/621/597 297/630/606 31/602/578
f 830/631/607 831/632/608 828/633/609 829/634/610
f 827/635/611 828/633/609 831/632/608
f 316/614/590 830/631/607 829/634/610 317/613/589
f 1172/636/612 318/637/613 827/635/611 1190/638/614
f 318/637/613 319/639/615 828/633/609 827/635/611
f 1190/638/614 827/635/611 831/632/608 312/640/616
f 5/179/173 317/613/589 829/634/610 320/641/617
f 836/642/618 832/643/619 833/644/620 835/645/621
f 320/641/617 829/634/610 828/633/609 319/639/615
f 1171/618/594 311/646/622 830/631/607 316/614/590
f 311/646/622 312/640/616 831/632/608 830/631/607
f 307/625/601 308/626/602 832/643/619 836/642/618
f 834/647/623 835/645/621 833/644/620
f 5/179/173 320/641/617 832/643/619 308/626/602
f 320/641/617 319/639/615 833/644/620 832/643/619
f 1172/636/612 310/648/624 834/647/623 318/637/613
f 310/648/624 309/649/625 835/645/621 834/647/623
f 318/637/613 834/647/623 833/644/620 319/639/615
f 32/627/603 307/625/601 836/642/618 1189/650/626
f 1189/650/626 836/642/618 835/645/621 309/649/625
f 837/651/627 838/652/628 841/653/629 840/654/630
f 838/652/628 839/655/631 842/656/632 841/653/629
f 840/654/630 841/653/629 844/657/633 843/658/634
f 841/653/629 842/656/632 845/659/635 844/657/633
f 33/660/636 341/661/637 837/651/627 1198/662/638
f 341/661/637 342/663/639 838/652/628 837/651/627
f 342/663/639 343/664/640 839/655/631 838/652/628
f 343/664/640 41/665/641 359/666/642 839/655/631
f 839/655/631 359/666/642 358/667/643 842/656/632
f 842/656/632 358/667/643 357/668/644 845/659/635
f 845/659/635 357/668/644 44/669/645 344/670/646
f 844/657/633 845/659/635 344/670/646 345/671/647
f 843/658/634 844/657/633 345/671/647 346/672/648
f 321/673/649 843/658/634 346/672/648 36/674/650
f 1197/675/651 840/654/630 843/658/634 321/673/649
f 1198/662/638 837/651/627 840/654/630 1197/675/651
f 846/676/652 847/677/653 850/678/654 849/679/655
f 847/677/653 848/680/656 851/681/657 850/678/654
f 849/679/655 850/678/654 853/682/658 852/683/659
f 850/678/654 851/681/657 854/684/660 853/682/658
f 56/685/661 455/686/662 846/676/652 1199/687/663
f 455/686/662 456/688/664 847/677/653 846/676/652
f 456/688/664 457/689/665 848/680/656 847/677/653
f 457/689/665 59/690/666 363/691/667 848/680/656
f 848/680/656 363/691/667 364/692/668 851/681/657
f 851/681/657 364/692/668 365/693/669 854/684/660
f 854/684/660 365/693/669 42/694/670 327/695/671
f 853/682/658 854/684/660 327/695/671 328/696/672
f 852/683/659 853/682/658 328/696/672 329/697/673
f 1201/698/674 852/683/659 329/697/673 34/699/675
f 1200/700/676 849/679/655 852/683/659 1201/698/674
f 1199/687/663 846/676/652 849/679/655 1200/700/676
f 855/701/677 856/702/678 859/703/679 858/704/680
f 856/702/678 857/705/681 860/706/682 859/703/679
f 858/704/680 859/703/679 862/707/683 861/708/684
f 859/703/679 860/706/682 863/709/685 862/707/683
f 57/710/686 458/711/687 855/701/677 446/712/688
f 458/711/687 459/713/689 856/702/678 855/701/677
f 459/713/689 460/714/690 857/705/681 856/702/678
f 460/714/690 60/715/691 449/716/692 857/705/681
f 857/705/681 449/716/692 450/717/693 860/706/682
f 860/706/682 450/717/693 451/718/694 863/709/685
f 863/709/685 451/718/694 45/719/695 338/720/696
f 862/707/683 863/709/685 338/720/696 339/721/697
f 861/708/684 862/707/683 339/721/697 340/722/698
f 448/723/699 861/708/684 340/722/698 37/724/700
f 447/725/701 858/704/680 861/708/684 448/723/699
f 446/712/688 855/701/677 858/704/680 447/725/701
f 864/726/702 865/727/703 868/728/704 867/729/705
f 865/727/703 866/730/706 869/731/707 868/728/704
f 867/729/705 868/728/704 871/732/708 870/733/709
f 868/728/704 869/731/707 872/734/710 871/732/708
f 34/735/675 329/736/673 864/726/702 325/737/711
f 329/736/673 328/738/672 865/727/703 864/726/702
f 328/738/672 327/739/671 866/730/706 865/727/703
f 327/739/671 42/740/670 378/741/712 866/730/706
f 866/730/706 378/741/712 379/742/713 869/731/707
f 869/731/707 379/742/713 380/743/714 872/734/710
f 872/734/710 380/743/714 43/744/715 332/745/716
f 871/732/708 872/734/710 332/745/716 331/746/717
f 870/733/709 871/732/708 331/746/717 330/747/718
f 1202/748/719 870/733/709 330/747/718 35/749/720
f 326/750/721 867/729/705 870/733/709 1202/748/719
f 325/737/711 864/726/702 867/729/705 326/750/721
f 875/751/722 878/752/723 877/593/569 874/592/568
f 395/753/724 878/752/723 875/751/722 396/754/725
f 53/755/726 381/756/727 873/595/571 491/757/728
f 381/756/727 382/758/729 874/592/568 873/595/571
f 382/758/729 383/759/730 875/751/722 874/592/568
f 383/759/730 44/760/645 396/754/725 875/751/722
f 491/757/728 873/595/571 876/594/570 492/761/731
f 878/752/723 395/753/724 49/762/732 499/763/733
f 877/593/569 878/752/723 499/763/733 500/764/734
f 876/594/570 877/593/569 500/764/734 501/765/735
f 492/761/731 876/594/570 501/765/735 74/766/736
f 915/767/737 916/768/738 918/769/739 917/770/740
f 879/771/741 880/772/742 883/773/743 882/774/744
f 880/772/742 881/775/745 884/776/746 883/773/743
f 882/774/744 883/773/743 886/777/747 885/778/748
f 883/773/743 884/776/746 887/779/749 886/777/747
f 51/780/750 433/781/751 879/771/741 335/782/752
f 433/781/751 434/783/753 880/772/742 879/771/741
f 434/783/753 435/784/754 881/775/745 880/772/742
f 435/784/754 54/785/755 384/786/756 881/775/745
f 881/775/745 384/786/756 385/787/757 884/776/746
f 884/776/746 385/787/757 386/788/758 887/779/749
f 887/779/749 386/788/758 41/665/641 343/664/640
f 886/777/747 887/779/749 343/664/640 342/663/639
f 885/778/748 886/777/747 342/663/639 341/661/637
f 337/789/759 885/778/748 341/661/637 33/660/636
f 336/790/760 882/774/744 885/778/748 337/789/759
f 335/782/752 879/771/741 882/774/744 336/790/760
f 888/791/761 889/792/762 892/793/763 891/794/764
f 889/792/762 890/795/765 893/796/766 892/793/763
f 891/794/764 892/793/763 895/797/767 894/798/768
f 892/793/763 893/796/766 896/799/769 895/797/767
f 52/800/770 436/801/771 888/791/761 347/802/772
f 436/801/771 437/803/773 889/792/762 888/791/761
f 437/803/773 438/804/774 890/795/765 889/792/762
f 438/804/774 51/780/750 335/782/752 890/795/765
f 890/795/765 335/782/752 336/790/760 893/796/766
f 893/796/766 336/790/760 337/789/759 896/799/769
f 896/799/769 337/789/759 33/660/636 1204/805/775
f 895/797/767 896/799/769 1204/805/775 1205/806/776
f 894/798/768 895/797/767 1205/806/776 1206/807/777
f 349/808/778 894/798/768 1206/807/777 38/809/779
f 348/810/780 891/794/764 894/798/768 349/808/778
f 347/802/772 888/791/761 891/794/764 348/810/780
f 897/811/781 898/812/782 901/813/783 900/814/784
f 898/812/782 899/815/785 902/816/786 901/813/783
f 900/814/784 901/813/783 904/817/787 903/818/788
f 901/813/783 902/816/786 905/819/789 904/817/787
f 58/820/790 461/821/791 897/811/781 518/822/792
f 461/821/791 462/823/793 898/812/782 897/811/781
f 462/823/793 463/824/794 899/815/785 898/812/782
f 463/824/794 57/710/686 446/712/688 899/815/785
f 899/815/785 446/712/688 447/725/701 902/816/786
f 902/816/786 447/725/701 448/723/699 905/819/789
f 905/819/789 448/723/699 37/724/700 350/825/795
f 904/817/787 905/819/789 350/825/795 351/826/796
f 903/818/788 904/817/787 351/826/796 352/827/797
f 520/828/798 903/818/788 352/827/797 39/829/799
f 519/830/800 900/814/784 903/818/788 520/828/798
f 518/822/792 897/811/781 900/814/784 519/830/800
f 906/831/801 907/832/802 910/833/803 909/834/804
f 907/832/802 908/835/805 911/836/806 910/833/803
f 909/834/804 910/833/803 913/837/807 912/838/808
f 910/833/803 911/836/806 914/839/809 913/837/807
f 58/820/790 511/840/810 906/831/801 353/841/811
f 511/840/810 510/842/812 907/832/802 906/831/801
f 510/842/812 509/843/813 908/835/805 907/832/802
f 509/843/813 76/844/814 1211/845/815 908/835/805
f 908/835/805 1211/845/815 504/846/816 911/836/806
f 911/836/806 504/846/816 1212/847/817 914/839/809
f 914/839/809 1212/847/817 77/848/818 507/849/819
f 913/837/807 914/839/809 507/849/819 508/850/820
f 912/838/808 913/837/807 508/850/820 1217/851/821
f 355/852/822 912/838/808 1217/851/821 40/853/823
f 354/854/824 909/834/804 912/838/808 355/852/822
f 353/841/811 906/831/801 909/834/804 354/854/824
f 917/770/740 918/769/739 920/855/825 919/856/826
f 393/857/827 394/858/828 916/768/738 915/767/737
f 48/859/829 393/857/827 915/767/737 402/860/830
f 919/856/826 920/855/825 390/861/831 389/862/832
f 394/858/828 43/744/715 380/743/714 916/768/738
f 916/768/738 380/743/714 379/742/713 918/769/739
f 918/769/739 379/742/713 378/741/712 920/855/825
f 920/855/825 378/741/712 42/740/670 390/861/831
f 958/863/833 961/864/834 960/865/835 957/866/836
f 400/867/837 919/856/826 389/862/832 46/868/838
f 401/869/839 917/770/740 919/856/826 400/867/837
f 402/860/830 915/767/737 917/770/740 401/869/839
f 921/870/840 922/871/841 925/872/842 924/873/843
f 922/871/841 923/874/844 926/875/845 925/872/842
f 924/873/843 925/872/842 928/876/846 927/877/847
f 925/872/842 926/875/845 929/878/848 928/876/846
f 61/879/849 403/880/850 921/870/840 466/881/851
f 403/880/850 404/882/852 922/871/841 921/870/840
f 404/882/852 405/883/853 923/874/844 922/871/841
f 405/883/853 48/859/829 372/884/854 923/874/844
f 923/874/844 372/884/854 373/885/855 926/875/845
f 926/875/845 373/885/855 374/886/856 929/878/848
f 929/878/848 374/886/856 65/241/235 147/240/234
f 928/876/846 929/878/848 147/240/234 146/239/233
f 927/877/847 928/876/846 146/239/233 145/238/232
f 464/887/857 927/877/847 145/238/232 69/237/231
f 465/888/858 924/873/843 927/877/847 464/887/857
f 466/881/851 921/870/840 924/873/843 465/888/858
f 930/889/859 931/890/860 934/891/861 933/892/862
f 931/890/860 932/893/863 935/894/864 934/891/861
f 933/892/862 934/891/861 937/895/865 936/896/866
f 934/891/861 935/894/864 938/897/867 937/895/865
f 47/898/868 369/899/869 930/889/859 408/900/870
f 369/899/869 370/901/871 931/890/860 930/889/859
f 370/901/871 371/902/872 932/893/863 931/890/860
f 371/902/872 64/270/263 153/268/261 932/893/863
f 932/893/863 153/268/261 152/267/260 935/894/864
f 935/894/864 152/267/260 151/266/259 938/897/867
f 938/897/867 151/266/259 62/265/258 377/903/873
f 937/895/865 938/897/867 377/903/873 376/904/874
f 936/896/866 937/895/865 376/904/874 375/905/875
f 406/906/876 936/896/866 375/905/875 49/907/732
f 407/908/877 933/892/862 936/896/866 406/906/876
f 408/900/870 930/889/859 933/892/862 407/908/877
f 939/909/878 940/910/879 943/911/880 942/912/881
f 940/910/879 941/913/882 944/914/883 943/911/880
f 942/912/881 943/911/880 946/915/884 945/916/885
f 943/911/880 944/914/883 947/917/886 946/915/884
f 55/918/887 412/919/888 939/909/878 441/920/889
f 412/919/888 413/921/890 940/910/879 939/909/878
f 413/921/890 414/922/891 941/913/882 940/910/879
f 414/922/891 50/923/892 397/924/893 941/913/882
f 941/913/882 397/924/893 398/925/894 944/914/883
f 944/914/883 398/925/894 399/926/895 947/917/886
f 947/917/886 399/926/895 67/290/283 205/289/282
f 946/915/884 947/917/886 205/289/282 204/288/281
f 945/916/885 946/915/884 204/288/281 203/287/280
f 439/927/896 945/916/885 203/287/280 68/286/279
f 440/928/897 942/912/881 945/916/885 439/927/896
f 441/920/889 939/909/878 942/912/881 440/928/897
f 948/929/898 949/930/899 952/931/900 951/932/901
f 949/930/899 950/933/902 953/934/903 952/931/900
f 951/932/901 952/931/900 955/935/904 954/936/905
f 952/931/900 953/934/903 956/937/906 955/935/904
f 65/241/235 374/886/856 948/929/898 150/306/299
f 374/886/856 373/885/855 949/930/899 948/929/898
f 373/885/855 372/884/854 950/933/902 949/930/899
f 372/884/854 48/859/829 402/860/830 950/933/902
f 950/933/902 402/860/830 401/869/839 953/934/903
f 953/934/903 401/869/839 400/867/837 956/937/906
f 956/937/906 400/867/837 46/868/838 360/938/907
f 955/935/904 956/937/906 360/938/907 361/939/908
f 954/936/905 955/935/904 361/939/908 362/940/909
f 148/308/301 954/936/905 362/940/909 63/309/302
f 149/307/300 951/932/901 954/936/905 148/308/301
f 150/306/299 948/929/898 951/932/901 149/307/300
f 959/941/910 962/942/911 961/864/834 958/863/833
f 393/857/827 962/942/911 959/941/910 394/858/828
f 60/715/691 366/943/912 957/866/836 468/944/913
f 366/943/912 367/945/914 958/863/833 957/866/836
f 367/945/914 368/946/915 959/941/910 958/863/833
f 368/946/915 43/744/715 394/858/828 959/941/910
f 468/944/913 957/866/836 960/865/835 467/947/916
f 962/942/911 393/857/827 48/859/829 405/883/853
f 961/864/834 962/942/911 405/883/853 404/882/852
f 960/865/835 961/864/834 404/882/852 403/880/850
f 467/947/916 960/865/835 403/880/850 61/879/849
f 963/948/917 964/949/918 966/950/919 965/951/920
f 965/951/920 966/950/919 968/952/921 967/953/922
f 391/954/923 964/949/918 963/948/917 392/955/924
f 41/665/641 392/955/924 963/948/917 359/666/642
f 967/953/922 968/952/921 395/956/724 396/957/725
f 391/954/923 47/898/868 408/900/870 964/949/918
f 964/949/918 408/900/870 407/908/877 966/950/919
f 966/950/919 407/908/877 406/906/876 968/952/921
f 968/952/921 406/906/876 49/907/732 395/956/724
f 970/958/925 973/959/926 972/960/927 969/961/928
f 357/668/644 967/953/922 396/957/725 44/669/645
f 358/667/643 965/951/920 967/953/922 357/668/644
f 359/666/642 963/948/917 965/951/920 358/667/643
f 971/962/929 974/963/930 973/959/926 970/958/925
f 387/964/931 974/963/930 971/962/929 388/965/932
f 54/785/755 424/966/933 969/961/928 443/967/934
f 424/966/933 425/968/935 970/958/925 969/961/928
f 425/968/935 426/969/936 971/962/929 970/958/925
f 426/969/936 45/719/695 388/965/932 971/962/929
f 443/967/934 969/961/928 972/960/927 442/970/937
f 974/963/930 387/964/931 50/923/892 414/922/891
f 973/959/926 974/963/930 414/922/891 413/921/890
f 972/960/927 973/959/926 413/921/890 412/919/888
f 442/970/937 972/960/927 412/919/888 55/918/887
f 1012/971/938 1015/972/939 1014/973/940 1011/974/941
f 975/975/942 976/976/943 979/977/944 978/978/945
f 976/976/943 977/979/946 980/980/947 979/977/944
f 978/978/945 979/977/944 982/981/948 981/982/949
f 979/977/944 980/980/947 983/983/950 982/981/948
f 36/984/650 346/985/648 975/975/942 334/986/951
f 346/985/648 345/987/647 976/976/943 975/975/942
f 345/987/647 344/988/646 977/979/946 976/976/943
f 344/988/646 44/760/645 383/759/730 977/979/946
f 977/979/946 383/759/730 382/758/729 980/980/947
f 980/980/947 382/758/729 381/756/727 983/983/950
f 983/983/950 381/756/727 53/755/726 432/989/952
f 982/981/948 983/983/950 432/989/952 431/990/953
f 981/982/949 982/981/948 431/990/953 430/991/954
f 1203/992/955 981/982/949 430/991/954 1192/993/956
f 333/994/957 978/978/945 981/982/949 1203/992/955
f 334/986/951 975/975/942 978/978/945 333/994/957
f 984/995/958 985/996/959 988/997/960 987/998/961
f 985/996/959 986/999/962 989/1000/963 988/997/960
f 987/998/961 988/997/960 991/1001/964 990/1002/965
f 988/997/960 989/1000/963 992/1003/966 991/1001/964
f 37/724/700 340/722/698 984/995/958 420/1004/967
f 340/722/698 339/721/697 985/996/959 984/995/958
f 339/721/697 338/720/696 986/999/962 985/996/959
f 338/720/696 45/719/695 426/969/936 986/999/962
f 986/999/962 426/969/936 425/968/935 989/1000/963
f 989/1000/963 425/968/935 424/966/933 992/1003/966
f 992/1003/966 424/966/933 54/785/755 435/784/754
f 991/1001/964 992/1003/966 435/784/754 434/783/753
f 990/1002/965 991/1001/964 434/783/753 433/781/751
f 418/1005/968 990/1002/965 433/781/751 51/780/750
f 419/1006/969 987/998/961 990/1002/965 418/1005/968
f 420/1004/967 984/995/958 987/998/961 419/1006/969
f 993/1007/970 994/1008/971 997/1009/972 996/1010/973
f 994/1008/971 995/1011/974 998/1012/975 997/1009/972
f 996/1010/973 997/1009/972 1000/1013/976 999/1014/977
f 997/1009/972 998/1012/975 1001/1015/978 1000/1013/976
f 39/829/799 352/827/797 993/1007/970 423/1016/979
f 352/827/797 351/826/796 994/1008/971 993/1007/970
f 351/826/796 350/825/795 995/1011/974 994/1008/971
f 350/825/795 37/724/700 420/1004/967 995/1011/974
f 995/1011/974 420/1004/967 419/1006/969 998/1012/975
f 998/1012/975 419/1006/969 418/1005/968 1001/1015/978
f 1001/1015/978 418/1005/968 51/780/750 438/804/774
f 1000/1013/976 1001/1015/978 438/804/774 437/803/773
f 999/1014/977 1000/1013/976 437/803/773 436/801/771
f 421/1017/980 999/1014/977 436/801/771 52/800/770
f 422/1018/981 996/1010/973 999/1014/977 421/1017/980
f 423/1016/979 993/1007/970 996/1010/973 422/1018/981
f 1002/1019/982 1003/1020/983 1006/1021/984 1005/1022/985
f 1003/1020/983 1004/1023/986 1007/1024/987 1006/1021/984
f 1005/1022/985 1006/1021/984 1009/1025/988 1008/1026/989
f 1006/1021/984 1007/1024/987 1010/1027/990 1009/1025/988
f 47/898/868 429/1028/991 1002/1019/982 369/899/869
f 429/1028/991 428/1029/992 1003/1020/983 1002/1019/982
f 428/1029/992 427/1030/993 1004/1023/986 1003/1020/983
f 427/1030/993 55/918/887 441/920/889 1004/1023/986
f 1004/1023/986 441/920/889 440/928/897 1007/1024/987
f 1007/1024/987 440/928/897 439/927/896 1010/1027/990
f 1010/1027/990 439/927/896 68/286/279 160/403/390
f 1009/1025/988 1010/1027/990 160/403/390 161/402/389
f 1008/1026/989 1009/1025/988 161/402/389 162/401/388
f 371/902/872 1008/1026/989 162/401/388 64/270/263
f 370/901/871 1005/1022/985 1008/1026/989 371/902/872
f 369/899/869 1002/1019/982 1005/1022/985 370/901/871
f 1013/1031/994 1016/1032/995 1015/972/939 1012/971/938
f 442/970/937 1016/1032/995 1013/1031/994 443/967/934
f 41/665/641 386/788/758 1011/974/941 392/955/924
f 386/788/758 385/787/757 1012/971/938 1011/974/941
f 385/787/757 384/786/756 1013/1031/994 1012/971/938
f 384/786/756 54/785/755 443/967/934 1013/1031/994
f 392/955/924 1011/974/941 1014/973/940 391/954/923
f 1016/1032/995 442/970/937 55/918/887 427/1030/993
f 1015/972/939 1016/1032/995 427/1030/993 428/1029/992
f 1014/973/940 1015/972/939 428/1029/992 429/1028/991
f 391/954/923 1014/973/940 429/1028/991 47/898/868
f 1054/1033/996 1057/1034/997 1056/1035/998 1053/1036/999
f 1017/1037/1000 1018/1038/1001 1021/1039/1002 1020/1040/1003
f 1018/1038/1001 1019/1041/1004 1022/1042/1005 1021/1039/1002
f 1020/1040/1003 1021/1039/1002 1024/1043/1006 1023/1044/1007
f 1021/1039/1002 1022/1042/1005 1025/1045/1008 1024/1043/1006
f 35/749/720 330/747/718 1017/1037/1000 324/1046/1009
f 330/747/718 331/746/717 1018/1038/1001 1017/1037/1000
f 331/746/717 332/745/716 1019/1041/1004 1018/1038/1001
f 332/745/716 43/744/715 368/946/915 1019/1041/1004
f 1019/1041/1004 368/946/915 367/945/914 1022/1042/1005
f 1022/1042/1005 367/945/914 366/943/912 1025/1045/1008
f 1025/1045/1008 366/943/912 60/715/691 460/714/690
f 1024/1043/1006 1025/1045/1008 460/714/690 459/713/689
f 1023/1044/1007 1024/1043/1006 459/713/689 458/711/687
f 322/1047/1010 1023/1044/1007 458/711/687 57/710/686
f 323/1048/1011 1020/1040/1003 1023/1044/1007 322/1047/1010
f 324/1046/1009 1017/1037/1000 1020/1040/1003 323/1048/1011
f 1026/1049/1012 1027/1050/1013 1030/1051/1014 1029/1052/1015
f 1027/1050/1013 1028/1053/1016 1031/1054/1017 1030/1051/1014
f 1029/1052/1015 1030/1051/1014 1033/1055/1018 1032/1056/1019
f 1030/1051/1014 1031/1054/1017 1034/1057/1020 1033/1055/1018
f 40/853/823 356/1058/1021 1026/1049/1012 355/852/822
f 356/1058/1021 1208/1059/1022 1027/1050/1013 1026/1049/1012
f 1208/1059/1022 1207/1060/1023 1028/1053/1016 1027/1050/1013
f 1207/1060/1023 35/749/720 324/1046/1009 1028/1053/1016
f 1028/1053/1016 324/1046/1009 323/1048/1011 1031/1054/1017
f 1031/1054/1017 323/1048/1011 322/1047/1010 1034/1057/1020
f 1034/1057/1020 322/1047/1010 57/710/686 463/824/794
f 1033/1055/1018 1034/1057/1020 463/824/794 462/823/793
f 1032/1056/1019 1033/1055/1018 462/823/793 461/821/791
f 353/841/811 1032/1056/1019 461/821/791 58/820/790
f 354/854/824 1029/1052/1015 1032/1056/1019 353/841/811
f 355/852/822 1026/1049/1012 1029/1052/1015 354/854/824
f 1035/1061/1024 1036/1062/1025 1039/1063/1026 1038/1064/1027
f 1036/1062/1025 1037/1065/1028 1040/1066/1029 1039/1063/1026
f 1038/1064/1027 1039/1063/1026 1042/1067/1030 1041/1068/1031
f 1039/1063/1026 1040/1066/1029 1043/1069/1032 1042/1067/1030
f 1192/993/956 430/991/954 1035/1061/1024 415/1070/1033
f 430/991/954 431/990/953 1036/1062/1025 1035/1061/1024
f 431/990/953 432/989/952 1037/1065/1028 1036/1062/1025
f 432/989/952 53/755/726 496/1071/1034 1037/1065/1028
f 1037/1065/1028 496/1071/1034 497/1072/1035 1040/1066/1029
f 1040/1066/1029 497/1072/1035 498/1073/1036 1043/1069/1032
f 1043/1069/1032 498/1073/1036 72/1074/1037 476/1075/1038
f 1042/1067/1030 1043/1069/1032 476/1075/1038 475/1076/1039
f 1041/1068/1031 1042/1067/1030 475/1076/1039 474/1077/1040
f 417/1078/1041 1041/1068/1031 474/1077/1040 1191/1079/1042
f 416/1080/1043 1038/1064/1027 1041/1068/1031 417/1078/1041
f 415/1070/1033 1035/1061/1024 1038/1064/1027 416/1080/1043
f 1044/1081/1044 1045/1082/1045 1048/1083/1046 1047/1084/1047
f 1045/1082/1045 1046/1085/1048 1049/1086/1049 1048/1083/1046
f 1047/1084/1047 1048/1083/1046 1051/1087/1050 1050/1088/1051
f 1048/1083/1046 1049/1086/1049 1052/1089/1052 1051/1087/1050
f 50/923/892 454/1090/1053 1044/1081/1044 397/924/893
f 454/1090/1053 453/1091/1054 1045/1082/1045 1044/1081/1044
f 453/1091/1054 452/1092/1055 1046/1085/1048 1045/1082/1045
f 452/1092/1055 61/879/849 466/881/851 1046/1085/1048
f 1046/1085/1048 466/881/851 465/888/858 1049/1086/1049
f 1049/1086/1049 465/888/858 464/887/857 1052/1089/1052
f 1052/1089/1052 464/887/857 69/237/231 232/468/455
f 1051/1087/1050 1052/1089/1052 232/468/455 233/467/454
f 1050/1088/1051 1051/1087/1050 233/467/454 234/466/453
f 399/926/895 1050/1088/1051 234/466/453 67/290/283
f 398/925/894 1047/1084/1047 1050/1088/1051 399/926/895
f 397/924/893 1044/1081/1044 1047/1084/1047 398/925/894
f 1055/1093/1056 1058/1094/1057 1057/1034/997 1054/1033/996
f 467/947/916 1058/1094/1057 1055/1093/1056 468/944/913
f 45/719/695 451/718/694 1053/1036/999 388/965/932
f 451/718/694 450/717/693 1054/1033/996 1053/1036/999
f 450/717/693 449/716/692 1055/1093/1056 1054/1033/996
f 449/716/692 60/715/691 468/944/913 1055/1093/1056
f 388/965/932 1053/1036/999 1056/1035/998 387/964/931
f 1058/1094/1057 467/947/916 61/879/849 452/1092/1055
f 1057/1034/997 1058/1094/1057 452/1092/1055 453/1091/1054
f 1056/1035/998 1057/1034/997 453/1091/1054 454/1090/1053
f 387/964/931 1056/1035/998 454/1090/1053 50/923/892
f 1060/1095/1058 1063/1096/1059 1062/1097/1060 1059/1098/1061
f 1061/1099/1062 1064/1100/1063 1063/1096/1059 1060/1095/1058
f 486/1101/1064 487/1102/1065 1064/1100/1063 1061/1099/1062
f 59/690/666 493/1103/1066 1059/1098/1061 469/1104/1067
f 493/1103/1066 494/1105/1068 1060/1095/1058 1059/1098/1061
f 494/1105/1068 495/1106/1069 1061/1099/1062 1060/1095/1058
f 495/1106/1069 72/1074/1037 486/1101/1064 1061/1099/1062
f 469/1104/1067 1059/1098/1061 1062/1097/1060 470/1107/1070
f 1064/1100/1063 487/1102/1065 66/1108/1071 479/1109/1072
f 1063/1096/1059 1064/1100/1063 479/1109/1072 478/1110/1073
f 1062/1097/1060 1063/1096/1059 478/1110/1073 477/1111/1074
f 470/1107/1070 1062/1097/1060 477/1111/1074 75/1112/1075
f 1075/1113/1076 1078/1114/1077 1077/1115/1078 1074/1116/1079
f 1065/1117/1080 1066/1118/1081 1069/1119/1082 1068/1120/1083
f 1066/1118/1081 1067/1121/1084 1070/1122/1085 1069/1119/1082
f 1068/1120/1083 1069/1119/1082 1072/1123/1086 1071/1124/1087
f 1069/1119/1082 1070/1122/1085 1073/1125/1088 1072/1123/1086
f 1191/1079/1042 474/1077/1040 1065/1117/1080 445/1126/1089
f 474/1077/1040 475/1076/1039 1066/1118/1081 1065/1117/1080
f 475/1076/1039 476/1075/1038 1067/1121/1084 1066/1118/1081
f 476/1075/1038 72/1074/1037 495/1106/1069 1067/1121/1084
f 1067/1121/1084 495/1106/1069 494/1105/1068 1070/1122/1085
f 1070/1122/1085 494/1105/1068 493/1103/1066 1073/1125/1088
f 1073/1125/1088 493/1103/1066 59/690/666 457/689/665
f 1072/1123/1086 1073/1125/1088 457/689/665 456/688/664
f 1071/1124/1087 1072/1123/1086 456/688/664 455/686/662
f 444/1127/1090 1071/1124/1087 455/686/662 56/685/661
f 1209/1128/1091 1068/1120/1083 1071/1124/1087 444/1127/1090
f 445/1126/1089 1065/1117/1080 1068/1120/1083 1209/1128/1091
f 1076/1129/1092 1079/1130/1093 1078/1114/1077 1075/1113/1076
f 491/757/728 492/761/731 1079/1130/1093 1076/1129/1092
f 72/1074/1037 498/1073/1036 1074/1116/1079 486/1101/1064
f 498/1073/1036 497/1072/1035 1075/1113/1076 1074/1116/1079
f 497/1072/1035 496/1071/1034 1076/1129/1092 1075/1113/1076
f 496/1071/1034 53/755/726 491/757/728 1076/1129/1092
f 486/1101/1064 1074/1116/1079 1077/1115/1078 487/1102/1065
f 1079/1130/1093 492/761/731 74/766/736 482/1131/1094
f 1078/1114/1077 1079/1130/1093 482/1131/1094 481/1132/1095
f 1077/1115/1078 1078/1114/1077 481/1132/1095 480/1133/1096
f 487/1102/1065 1077/1115/1078 480/1133/1096 66/1108/1071
f 1116/1134/1097 1117/1135/1098 1119/1136/1099 1118/1137/1100
f 1080/1138/1101 1081/1139/1102 1084/1140/1103 1083/1141/1104
f 1081/1139/1102 1082/1142/1105 1085/1143/1106 1084/1140/1103
f 1083/1141/1104 1084/1140/1103 1087/1144/1107 1086/1145/1108
f 1084/1140/1103 1085/1143/1106 1088/1146/1109 1087/1144/1107
f 70/525/512 106/527/514 1080/1138/1101 411/1147/1110
f 106/527/514 105/539/521 1081/1139/1102 1080/1138/1101
f 105/539/521 104/537/520 1082/1142/1105 1081/1139/1102
f 104/537/520 63/538/302 362/1148/909 1082/1142/1105
f 1082/1142/1105 362/1148/909 361/1149/908 1085/1143/1106
f 1085/1143/1106 361/1149/908 360/1150/907 1088/1146/1109
f 1088/1146/1109 360/1150/907 46/1151/838 471/1152/1111
f 1087/1144/1107 1088/1146/1109 471/1152/1111 472/1153/1112
f 1086/1145/1108 1087/1144/1107 472/1153/1112 473/1154/1113
f 409/1155/1114 1086/1145/1108 473/1154/1113 75/1112/1075
f 410/1156/1115 1083/1141/1104 1086/1145/1108 409/1155/1114
f 411/1147/1110 1080/1138/1101 1083/1141/1104 410/1156/1115
f 1089/1157/1116 1090/1158/1117 1093/1159/1118 1092/1160/1119
f 1090/1158/1117 1091/1161/1120 1094/1162/1121 1093/1159/1118
f 1092/1160/1119 1093/1159/1118 1096/1163/1122 1095/1164/1123
f 1093/1159/1118 1094/1162/1121 1097/1165/1124 1096/1163/1122
f 66/1108/1071 480/1133/1096 1089/1157/1116 483/1166/1125
f 480/1133/1096 481/1132/1095 1090/1158/1117 1089/1157/1116
f 481/1132/1095 482/1131/1094 1091/1161/1120 1090/1158/1117
f 482/1131/1094 74/766/736 488/1167/1126 1091/1161/1120
f 1091/1161/1120 488/1167/1126 489/1168/1127 1094/1162/1121
f 1094/1162/1121 489/1168/1127 490/1169/1128 1097/1165/1124
f 1097/1165/1124 490/1169/1128 73/556/538 281/555/537
f 1096/1163/1122 1097/1165/1124 281/555/537 280/554/536
f 1095/1164/1123 1096/1163/1122 280/554/536 279/553/535
f 485/1170/1129 1095/1164/1123 279/553/535 71/552/534
f 484/1171/1130 1092/1160/1119 1095/1164/1123 485/1170/1129
f 483/1166/1125 1089/1157/1116 1092/1160/1119 484/1171/1130
f 1098/1172/1131 1099/1173/1132 1102/1174/1133 1101/1175/1134
f 1099/1173/1132 1100/1176/1135 1103/1177/1136 1102/1174/1133
f 1101/1175/1134 1102/1174/1133 1105/1178/1137 1104/1179/1138
f 1102/1174/1133 1103/1177/1136 1106/1180/1139 1105/1178/1137
f 75/1112/1075 477/1111/1074 1098/1172/1131 409/1155/1114
f 477/1111/1074 478/1110/1073 1099/1173/1132 1098/1172/1131
f 478/1110/1073 479/1109/1072 1100/1176/1135 1099/1173/1132
f 479/1109/1072 66/1108/1071 483/1166/1125 1100/1176/1135
f 1100/1176/1135 483/1166/1125 484/1171/1130 1103/1177/1136
f 1103/1177/1136 484/1171/1130 485/1170/1129 1106/1180/1139
f 1106/1180/1139 485/1170/1129 71/552/534 259/571/553
f 1105/1178/1137 1106/1180/1139 259/571/553 258/570/552
f 1104/1179/1138 1105/1178/1137 258/570/552 257/569/551
f 411/1147/1110 1104/1179/1138 257/569/551 70/525/512
f 410/1156/1115 1101/1175/1134 1104/1179/1138 411/1147/1110
f 409/1155/1114 1098/1172/1131 1101/1175/1134 410/1156/1115
f 1107/1181/1140 1108/1182/1141 1111/1183/1142 1110/1184/1143
f 1108/1182/1141 1109/1185/1144 1112/1186/1145 1111/1183/1142
f 1110/1184/1143 1111/1183/1142 1114/1187/1146 1113/1188/1147
f 1111/1183/1142 1112/1186/1145 1115/1189/1148 1114/1187/1146
f 62/581/258 291/583/563 1107/1181/1140 377/1190/873
f 291/583/563 292/587/565 1108/1182/1141 1107/1181/1140
f 292/587/565 293/586/564 1109/1185/1144 1108/1182/1141
f 293/586/564 73/556/538 490/1169/1128 1109/1185/1144
f 1109/1185/1144 490/1169/1128 489/1168/1127 1112/1186/1145
f 1112/1186/1145 489/1168/1127 488/1167/1126 1115/1189/1148
f 1115/1189/1148 488/1167/1126 74/766/736 501/765/735
f 1114/1187/1146 1115/1189/1148 501/765/735 500/764/734
f 1113/1188/1147 1114/1187/1146 500/764/734 499/763/733
f 375/1191/875 1113/1188/1147 499/763/733 49/762/732
f 376/1192/874 1110/1184/1143 1113/1188/1147 375/1191/875
f 377/1190/873 1107/1181/1140 1110/1184/1143 376/1192/874
f 1118/1137/1100 1119/1136/1099 1121/1193/1149 1120/1194/1150
f 469/1104/1067 470/1107/1070 1117/1135/1098 1116/1134/1097
f 59/690/666 469/1104/1067 1116/1134/1097 363/691/667
f 1120/1194/1150 1121/1193/1149 389/1195/832 390/1196/831
f 470/1107/1070 75/1112/1075 473/1154/1113 1117/1135/1098
f 1117/1135/1098 473/1154/1113 472/1153/1112 1119/1136/1099
f 1119/1136/1099 472/1153/1112 471/1152/1111 1121/1193/1149
f 1121/1193/1149 471/1152/1111 46/1151/838 389/1195/832
f 365/693/669 1120/1194/1150 390/1196/831 42/694/670
f 364/692/668 1118/1137/1100 1120/1194/1150 365/693/669
f 363/691/667 1116/1134/1097 1118/1137/1100 364/692/668
f 1122/1197/1151 1123/1198/1152 1126/1199/1153 1125/1200/1154
f 1123/1198/1152 1124/1201/1155 1127/1202/1156 1126/1199/1153
f 1125/1200/1154 1126/1199/1153 1129/1203/1157 1128/1204/1158
f 1126/1199/1153 1127/1202/1156 1130/1205/1159 1129/1203/1157
f 38/809/779 1218/1206/1160 1122/1197/1151 349/808/778
f 1218/1206/1160 1219/1207/1161 1123/1198/1152 1122/1197/1151
f 1219/1207/1161 1220/1208/1162 1124/1201/1155 1123/1198/1152
f 1220/1208/1162 1194/1209/1163 1210/1210/1164 1124/1201/1155
f 1124/1201/1155 1210/1210/1164 503/1211/1165 1127/1202/1156
f 1127/1202/1156 503/1211/1165 502/1212/1166 1130/1205/1159
f 1130/1205/1159 502/1212/1166 1193/1213/1167 514/1214/1168
f 1129/1203/1157 1130/1205/1159 514/1214/1168 513/1215/1169
f 1128/1204/1158 1129/1203/1157 513/1215/1169 512/1216/1170
f 347/802/772 1128/1204/1158 512/1216/1170 52/800/770
f 348/810/780 1125/1200/1154 1128/1204/1158 347/802/772
f 349/808/778 1122/1197/1151 1125/1200/1154 348/810/780
f 1131/1217/1171 1132/1218/1172 1135/1219/1173 1134/1220/1174
f 1132/1218/1172 1133/1221/1175 1136/1222/1176 1135/1219/1173
f 1134/1220/1174 1135/1219/1173 1138/1223/1177 1137/1224/1178
f 1135/1219/1173 1136/1222/1176 1139/1225/1179 1138/1223/1177
f 39/829/799 523/1226/1180 1131/1217/1171 520/828/798
f 523/1226/1180 522/1227/1181 1132/1218/1172 1131/1217/1171
f 522/1227/1181 521/1228/1182 1133/1221/1175 1132/1218/1172
f 521/1228/1182 78/1229/1183 1216/1230/1184 1133/1221/1175
f 1133/1221/1175 1216/1230/1184 506/1231/1185 1136/1222/1176
f 1136/1222/1176 506/1231/1185 505/1232/1186 1139/1225/1179
f 1139/1225/1179 505/1232/1186 76/844/814 509/843/813
f 1138/1223/1177 1139/1225/1179 509/843/813 510/842/812
f 1137/1224/1178 1138/1223/1177 510/842/812 511/840/810
f 518/822/792 1137/1224/1178 511/840/810 58/820/790
f 519/830/800 1134/1220/1174 1137/1224/1178 518/822/792
f 520/828/798 1131/1217/1171 1134/1220/1174 519/830/800
f 1140/1233/1187 1141/1234/1188 1144/1235/1189 1143/1236/1190
f 1141/1234/1188 1142/1237/1191 1145/1238/1192 1144/1235/1189
f 1143/1236/1190 1144/1235/1189 1147/1239/1193 1146/1240/1194
f 1144/1235/1189 1145/1238/1192 1148/1241/1195 1147/1239/1193
f 52/800/770 512/1216/1170 1140/1233/1187 421/1017/980
f 512/1216/1170 513/1215/1169 1141/1234/1188 1140/1233/1187
f 513/1215/1169 514/1214/1168 1142/1237/1191 1141/1234/1188
f 514/1214/1168 1193/1213/1167 1213/1242/1196 1142/1237/1191
f 1142/1237/1191 1213/1242/1196 1214/1243/1197 1145/1238/1192
f 1145/1238/1192 1214/1243/1197 1215/1244/1198 1148/1241/1195
f 1148/1241/1195 1215/1244/1198 1195/1245/1199 515/1246/1200
f 1147/1239/1193 1148/1241/1195 515/1246/1200 516/1247/1201
f 1146/1240/1194 1147/1239/1193 516/1247/1201 517/1248/1202
f 423/1016/979 1146/1240/1194 517/1248/1202 39/829/799
f 422/1018/981 1143/1236/1190 1146/1240/1194 423/1016/979
f 421/1017/980 1140/1233/1187 1143/1236/1190 422/1018/981
f 1150/1249/1203 1151/1250/1204 1149/1251/1205 1155/1252/1206
f 1152/1253/1207 1153/1254/1208 1149/1251/1205 1151/1250/1204
f 1154/1255/1209 1155/1252/1206 1149/1251/1205 1153/1254/1208
f 1196/1256/1210 1226/1257/1211 1150/1249/1203 524/1258/1212
f 1226/1257/1211 1225/1259/1213 1151/1250/1204 1150/1249/1203
f 524/1258/1212 1150/1249/1203 1155/1252/1206 525/1260/1214
f 78/1229/1183 521/1228/1182 1152/1253/1207 1224/1261/1215
f 521/1228/1182 522/1227/1181 1153/1254/1208 1152/1253/1207
f 1224/1261/1215 1152/1253/1207 1151/1250/1204 1225/1259/1213
f 39/829/799 526/1262/1216 1154/1255/1209 523/1226/1180
f 526/1262/1216 525/1260/1214 1155/1252/1206 1154/1255/1209
f 523/1226/1180 1154/1255/1209 1153/1254/1208 522/1227/1181
f 1157/1263/1217 1158/1264/1218 1156/1265/1219 1162/1266/1220
f 1159/1267/1221 1160/1268/1222 1156/1265/1219 1158/1264/1218
f 1161/1269/1223 1162/1266/1220 1156/1265/1219 1160/1268/1222
f 39/829/799 517/1248/1202 1157/1263/1217 526/1262/1216
f 517/1248/1202 516/1247/1201 1158/1264/1218 1157/1263/1217
f 526/1262/1216 1157/1263/1217 1162/1266/1220 525/1260/1214
f 1195/1245/1199 1221/1270/1224 1159/1267/1221 515/1246/1200
f 1221/1270/1224 1222/1271/1225 1160/1268/1222 1159/1267/1221
f 515/1246/1200 1159/1267/1221 1158/1264/1218 516/1247/1201
f 1196/1256/1210 524/1258/1212 1161/1269/1223 1223/1272/1226
f 524/1258/1212 525/1260/1214 1162/1266/1220 1161/1269/1223
f 1223/1272/1226 1161/1269/1223 1160/1268/1222 1222/1271/1225
f 597/188/182 600/187/181 599/197/191 596/192/186
f 563/108/103 564/107/102 566/102/97 565/101/96
o Cube.001_Cube.003
v 0.513569 -0.620910 0.104807
v 0.508133 -0.583992 0.288297
v 0.513569 -0.054000 -0.018248
v 0.476097 -0.320584 0.307225
v 0.246417 0.032222 0.304886
v 0.264497 0.002191 0.322802
v 0.513449 0.473564 0.200971
v 0.512112 0.462728 0.295407
v 0.513569 -0.456833 0.037792
v 0.513569 -0.523402 0.053886
v 0.513569 -0.579104 0.075002
v 0.513005 -0.651673 0.192871
v 0.513500 0.416472 0.123131
v 0.511781 0.216982 0.313936
v 0.513131 -0.515184 0.306693
v 0.513561 0.178327 0.031681
v 0.513567 0.104402 0.009323
v 0.513569 0.026743 -0.008594
v 0.513569 -0.303006 0.007198
v 0.513569 -0.220588 -0.007370
v 0.513569 -0.136983 -0.017052
v 0.251600 0.045810 0.297062
v 0.243919 -0.209853 0.316229
v 0.253142 -0.220451 0.310231
v 0.246346 0.024397 0.308492
v 0.251922 0.008954 0.316902
v 0.248702 -0.156613 0.329739
v 0.296521 -0.236501 0.306180
v 0.409192 -0.275809 0.306903
v 0.306607 0.066674 0.288025
v 0.281657 -0.028955 0.343334
v 0.285477 -0.045549 0.347792
v 0.275013 -0.123798 0.345155
v 0.280320 -0.103558 0.349850
v 0.509587 0.414790 0.331052
v 2.091321 -1.348153 0.379333
v 2.157915 -1.289778 0.467685
v 0.513494 0.452084 0.157058
v 2.092617 1.239962 0.383679
v 2.160413 1.180092 0.482439
v 1.390599 1.033338 0.260147
v 1.387056 -1.100902 0.329741
v 1.389444 -1.139127 0.203687
v 1.388067 0.982717 0.380433
v 2.361143 -0.065275 0.266297
v 2.462347 -0.101367 0.363175
v 1.429436 0.061934 0.053085
v 1.381778 -0.186166 0.292277
v 1.409558 0.698677 0.305987
v 2.036195 0.833971 0.396791
v 0.487483 0.155103 0.297014
v 2.148768 0.211258 0.344340
v 1.387608 0.069174 0.311561
v 2.150369 -0.367733 0.288838
v 2.032154 -0.943667 0.331628
v 1.411517 -0.824175 0.309635
v 1.414332 -0.061130 0.324605
v 1.379181 -0.281878 0.235439
v 1.406504 0.551171 0.260815
v 1.870456 0.674563 0.334852
v 0.488363 0.146949 0.240285
v 0.485075 0.068057 0.228592
v 1.914272 0.280680 0.325676
v 1.382699 0.174423 0.282557
v 0.480572 -0.194134 0.238386
v 0.471068 -0.329296 0.225065
v 1.923178 -0.389913 0.240558
v 1.871075 -0.774979 0.263405
v 1.409739 -0.671925 0.259603
v 0.727702 0.599923 0.200534
v 0.730092 -0.740249 0.271651
v 0.727392 -0.747774 0.123662
v 0.731723 0.585412 0.343217
v 0.726046 -0.057369 0.333208
v 0.728217 -0.022818 0.001269
v 0.761111 0.358834 0.311972
v 0.737516 0.043159 0.306322
v 0.753275 -0.514657 0.298269
v 0.732785 -0.159979 0.315396
v 0.776654 0.278890 0.257207
v 0.759801 0.097653 0.246608
v 0.762653 -0.442360 0.233982
v 0.753871 -0.211146 0.240372
v 0.513551 0.247869 0.054654
v 2.228860 0.993841 0.350314
v 2.391955 0.920831 0.472077
v 1.404037 0.815258 0.172160
v 2.224036 0.559779 0.390196
v 1.397663 0.350948 0.270649
v 0.488346 0.111158 0.219134
v 1.930077 0.459331 0.319887
v 0.728466 0.364735 0.089845
v 0.772784 0.187761 0.241823
v 0.513569 -0.382426 0.023048
v 2.223629 -1.120394 0.350129
v 2.385878 -1.074852 0.466437
v 1.401873 -0.841872 0.115191
v 2.226066 -0.687556 0.314895
v 1.395229 -0.463957 0.212958
v 0.478350 -0.262690 0.215807
v 1.939530 -0.551439 0.232209
v 0.728148 -0.467470 0.037324
v 0.761160 -0.323346 0.211776
v 0.274242 0.058277 0.286768
v 0.240631 -0.188777 0.323132
v 0.264845 -0.229241 0.304113
v 0.253029 0.048652 0.235074
v 0.278701 0.069795 0.243803
v 0.246721 -0.219261 0.244209
v 0.268013 -0.256436 0.248902
v 0.261860 -0.145429 0.334410
v 0.274106 -0.188633 0.252658
v 0.277687 0.040919 0.241915
v 0.475695 0.032521 0.300953
v 0.471662 -0.162960 0.320770
v 0.468797 -0.061140 0.336612
v 0.287157 -0.063714 0.350211
v 0.513106 0.478256 0.249515
v 1.607779 1.119153 0.290151
v 1.815245 1.181602 0.324576
v 1.986530 1.221203 0.358551
v 2.194566 -1.249967 0.367757
v 2.167389 -1.320035 0.377282
v 2.130728 -1.346374 0.380230
v 2.131435 1.249781 0.410095
v 2.161712 1.249521 0.442907
v 2.169938 1.228152 0.469839
v 2.351511 -1.193241 0.483796
v 2.314662 -1.261456 0.490254
v 2.256430 -1.290101 0.485115
v 2.168110 -1.337324 0.463423
v 2.160367 -1.358354 0.440785
v 2.130244 -1.358371 0.408139
v 1.602117 -1.174642 0.363634
v 1.814934 -1.230897 0.401745
v 2.006527 -1.269373 0.438341
v 1.606782 -1.221066 0.248324
v 1.814384 -1.283594 0.298301
v 1.985551 -1.326080 0.345784
v 1.603148 1.062989 0.404503
v 1.816165 1.123117 0.432771
v 2.008220 1.162389 0.460371
v 0.513499 -0.645911 0.145434
v 0.511609 -0.635141 0.241651
v 0.637574 0.530853 0.190126
v 0.576238 0.486790 0.179201
v 0.537082 0.462335 0.168074
v 0.639911 -0.679518 0.269528
v 0.577674 -0.636960 0.270841
v 0.536359 -0.607716 0.276117
v 0.637447 -0.686687 0.118070
v 0.576213 -0.648219 0.114153
v 0.537113 -0.627813 0.110278
v 0.641704 0.518218 0.337410
v 0.579540 0.471210 0.331906
v 0.538149 0.439278 0.328674
v 1.388406 1.043474 0.294515
v 1.386642 1.041331 0.331785
v 1.386223 1.022537 0.363308
v 1.396408 -0.974134 0.136146
v 1.393177 -1.059742 0.155573
v 1.391186 -1.110729 0.176934
v 1.387300 -1.154365 0.237668
v 1.385477 -1.155462 0.274203
v 1.385041 -1.138836 0.306994
v 1.376735 -0.208963 0.278460
v 1.375267 -0.230294 0.263702
v 1.376405 -0.253489 0.249022
v 0.513534 0.312109 0.075683
v 0.513515 0.369062 0.097257
v 2.199101 1.128126 0.367297
v 2.170681 1.203700 0.376917
v 2.132797 1.234949 0.381672
v 2.357316 1.054419 0.489576
v 2.319540 1.135425 0.497267
v 2.260086 1.173949 0.494953
v 1.398475 0.912993 0.196607
v 1.394941 0.975945 0.215653
v 1.392595 1.013074 0.234949
v 1.971460 -0.386932 0.247240
v 2.030736 -0.382415 0.257842
v 2.090089 -0.376144 0.271633
v 2.173126 -0.029901 0.210483
v 1.937732 0.009979 0.151814
v 1.681116 0.044035 0.097083
v 2.544733 -0.103502 0.366220
v 2.540384 -0.099721 0.347426
v 2.481871 -0.088129 0.313116
v 0.846111 -0.055907 0.330992
v 1.000528 -0.055265 0.328161
v 1.189776 -0.056616 0.325703
v 0.637795 -0.040830 -0.000114
v 0.576316 -0.050104 -0.002867
v 0.537126 -0.053530 -0.008431
v 1.671139 -0.069464 0.325951
v 1.942985 -0.080207 0.331209
v 2.209368 -0.091414 0.342164
v 1.593079 0.766996 0.324474
v 1.765498 0.815395 0.350101
v 1.916606 0.839259 0.376371
v 0.664747 0.296200 0.312073
v 0.595184 0.245973 0.308223
v 0.541642 0.202133 0.302426
v 2.200307 0.652217 0.400240
v 2.168588 0.733825 0.406615
v 2.117632 0.796959 0.406430
v 0.858083 0.045424 0.307193
v 1.009077 0.049578 0.307649
v 1.186813 0.057026 0.308751
v 1.604670 0.087714 0.316877
v 1.818773 0.115488 0.324453
v 2.007584 0.155627 0.333777
v 1.392672 0.920202 0.377229
v 1.398857 0.844130 0.358643
v 1.405019 0.766341 0.332340
v 2.075182 0.916161 0.424700
v 2.110376 1.011029 0.453441
v 2.139535 1.103899 0.475270
v 0.516750 0.349157 0.335194
v 0.518445 0.282588 0.327240
v 2.214190 0.185419 0.351100
v 2.285059 0.144899 0.357906
v 2.364510 0.072023 0.362147
v 1.412027 -0.026249 0.325118
v 1.404929 0.007844 0.322733
v 1.395852 0.040025 0.318024
v 2.200424 -0.771843 0.321990
v 2.166584 -0.847778 0.327727
v 2.114007 -0.907630 0.331230
v 1.594277 -0.886051 0.315975
v 1.764755 -0.929510 0.322730
v 1.913773 -0.950174 0.328436
v 0.654810 -0.457109 0.297615
v 0.584018 -0.410209 0.298161
v 0.529996 -0.367980 0.300740
v 0.852726 -0.158756 0.310601
v 1.003091 -0.160779 0.304434
v 1.180551 -0.168949 0.297967
v 1.600201 -0.214772 0.288283
v 1.816290 -0.254872 0.286283
v 2.007270 -0.306010 0.286420
v 0.512378 -0.446703 0.313697
v 0.503100 -0.380505 0.314164
v 2.363515 -0.263920 0.347872
v 2.284117 -0.325721 0.329890
v 2.214093 -0.354663 0.309175
v 2.071119 -1.026840 0.371098
v 2.106639 -1.121797 0.413345
v 2.136357 -1.214217 0.448748
v 1.406055 -0.890815 0.323383
v 1.399028 -0.966746 0.334325
v 1.392130 -1.040572 0.337948
v 1.390695 -0.159313 0.304242
v 1.401117 -0.128778 0.313870
v 1.410009 -0.095679 0.320783
v 1.399260 -0.520226 0.220104
v 1.403036 -0.576020 0.231606
v 1.406537 -0.627774 0.245446
v 1.400430 0.405142 0.267056
v 1.402573 0.459007 0.263416
v 1.404471 0.508898 0.260935
v 1.561672 0.607259 0.278546
v 1.696089 0.647446 0.300926
v 1.803194 0.669080 0.321509
v 0.677189 0.232256 0.255588
v 0.603873 0.197698 0.251025
v 0.544875 0.170751 0.245322
v 0.488720 0.123624 0.222054
v 0.488946 0.134815 0.226024
v 0.488876 0.143126 0.231836
v 1.920866 0.525607 0.324504
v 1.908245 0.590484 0.330657
v 1.889858 0.643333 0.334409
v 0.886345 0.110787 0.253524
v 1.038991 0.127766 0.261478
v 1.207767 0.148881 0.270984
v 1.553449 0.203987 0.296134
v 1.708205 0.234369 0.309353
v 1.834609 0.261702 0.319658
v 0.476426 -0.285177 0.213826
v 0.474399 -0.305846 0.213140
v 0.472527 -0.321588 0.216102
v 1.927670 -0.618007 0.238078
v 1.912198 -0.685062 0.246805
v 1.891623 -0.740978 0.256258
v 1.565414 -0.719823 0.262559
v 1.698827 -0.753973 0.263711
v 1.804645 -0.771522 0.263754
v 0.660310 -0.402910 0.228772
v 0.585679 -0.373409 0.225370
v 0.526638 -0.350117 0.224045
v 0.880037 -0.222428 0.239405
v 1.032673 -0.237766 0.237851
v 1.202235 -0.257478 0.236324
v 1.553333 -0.310661 0.235662
v 1.711969 -0.341040 0.236862
v 1.841641 -0.369449 0.238724
v 0.474001 -0.174728 0.302088
v 0.476565 -0.181588 0.279534
v 0.478905 -0.186927 0.257001
v 0.470292 -0.327414 0.241415
v 0.470506 -0.320582 0.262674
v 0.472082 -0.315241 0.285437
v 1.414125 -0.774993 0.296699
v 1.414208 -0.738533 0.284616
v 1.412501 -0.706831 0.272535
v 1.991631 -0.882621 0.302493
v 1.949546 -0.838140 0.282988
v 1.906460 -0.802064 0.270468
v 1.380596 0.144677 0.288612
v 1.380305 0.119062 0.296030
v 1.382439 0.094814 0.303962
v 2.086022 0.233914 0.339592
v 2.024182 0.254193 0.335511
v 1.963195 0.270393 0.330476
v 0.309680 -0.062852 0.348137
v 0.411171 -0.061673 0.340053
v 1.995185 0.775004 0.375582
v 1.952037 0.733260 0.359417
v 1.907329 0.699916 0.345461
v 0.487384 0.145705 0.251842
v 0.486416 0.142924 0.265687
v 0.486092 0.143432 0.280745
v 1.408833 0.584174 0.264229
v 1.410741 0.614221 0.272221
v 1.411294 0.649620 0.285803
v 0.851395 0.696263 0.210570
v 1.006062 0.809572 0.222221
v 1.187274 0.926410 0.237932
v 0.853293 -0.821278 0.277227
v 1.006890 -0.915049 0.287627
v 1.186328 -1.011583 0.304562
v 0.850807 -0.833376 0.132695
v 1.005177 -0.934743 0.147442
v 1.186167 -1.040463 0.170306
v 0.854731 0.674979 0.348219
v 1.008139 0.778463 0.354319
v 1.187425 0.884747 0.364172
v 0.852941 0.004751 0.003208
v 1.012136 0.034419 0.009581
v 1.204677 0.056656 0.024752
v 0.891295 0.437368 0.307113
v 1.049102 0.525783 0.301241
v 1.225024 0.615684 0.299238
v 0.886410 -0.586418 0.299550
v 1.047369 -0.667007 0.301631
v 1.225841 -0.748800 0.304873
v 0.469923 -0.143865 0.332586
v 0.468863 -0.118907 0.338152
v 0.468486 -0.090521 0.338988
v 0.909942 0.340122 0.255057
v 1.068093 0.410705 0.252228
v 1.237986 0.483452 0.252791
v 0.665752 0.087920 0.240364
v 0.596279 0.080541 0.235025
v 0.539886 0.074320 0.230974
v 0.900424 -0.493896 0.240606
v 1.063728 -0.553250 0.247758
v 1.238266 -0.614550 0.254427
v 0.660213 -0.203509 0.240329
v 0.591093 -0.198723 0.239625
v 0.535037 -0.195895 0.238797
v 0.727144 0.623415 0.240532
v 0.727108 0.629672 0.282207
v 0.728374 0.617427 0.318715
v 0.728136 -0.559934 0.053927
v 0.728054 -0.638510 0.072250
v 0.727829 -0.701642 0.094694
v 0.726796 -0.775491 0.160289
v 0.726595 -0.783947 0.200634
v 0.727468 -0.772434 0.239490
v 0.757521 -0.483523 0.284971
v 0.760305 -0.466531 0.267833
v 0.761918 -0.455528 0.249841
v 0.737795 -0.174252 0.298802
v 0.743507 -0.185244 0.278812
v 0.749129 -0.196396 0.258357
v 0.728420 0.279393 0.062607
v 0.728353 0.185941 0.036118
v 0.728280 0.084998 0.014348
v 0.753444 0.410611 0.330117
v 0.745233 0.472571 0.344790
v 0.737615 0.534306 0.350865
v 0.733090 0.023016 0.317752
v 0.729691 -0.001247 0.325585
v 0.727337 -0.028439 0.330508
v 0.747496 -0.564908 0.305027
v 0.741008 -0.626536 0.303690
v 0.734858 -0.688622 0.292988
v 0.729118 -0.139864 0.326348
v 0.726841 -0.114846 0.332169
v 0.725851 -0.086743 0.334056
v 0.761881 -0.358272 0.212262
v 0.762471 -0.391712 0.215628
v 0.762779 -0.420723 0.222619
v 0.770424 0.161925 0.239529
v 0.767608 0.137631 0.238410
v 0.764134 0.115875 0.240194
v 0.742868 0.058599 0.291167
v 0.748710 0.071187 0.274389
v 0.754527 0.083385 0.258650
v 0.767301 0.324790 0.294699
v 0.771898 0.304605 0.279520
v 0.774987 0.291548 0.266876
v 2.269422 0.792490 0.325122
v 2.313029 0.536830 0.297643
v 2.347623 0.244897 0.275496
v 2.436042 0.728825 0.445857
v 2.478338 0.489621 0.415563
v 2.500007 0.217434 0.386684
v 1.411934 0.676353 0.138939
v 1.420359 0.500182 0.102679
v 1.426973 0.293217 0.071390
v 2.246096 0.463794 0.378956
v 2.253107 0.370078 0.367316
v 2.226766 0.284082 0.355652
v 1.394048 0.299609 0.273338
v 1.389982 0.252479 0.275642
v 1.386015 0.210452 0.278426
v 0.487921 0.098827 0.216883
v 0.487338 0.087251 0.216581
v 0.486441 0.076853 0.219920
v 1.937719 0.400830 0.320042
v 1.939335 0.350975 0.322764
v 1.930237 0.309286 0.324976
v 0.728469 0.441150 0.115012
v 0.728379 0.507026 0.139893
v 0.728142 0.560554 0.167422
v 0.774810 0.214023 0.244018
v 0.776311 0.239112 0.246651
v 0.777016 0.261307 0.250717
v 2.065307 0.975990 0.302473
v 1.859192 0.944743 0.254963
v 1.631706 0.893400 0.210591
v 2.403408 0.973081 0.460681
v 2.388310 0.998103 0.433668
v 2.334261 1.002741 0.395419
v 1.194456 0.707742 0.141789
v 1.009553 0.584780 0.118833
v 0.852999 0.464426 0.101963
v 2.278164 0.640740 0.417828
v 2.325922 0.739409 0.445035
v 2.364717 0.838526 0.465293
v 0.544228 0.125914 0.223289
v 0.602393 0.141560 0.228872
v 0.674644 0.161156 0.235259
v 1.553916 0.388023 0.281210
v 1.695473 0.418852 0.293287
v 1.821229 0.442825 0.306355
v 2.165109 0.509118 0.367319
v 2.098846 0.482664 0.349002
v 2.021689 0.469655 0.333705
v 0.301349 0.062227 0.223928
v 0.426091 0.094995 0.217123
v 0.637899 0.299296 0.081029
v 0.576344 0.263832 0.073589
v 0.537121 0.249603 0.065479
v 0.904514 0.223270 0.248147
v 1.061118 0.264922 0.254644
v 1.229775 0.308789 0.261937
v 2.264494 -0.921811 0.324556
v 2.309265 -0.667287 0.297062
v 2.345597 -0.375537 0.275144
v 2.430602 -0.899591 0.439808
v 2.474270 -0.676369 0.409294
v 2.497774 -0.416530 0.381344
v 1.409996 -0.656118 0.090907
v 1.418916 -0.430811 0.068130
v 1.426206 -0.185082 0.053358
v 2.249252 -0.601811 0.307291
v 2.256530 -0.518134 0.299928
v 2.229652 -0.439212 0.293535
v 1.391001 -0.410407 0.211675
v 1.386766 -0.361305 0.215705
v 1.382751 -0.318009 0.223981
v 0.479923 -0.241138 0.217493
v 0.480944 -0.221867 0.220340
v 0.481224 -0.205868 0.226565
v 1.948771 -0.495257 0.230676
v 1.950686 -0.449864 0.232647
v 1.940615 -0.413821 0.236656
v 0.728149 -0.363189 0.020995
v 0.728157 -0.251222 0.007319
v 0.728177 -0.136217 -0.000368
v 0.760364 -0.289621 0.213683
v 0.759166 -0.258750 0.218539
v 0.757143 -0.232127 0.227163
v 2.060867 -1.074285 0.288925
v 1.855550 -1.011343 0.225262
v 1.628833 -0.933296 0.165298
v 2.396845 -1.129020 0.465525
v 2.381848 -1.151819 0.442934
v 2.328303 -1.147521 0.403017
v 1.192911 -0.740211 0.079549
v 1.008526 -0.637114 0.056784
v 0.852383 -0.542795 0.043755
v 2.277472 -0.777823 0.358281
v 2.322885 -0.883892 0.404390
v 2.359841 -0.988618 0.443637
v 0.533241 -0.272628 0.214210
v 0.590667 -0.284363 0.213096
v 0.662637 -0.300426 0.212329
v 1.555237 -0.493039 0.215244
v 1.700451 -0.516502 0.218949
v 1.829129 -0.535563 0.224471
v 2.170033 -0.625927 0.281819
v 2.106348 -0.588517 0.258628
v 2.030888 -0.566598 0.242899
v 0.426079 0.123016 0.237464
v 0.311622 0.081742 0.240058
v 0.637766 -0.418572 0.034481
v 0.576308 -0.392411 0.032731
v 0.537125 -0.382520 0.029708
v 0.894093 -0.354557 0.211364
v 1.052684 -0.391099 0.211267
v 1.224030 -0.428918 0.211720
v 0.247290 0.039220 0.301282
v 0.261770 0.052493 0.291792
v 0.240560 -0.199341 0.320400
v 0.253706 0.052693 0.236009
v 0.257612 0.057928 0.237682
v 0.267044 0.064286 0.240582
v 0.246270 -0.229768 0.244278
v 0.248986 -0.240272 0.244790
v 0.257237 -0.249870 0.246463
v 0.251938 -0.163551 0.311255
v 0.252383 -0.175050 0.287255
v 0.261598 -0.183309 0.266175
v 0.256111 -0.249832 0.260527
v 0.249517 -0.241149 0.277039
v 0.254227 -0.233625 0.293176
v 0.265017 0.035712 0.254760
v 0.255647 0.027994 0.275023
v 0.255012 0.017728 0.298669
v 0.266444 0.065092 0.252828
v 0.259420 0.060553 0.265718
v 0.263800 0.058357 0.278331
v 0.247616 0.016373 0.312410
v 0.253430 0.045566 0.234488
v 0.257065 0.043262 0.235193
v 0.266237 0.041653 0.238082
v 0.218780 0.030510 0.290863
v 0.210874 0.032673 0.271981
v 0.222392 0.038719 0.252098
v 0.241498 -0.177916 0.325124
v 0.243644 -0.167086 0.327080
v 0.248143 -0.209402 0.244111
v 0.252617 -0.200591 0.245117
v 0.262372 -0.193277 0.248362
v 0.213122 -0.191518 0.306322
v 0.205204 -0.198441 0.285125
v 0.216522 -0.208153 0.263200
v 0.417153 -0.252472 0.218247
v 0.294339 -0.230574 0.230954
v 0.299665 -0.269236 0.241938
v 0.410404 -0.308130 0.228599
v 0.420770 0.108805 0.290212
v 0.419749 -0.192670 0.239012
v 0.306821 -0.189723 0.246809
v 0.423890 0.060882 0.228304
v 0.310454 0.045970 0.235996
v 0.483143 0.060898 0.243518
v 0.480795 0.053859 0.262520
v 0.478243 0.045035 0.282648
v 0.299498 0.010037 0.315963
v 0.415670 0.026155 0.304134
v 0.528771 0.036868 0.300514
v 0.582712 0.039631 0.302024
v 0.648600 0.041498 0.304341
v 0.638120 -0.058686 0.334141
v 0.573189 -0.059712 0.334400
v 0.520375 -0.060510 0.334915
v 0.411953 -0.159706 0.322797
v 0.296616 -0.149830 0.329690
v 0.644220 -0.161917 0.318078
v 0.578470 -0.163517 0.319245
v 0.524597 -0.164093 0.319831
v 0.473349 0.014902 0.315103
v 0.471337 -0.007274 0.325249
v 0.469781 -0.032968 0.332162
v 0.276981 -0.013701 0.335871
v 0.284799 -0.083303 0.351153
v 0.638855 0.549942 0.311339
v 0.637616 0.561871 0.273495
v 0.637375 0.555126 0.230806
v 0.577268 0.504069 0.304268
v 0.576416 0.516752 0.264569
v 0.576201 0.510501 0.220514
v 0.536905 0.475600 0.298890
v 0.536966 0.490056 0.256401
v 0.537062 0.484848 0.210355
v 1.618417 -1.068601 0.185859
v 1.838905 -1.146192 0.244837
v 2.037574 -1.206680 0.307342
v 1.612290 -1.151980 0.203969
v 1.827617 -1.225664 0.260662
v 2.018391 -1.281204 0.319998
v 1.608756 -1.197920 0.223457
v 1.818675 -1.265713 0.276702
v 1.997576 -1.314259 0.330319
v 2.295457 -1.275100 0.420605
v 2.347117 -1.277592 0.460861
v 2.361737 -1.252079 0.483591
v 2.262894 -1.342581 0.427975
v 2.311671 -1.344177 0.467194
v 2.325119 -1.318973 0.489832
v 2.213325 -1.365121 0.424808
v 2.255933 -1.366176 0.461087
v 2.267179 -1.342961 0.483423
v 2.015790 1.207196 0.446948
v 2.012253 1.227695 0.419373
v 1.997292 1.229384 0.386529
v 1.820761 1.165932 0.418332
v 1.820961 1.186242 0.389526
v 1.817225 1.189331 0.355223
v 1.604283 1.104350 0.388847
v 1.605412 1.124187 0.358677
v 1.606403 1.127430 0.322823
v 1.603255 -1.214123 0.345457
v 1.604501 -1.232089 0.315499
v 1.605557 -1.232902 0.280757
v 1.819827 -1.272118 0.388631
v 1.820296 -1.291107 0.361702
v 1.816631 -1.292876 0.328744
v 2.014663 -1.313072 0.430094
v 2.011529 -1.332848 0.405810
v 1.996644 -1.334166 0.373976
v 1.587971 -0.833755 0.299882
v 1.746725 -0.874628 0.302388
v 1.883533 -0.892584 0.303506
v 1.580176 -0.794134 0.286767
v 1.728163 -0.832752 0.287381
v 1.852826 -0.849109 0.286269
v 1.572153 -0.758899 0.274907
v 1.710914 -0.795247 0.275332
v 1.823692 -0.811045 0.274026
v 0.852277 -0.645750 0.061726
v 1.007815 -0.751515 0.076164
v 1.190582 -0.865038 0.100038
v 0.852075 -0.727681 0.080897
v 1.007214 -0.836029 0.095931
v 1.189054 -0.950925 0.119956
v 0.851633 -0.789814 0.103731
v 1.006433 -0.895493 0.118790
v 1.187769 -1.006518 0.142360
v 0.849859 -0.854287 0.246453
v 0.848987 -0.866550 0.208630
v 0.849647 -0.859202 0.168973
v 1.002949 -0.949501 0.258732
v 1.002238 -0.963036 0.222137
v 1.003425 -0.957501 0.183241
v 1.182692 -1.047782 0.278267
v 1.182389 -1.062856 0.243285
v 1.184015 -1.059514 0.205378
v 0.892808 -0.550908 0.287468
v 1.055183 -0.626665 0.290330
v 1.232878 -0.703718 0.293445
v 0.897107 -0.528880 0.272176
v 1.060332 -0.599403 0.276795
v 1.237019 -0.671490 0.281129
v 0.899560 -0.512491 0.255834
v 1.063089 -0.577504 0.262210
v 1.238678 -0.644355 0.268074
v 1.646947 0.736962 0.178856
v 1.883332 0.771004 0.225678
v 2.098391 0.786756 0.275676
v 1.663276 0.536995 0.143865
v 1.909247 0.548917 0.193339
v 2.133942 0.545633 0.246224
v 1.676173 0.302890 0.113860
v 1.929769 0.291052 0.166025
v 2.162130 0.268216 0.221899
v 2.379615 0.794096 0.370330
v 2.435713 0.787913 0.407791
v 2.450334 0.767998 0.434072
v 2.428313 0.529738 0.343072
v 2.486128 0.521763 0.379392
v 2.498831 0.508687 0.404079
v 2.466848 0.229129 0.321378
v 2.525337 0.219042 0.356297
v 2.533828 0.212078 0.377980
v 0.648273 -0.174807 0.300885
v 0.581823 -0.175552 0.301538
v 0.527411 -0.175766 0.301645
v 0.652709 -0.183644 0.280008
v 0.585396 -0.182983 0.280000
v 0.530403 -0.182538 0.279578
v 0.656899 -0.192015 0.258729
v 0.588662 -0.189482 0.258179
v 0.533101 -0.188039 0.257378
v 0.853038 0.369088 0.072474
v 1.010430 0.476919 0.087202
v 1.197695 0.585227 0.108715
v 0.853046 0.259821 0.042924
v 1.011323 0.347592 0.054398
v 1.201116 0.433097 0.073372
v 0.853017 0.137938 0.018205
v 1.011976 0.199268 0.026499
v 1.203761 0.255519 0.042978
v 1.958146 -0.324777 0.271594
v 1.782416 -0.278356 0.272574
v 1.582149 -0.239013 0.274796
v 1.912378 -0.339347 0.258728
v 1.753139 -0.298001 0.259622
v 1.568554 -0.260663 0.261138
v 1.870537 -0.352489 0.247809
v 1.728702 -0.317407 0.247662
v 1.558983 -0.283312 0.247899
v 1.597859 0.837838 0.351650
v 1.782256 0.889194 0.377500
v 1.945576 0.916577 0.403860
v 1.600617 0.918935 0.379349
v 1.796521 0.973537 0.405749
v 1.971473 1.005160 0.432296
v 1.602124 0.998060 0.399617
v 1.807941 1.055740 0.426841
v 1.992839 1.091575 0.453769
v 0.881739 0.492531 0.327131
v 1.038491 0.585123 0.323589
v 1.215614 0.679391 0.323867
v 0.871454 0.557545 0.344433
v 1.026908 0.654283 0.344139
v 1.204930 0.753055 0.347633
v 0.861949 0.621872 0.353352
v 1.016181 0.722363 0.356509
v 1.194894 0.825299 0.363435
v 2.305563 0.522236 0.402140
v 2.318164 0.398702 0.384627
v 2.294965 0.282046 0.367037
v 2.359217 0.594854 0.424874
v 2.380082 0.433530 0.401638
v 2.365197 0.274044 0.378359
v 2.403925 0.667951 0.441371
v 2.435842 0.464538 0.413522
v 2.436966 0.249225 0.385930
v 0.639376 -0.029352 0.330763
v 0.641641 -0.002029 0.325184
v 0.644766 0.022012 0.316634
v 0.574402 -0.030234 0.330452
v 0.576533 -0.003001 0.324259
v 0.579373 0.020713 0.315043
v 0.521507 -0.031351 0.330582
v 0.523416 -0.004603 0.323913
v 0.525904 0.018537 0.314144
v 2.062023 0.118675 0.338220
v 1.857256 0.077258 0.328536
v 1.626601 0.053293 0.321866
v 2.120003 0.068300 0.342512
v 1.895908 0.031364 0.332031
v 1.648195 0.014687 0.325707
v 2.177850 -0.002701 0.344613
v 1.928985 -0.022632 0.333451
v 1.664886 -0.026856 0.327405
v 2.249151 -0.870580 0.367845
v 2.213756 -0.945403 0.373648
v 2.158629 -0.998691 0.374972
v 2.292103 -0.986023 0.416937
v 2.255788 -1.058778 0.423032
v 2.198960 -1.103567 0.422046
v 2.326986 -1.099726 0.459007
v 2.290238 -1.170073 0.465395
v 2.232421 -1.206092 0.462183
v 1.942662 -1.027417 0.361840
v 1.781067 -1.002663 0.349148
v 1.598232 -0.955992 0.335501
v 1.968784 -1.115026 0.397011
v 1.795121 -1.085398 0.375971
v 1.600313 -1.035207 0.353862
v 1.990589 -1.200009 0.425371
v 1.806536 -1.165536 0.395927
v 1.601337 -1.111992 0.365194
v 0.651367 -0.505221 0.304820
v 0.583610 -0.457550 0.305987
v 0.535870 -0.416569 0.308989
v 0.647303 -0.565901 0.303238
v 0.582427 -0.519418 0.304674
v 0.539284 -0.481576 0.308178
v 0.643218 -0.627769 0.291854
v 0.580056 -0.583229 0.293526
v 0.538556 -0.549165 0.298336
v 0.848661 -0.137735 0.321608
v 0.999994 -0.138389 0.315616
v 1.181283 -0.144643 0.309463
v 0.846439 -0.112578 0.328074
v 0.999090 -0.112509 0.322952
v 1.184185 -0.117091 0.317864
v 0.845706 -0.084798 0.330902
v 0.999545 -0.084385 0.326961
v 1.187576 -0.087384 0.323250
v 1.622379 -0.185124 0.300962
v 1.854430 -0.224435 0.300300
v 2.060695 -0.279769 0.302845
v 1.644963 -0.150241 0.312031
v 1.893547 -0.185012 0.313413
v 2.118521 -0.238871 0.319054
v 1.663145 -0.111171 0.320645
v 1.927660 -0.135844 0.324207
v 2.176900 -0.176040 0.332913
v 0.662106 -0.331446 0.211463
v 0.589322 -0.312328 0.211371
v 0.531454 -0.297908 0.212115
v 0.661524 -0.360925 0.212979
v 0.587939 -0.338625 0.211574
v 0.529601 -0.321403 0.211574
v 0.660918 -0.385775 0.218281
v 0.586672 -0.360053 0.215607
v 0.527917 -0.339882 0.214809
v 1.822103 -0.600167 0.231096
v 1.698165 -0.579147 0.226225
v 1.556836 -0.553035 0.222780
v 1.813670 -0.665753 0.241208
v 1.695837 -0.643237 0.237539
v 1.558563 -0.613757 0.234643
v 1.804938 -0.723869 0.252679
v 1.694789 -0.702810 0.250707
v 1.561092 -0.670752 0.248630
v 0.673066 0.140113 0.232438
v 0.601366 0.123995 0.226009
v 0.543569 0.111068 0.220679
v 0.671188 0.120304 0.231224
v 0.600127 0.107457 0.224973
v 0.542739 0.097101 0.219984
v 0.668816 0.102612 0.233303
v 0.598493 0.092715 0.227426
v 0.541568 0.084643 0.222863
v 1.825728 0.386035 0.308046
v 1.696819 0.363076 0.295985
v 1.552369 0.333697 0.284256
v 1.827701 0.336928 0.311977
v 1.697941 0.313761 0.300205
v 1.550959 0.284643 0.287773
v 1.827066 0.295132 0.315904
v 1.700109 0.270787 0.304804
v 1.550798 0.241260 0.291717
v 2.189039 -0.554474 0.277447
v 2.192572 -0.489917 0.274407
v 2.164880 -0.430927 0.272531
v 2.121904 -0.525808 0.256072
v 2.123538 -0.472683 0.255668
v 2.097922 -0.426016 0.256581
v 2.043347 -0.508526 0.241152
v 2.044742 -0.461273 0.242236
v 2.024984 -0.421862 0.244854
v 1.585986 0.117511 0.311588
v 1.783649 0.147837 0.320881
v 1.956573 0.186392 0.330610
v 1.571188 0.144874 0.306263
v 1.752625 0.176496 0.317464
v 1.908641 0.212908 0.327712
v 1.560250 0.172687 0.301042
v 1.726429 0.204068 0.313624
v 1.864971 0.236456 0.323884
v 0.864485 0.062452 0.293475
v 1.015196 0.068744 0.295713
v 1.189636 0.079018 0.298878
v 0.871808 0.077360 0.278361
v 1.022804 0.086471 0.282710
v 1.194653 0.099908 0.288308
v 0.879334 0.092642 0.264247
v 1.031027 0.105298 0.270634
v 1.200988 0.122320 0.278519
v 2.144773 0.592517 0.375922
v 2.116209 0.671256 0.382699
v 2.069645 0.735371 0.383844
v 2.082035 0.558773 0.356485
v 2.057710 0.633124 0.363697
v 2.017504 0.694678 0.366099
v 2.008599 0.540052 0.339980
v 1.989783 0.609133 0.347080
v 1.958980 0.665527 0.350235
v 0.409792 -0.286044 0.287395
v 0.409071 -0.296179 0.265342
v 0.409330 -0.304932 0.244611
v 0.293901 -0.246463 0.290979
v 0.291875 -0.256357 0.273166
v 0.295473 -0.265158 0.255629
v 0.669570 0.265259 0.295177
v 0.598106 0.218122 0.291528
v 0.541301 0.178533 0.285957
v 0.673241 0.248949 0.279754
v 0.600689 0.206137 0.276033
v 0.542467 0.171936 0.270585
v 0.675771 0.240236 0.266366
v 0.602659 0.201669 0.262309
v 0.543822 0.171555 0.256775
v 1.885890 0.782786 0.355907
v 1.746773 0.761186 0.329842
v 1.585864 0.715139 0.304186
v 1.854243 0.741333 0.341217
v 1.727318 0.721043 0.316154
v 1.577225 0.677029 0.290790
v 1.823728 0.705789 0.329778
v 1.709075 0.685947 0.306950
v 1.568596 0.643950 0.282730
v 1.183909 0.922513 0.345297
v 1.183579 0.939669 0.312482
v 1.185135 0.939780 0.273952
v 1.004092 0.813939 0.333531
v 1.003261 0.829184 0.299472
v 1.004350 0.826845 0.259812
v 0.850878 0.708387 0.325504
v 0.849749 0.721858 0.290223
v 0.850278 0.717210 0.249528
v 0.537125 -0.458380 0.044337
v 0.576306 -0.471512 0.047632
v 0.637761 -0.503080 0.050041
v 0.537123 -0.526804 0.060465
v 0.576296 -0.542869 0.064259
v 0.637726 -0.577977 0.067457
v 0.537120 -0.584410 0.081358
v 0.576268 -0.602949 0.085477
v 0.637631 -0.640200 0.089281
v 0.536213 -0.645664 0.238635
v 0.536783 -0.660479 0.193731
v 0.537064 -0.653879 0.149049
v 0.576476 -0.670825 0.236069
v 0.576161 -0.683432 0.194279
v 0.576145 -0.675550 0.151771
v 0.638010 -0.711841 0.236196
v 0.637265 -0.723380 0.196223
v 0.637215 -0.714772 0.155059
v 0.527037 -0.348886 0.283241
v 0.584323 -0.386215 0.282294
v 0.657219 -0.429591 0.283048
v 0.526045 -0.347455 0.261538
v 0.584658 -0.378749 0.262090
v 0.658743 -0.417211 0.264312
v 0.525976 -0.350693 0.240521
v 0.585054 -0.377447 0.241816
v 0.659670 -0.411184 0.245028
v 1.183189 -0.189628 0.283561
v 1.008878 -0.179168 0.289309
v 0.858761 -0.174928 0.294719
v 1.188480 -0.209154 0.267482
v 1.016519 -0.196005 0.271831
v 0.865992 -0.188739 0.275892
v 1.195227 -0.230709 0.251236
v 1.024841 -0.214476 0.254008
v 0.873418 -0.203476 0.256621
v 0.537125 0.178927 0.042261
v 0.576340 0.190443 0.049561
v 0.637880 0.221168 0.055652
v 0.537127 0.104561 0.019770
v 0.576333 0.113472 0.026480
v 0.637852 0.138232 0.031310
v 0.537127 0.026933 0.001656
v 0.576324 0.033197 0.007840
v 0.637822 0.050798 0.011542
v 0.544730 0.252502 0.319040
v 0.592074 0.294937 0.324906
v 0.658882 0.345879 0.329170
v 0.545426 0.317047 0.332281
v 0.588308 0.356543 0.337708
v 0.652555 0.406555 0.342348
v 0.542251 0.382895 0.337816
v 0.583668 0.419031 0.341891
v 0.646513 0.467540 0.346748
v 1.186664 0.031897 0.316672
v 1.005063 0.027008 0.316888
v 0.853166 0.024376 0.317605
v 1.188098 0.003964 0.322251
v 1.002745 0.001390 0.323258
v 0.849674 -0.000229 0.324716
v 1.189630 -0.025849 0.325318
v 1.001456 -0.026345 0.326952
v 0.847394 -0.027341 0.329016
v 1.215898 -0.811352 0.314731
v 1.036971 -0.725046 0.309308
v 0.877946 -0.640148 0.306334
v 1.204658 -0.883407 0.320201
v 1.025509 -0.792993 0.311147
v 0.868614 -0.704402 0.306023
v 1.194131 -0.953855 0.317929
v 1.014856 -0.859957 0.304726
v 0.859901 -0.768379 0.296895
v 0.641082 -0.142333 0.329082
v 0.638995 -0.117203 0.334505
v 0.637995 -0.088622 0.335730
v 0.575791 -0.144202 0.330408
v 0.573954 -0.118922 0.335669
v 0.573055 -0.089988 0.336507
v 0.522365 -0.144902 0.331264
v 0.520862 -0.119617 0.336579
v 0.520172 -0.090675 0.337292
v 1.228678 -0.480236 0.217676
v 1.056566 -0.436757 0.215484
v 0.896456 -0.394524 0.213641
v 1.232866 -0.530326 0.227805
v 1.060013 -0.480904 0.223529
v 0.898531 -0.432963 0.219297
v 1.236195 -0.576120 0.240569
v 1.062557 -0.520686 0.234566
v 0.899970 -0.467034 0.228297
v 1.225372 0.262695 0.263599
v 1.056952 0.225576 0.254899
v 0.901174 0.191052 0.246965
v 1.220150 0.219909 0.264710
v 1.051939 0.188798 0.254995
v 0.897155 0.160815 0.246296
v 1.214239 0.181586 0.266696
v 1.045984 0.155793 0.256625
v 0.892274 0.133686 0.247896
v 1.231653 0.570115 0.279576
v 1.057268 0.484133 0.282392
v 0.898897 0.399687 0.289137
v 1.235649 0.538084 0.265629
v 1.062945 0.455923 0.268014
v 0.904428 0.375508 0.274327
v 1.237573 0.511794 0.256875
v 1.066449 0.433874 0.257997
v 0.908055 0.357947 0.262896
v 1.610220 1.101651 0.267059
v 1.820208 1.166077 0.304152
v 1.999335 1.208623 0.342937
v 1.614375 1.065972 0.250047
v 1.830032 1.131131 0.289899
v 2.021212 1.175322 0.332777
v 1.621049 1.000400 0.233168
v 1.842135 1.061844 0.275348
v 2.041440 1.102605 0.320809
v 2.215647 1.250502 0.420221
v 2.258589 1.250282 0.455811
v 2.270321 1.226699 0.482981
v 2.266693 1.219641 0.420166
v 2.315963 1.218133 0.458136
v 2.329816 1.192202 0.485736
v 2.300664 1.141805 0.412124
v 2.352866 1.138723 0.450781
v 2.367740 1.111898 0.478284
v 0.852230 0.660500 0.178734
v 1.007356 0.779085 0.192383
v 1.188988 0.901533 0.210434
v 0.852699 0.610067 0.152328
v 1.008211 0.733398 0.168037
v 1.190447 0.860774 0.188614
v 0.852918 0.544773 0.127891
v 1.008865 0.669601 0.144936
v 1.192115 0.798165 0.167418
v 2.162726 0.885377 0.435326
v 2.217011 0.826714 0.436394
v 2.251127 0.743918 0.429897
v 2.203173 0.988651 0.464763
v 2.259947 0.936649 0.466335
v 2.295823 0.853933 0.459359
v 2.236462 1.090325 0.487164
v 2.294943 1.045573 0.489080
v 2.332014 0.963641 0.481596
v 0.677562 0.219591 0.247766
v 0.604277 0.188921 0.242638
v 0.545326 0.164899 0.236829
v 0.677099 0.202446 0.242315
v 0.604025 0.175564 0.236645
v 0.545252 0.154383 0.230821
v 0.676045 0.182430 0.238418
v 0.603327 0.159240 0.232304
v 0.544828 0.140842 0.226555
v 1.802143 0.624604 0.316793
v 1.691402 0.599133 0.297045
v 1.557700 0.560450 0.276944
v 1.809343 0.569589 0.312894
v 1.691922 0.542201 0.294548
v 1.555861 0.505496 0.277195
v 1.815919 0.506425 0.308658
v 1.693698 0.480242 0.293034
v 1.554904 0.446552 0.278752
v 2.159075 0.290863 0.347013
v 2.185969 0.356449 0.353464
v 2.182694 0.429568 0.359901
v 2.089359 0.300824 0.340001
v 2.114030 0.353739 0.342440
v 2.112715 0.413994 0.344703
v 2.014681 0.309101 0.332836
v 2.033410 0.354539 0.332615
v 2.032360 0.407593 0.331890
v 0.411817 -0.302384 0.219695
v 0.413477 -0.289302 0.216532
v 0.415339 -0.271733 0.216808
v 0.297604 -0.265146 0.234529
v 0.294164 -0.255521 0.231510
v 0.293376 -0.243414 0.230830
v 0.537092 0.424871 0.134827
v 0.576294 0.447400 0.145911
v 0.637760 0.490485 0.156678
v 0.537103 0.375110 0.108928
v 0.576327 0.395099 0.119251
v 0.637861 0.436560 0.129237
v 0.537113 0.315779 0.086953
v 0.576341 0.332904 0.096164
v 0.637899 0.371892 0.104966
v 1.237356 0.447059 0.252685
v 1.068171 0.380757 0.250367
v 0.910271 0.316628 0.250778
v 1.235778 0.403818 0.255195
v 1.066902 0.344850 0.251147
v 0.909296 0.287987 0.249042
v 1.233250 0.356728 0.258790
v 1.064485 0.305425 0.253072
v 0.907287 0.256201 0.248586
v 1.675115 -0.228339 0.099249
v 1.928388 -0.280423 0.156249
v 2.160418 -0.332451 0.217249
v 1.661296 -0.495640 0.115958
v 1.906672 -0.561051 0.174726
v 2.130758 -0.620462 0.237429
v 1.644316 -0.737436 0.140284
v 1.879941 -0.811495 0.200110
v 2.094217 -0.874288 0.263747
v 2.464560 -0.402653 0.323541
v 2.522895 -0.414200 0.358896
v 2.531404 -0.413996 0.378600
v 2.424055 -0.696089 0.347298
v 2.481574 -0.706015 0.384519
v 2.494305 -0.698103 0.405928
v 2.374027 -0.950366 0.376412
v 2.429708 -0.957493 0.415249
v 2.444323 -0.941130 0.437536
v 0.852817 -0.137302 0.001348
v 1.011637 -0.142867 0.007902
v 1.203234 -0.157324 0.023753
v 0.852666 -0.281284 0.010133
v 1.010677 -0.322014 0.018439
v 1.200118 -0.372246 0.036388
v 0.852512 -0.419135 0.025592
v 1.009544 -0.490828 0.036347
v 1.196340 -0.571933 0.056904
v 2.295535 -0.450561 0.319467
v 2.318823 -0.559526 0.332307
v 2.305785 -0.671561 0.345870
v 2.364193 -0.454367 0.346236
v 2.378563 -0.605099 0.366020
v 2.356964 -0.753380 0.386468
v 2.435091 -0.440110 0.368710
v 2.432758 -0.644902 0.394087
v 2.399753 -0.833629 0.420614
v 0.662184 -0.220901 0.227327
v 0.592299 -0.213562 0.227012
v 0.535856 -0.208940 0.226623
v 0.663006 -0.243712 0.219190
v 0.592435 -0.233595 0.219518
v 0.535674 -0.226834 0.219807
v 0.663038 -0.270651 0.214623
v 0.591794 -0.257602 0.215445
v 0.534725 -0.248442 0.216339
v 1.835424 -0.396577 0.231223
v 1.704902 -0.372711 0.227533
v 1.551341 -0.345675 0.225115
v 1.836825 -0.433673 0.225626
v 1.703246 -0.412744 0.220637
v 1.551801 -0.388281 0.217373
v 1.834683 -0.479797 0.222922
v 1.702134 -0.460690 0.217338
v 1.553386 -0.437659 0.213667
v 2.066906 -0.842275 0.298907
v 2.115759 -0.779209 0.293536
v 2.147183 -0.703646 0.287475
v 2.016077 -0.797422 0.277356
v 2.058945 -0.734905 0.270477
v 2.086593 -0.661365 0.263770
v 1.959202 -0.764729 0.263863
v 1.992602 -0.705955 0.255776
v 2.014761 -0.635814 0.248192
v 0.426337 0.104888 0.219712
v 0.426525 0.113834 0.223387
v 0.426545 0.120383 0.229014
v 0.301794 0.067587 0.225634
v 0.304026 0.073404 0.228320
v 0.308761 0.078934 0.232833
v 0.537125 -0.136203 -0.008011
v 0.576311 -0.135908 -0.003252
v 0.637778 -0.135959 -0.001223
v 0.537125 -0.219669 0.000726
v 0.576309 -0.222721 0.004647
v 0.637770 -0.232364 0.006232
v 0.537125 -0.302313 0.014419
v 0.576308 -0.308802 0.017689
v 0.637766 -0.327438 0.019162
v 1.208541 -0.291840 0.224119
v 1.039108 -0.268255 0.225074
v 0.885094 -0.248075 0.226277
v 1.214130 -0.332961 0.215472
v 1.044305 -0.305083 0.216219
v 0.888811 -0.279678 0.217418
v 1.219220 -0.379200 0.211099
v 1.048689 -0.346587 0.211534
v 0.891655 -0.315687 0.212542
v 0.213167 -0.200889 0.304316
v 0.217460 -0.210966 0.301315
v 0.229992 -0.221932 0.297173
v 0.205240 -0.207327 0.284013
v 0.209715 -0.217187 0.282380
v 0.223047 -0.228290 0.280105
v 0.216405 -0.217366 0.262875
v 0.220377 -0.227240 0.262530
v 0.232383 -0.237782 0.262214
v 0.219069 0.025444 0.293351
v 0.222287 0.020956 0.295855
v 0.232015 0.017780 0.298203
v 0.211396 0.029367 0.273284
v 0.215965 0.027058 0.274565
v 0.228904 0.026245 0.275619
v 0.222941 0.036085 0.252350
v 0.227601 0.034442 0.253142
v 0.240332 0.034013 0.254619
v 0.238442 0.049064 0.281527
v 0.224908 0.041762 0.285174
v 0.219699 0.035794 0.288244
v 0.231628 0.049929 0.267468
v 0.217204 0.042298 0.269072
v 0.211781 0.036800 0.270578
v 0.241385 0.054904 0.252806
v 0.228229 0.047573 0.252135
v 0.223225 0.042377 0.251947
v 0.228612 -0.167624 0.310669
v 0.218261 -0.174558 0.309149
v 0.214264 -0.182678 0.307779
v 0.225357 -0.178014 0.287423
v 0.211864 -0.183452 0.286608
v 0.206559 -0.190408 0.285875
v 0.236637 -0.186695 0.265610
v 0.223368 -0.192460 0.264048
v 0.217956 -0.199753 0.263371
v 0.424956 0.120976 0.249209
v 0.423809 0.116637 0.263141
v 0.423069 0.112674 0.277629
v 0.307435 0.079477 0.250883
v 0.303364 0.074972 0.263919
v 0.304749 0.070819 0.276940
v 0.418655 -0.233965 0.219340
v 0.419718 -0.217319 0.221629
v 0.420199 -0.203302 0.227419
v 0.295728 -0.218303 0.230996
v 0.298662 -0.207185 0.232389
v 0.303814 -0.197601 0.237057
v 0.424947 0.068183 0.219028
v 0.425481 0.076390 0.215243
v 0.425821 0.085375 0.215194
v 0.307879 0.049947 0.227231
v 0.303437 0.053603 0.223318
v 0.301499 0.057605 0.222745
v 0.418149 -0.185562 0.257672
v 0.415920 -0.179650 0.280508
v 0.413709 -0.171998 0.303566
v 0.302350 -0.182896 0.263403
v 0.296538 -0.175185 0.285246
v 0.294598 -0.164639 0.309079
v 0.297771 0.022947 0.294845
v 0.417630 0.038440 0.285054
v 0.299843 0.033017 0.271725
v 0.419838 0.047353 0.263967
v 0.305767 0.040507 0.251223
v 0.422071 0.054342 0.244030
v 0.531816 0.049759 0.282867
v 0.586329 0.053083 0.285028
v 0.652955 0.055774 0.288129
v 0.534827 0.058835 0.263476
v 0.589971 0.062817 0.266298
v 0.657506 0.066652 0.270198
v 0.537589 0.066292 0.245219
v 0.593376 0.071186 0.248682
v 0.661892 0.076558 0.253345
v 0.410939 -0.140748 0.335068
v 0.410578 -0.116561 0.341005
v 0.410701 -0.089442 0.342160
v 0.301081 -0.130538 0.342079
v 0.305155 -0.108569 0.347859
v 0.308211 -0.085540 0.349395
v 0.411889 -0.035283 0.335804
v 0.412851 -0.011318 0.328967
v 0.414089 0.009427 0.318703
v 0.309063 -0.041691 0.344996
v 0.306809 -0.022430 0.339441
v 0.303435 -0.005189 0.330409
v -0.513569 -0.620910 0.104807
v -0.508133 -0.583992 0.288297
v -0.513569 -0.054000 -0.018248
v -0.476097 -0.320584 0.307225
v -0.246417 0.032222 0.304886
v -0.264497 0.002191 0.322802
v -0.513449 0.473564 0.200971
v -0.512112 0.462728 0.295407
v -0.513569 -0.456833 0.037792
v -0.513569 -0.523402 0.053886
v -0.513569 -0.579104 0.075002
v -0.513005 -0.651673 0.192871
v -0.513500 0.416472 0.123131
v -0.511781 0.216982 0.313936
v -0.513131 -0.515184 0.306693
v -0.513561 0.178327 0.031681
v -0.513567 0.104402 0.009323
v -0.513569 0.026743 -0.008594
v -0.513569 -0.303006 0.007198
v -0.513569 -0.220588 -0.007370
v -0.513569 -0.136983 -0.017052
v -0.251600 0.045810 0.297062
v -0.243919 -0.209853 0.316229
v -0.253142 -0.220451 0.310231
v -0.246346 0.024397 0.308492
v -0.251922 0.008954 0.316902
v -0.248702 -0.156613 0.329739
v -0.296521 -0.236501 0.306180
v -0.409192 -0.275809 0.306903
v -0.306607 0.066674 0.288025
v -0.281657 -0.028955 0.343334
v -0.285477 -0.045549 0.347792
v -0.275013 -0.123798 0.345155
v -0.280320 -0.103558 0.349850
v -0.509587 0.414790 0.331052
v -2.091321 -1.348153 0.379333
v -2.157915 -1.289778 0.467685
v -0.513494 0.452084 0.157058
v -2.092617 1.239962 0.383679
v -2.160413 1.180092 0.482439
v -1.390599 1.033338 0.260147
v -1.387056 -1.100902 0.329741
v -1.389444 -1.139127 0.203687
v -1.388067 0.982717 0.380433
v -2.361143 -0.065275 0.266297
v -2.462347 -0.101367 0.363175
v -1.429436 0.061934 0.053085
v -1.381778 -0.186166 0.292277
v -1.409558 0.698677 0.305987
v -2.036195 0.833971 0.396791
v -0.487483 0.155103 0.297014
v -2.148768 0.211258 0.344340
v -1.387608 0.069174 0.311561
v -2.150369 -0.367733 0.288838
v -2.032154 -0.943667 0.331628
v -1.411517 -0.824175 0.309635
v -1.414332 -0.061130 0.324605
v -1.379181 -0.281878 0.235439
v -1.406504 0.551171 0.260815
v -1.870456 0.674563 0.334852
v -0.488363 0.146949 0.240285
v -0.485075 0.068057 0.228592
v -1.914272 0.280680 0.325676
v -1.382699 0.174423 0.282557
v -0.480572 -0.194134 0.238386
v -0.471068 -0.329296 0.225065
v -1.923178 -0.389913 0.240558
v -1.871075 -0.774979 0.263405
v -1.409739 -0.671925 0.259603
v -0.727702 0.599923 0.200534
v -0.730092 -0.740249 0.271651
v -0.727392 -0.747774 0.123662
v -0.731723 0.585412 0.343217
v -0.726046 -0.057369 0.333208
v -0.728217 -0.022818 0.001269
v -0.761111 0.358834 0.311972
v -0.737516 0.043159 0.306322
v -0.753275 -0.514657 0.298269
v -0.732785 -0.159979 0.315396
v -0.776654 0.278890 0.257207
v -0.759801 0.097653 0.246608
v -0.762653 -0.442360 0.233982
v -0.753871 -0.211146 0.240372
v -0.513551 0.247869 0.054654
v -2.228860 0.993841 0.350314
v -2.391955 0.920831 0.472077
v -1.404037 0.815258 0.172160
v -2.224036 0.559779 0.390196
v -1.397663 0.350948 0.270649
v -0.488346 0.111158 0.219134
v -1.930077 0.459331 0.319887
v -0.728466 0.364735 0.089845
v -0.772784 0.187761 0.241823
v -0.513569 -0.382426 0.023048
v -2.223629 -1.120394 0.350129
v -2.385878 -1.074852 0.466437
v -1.401873 -0.841872 0.115191
v -2.226066 -0.687556 0.314895
v -1.395229 -0.463957 0.212958
v -0.478350 -0.262690 0.215807
v -1.939530 -0.551439 0.232209
v -0.728148 -0.467470 0.037324
v -0.761160 -0.323346 0.211776
v -0.274242 0.058277 0.286768
v -0.240631 -0.188777 0.323132
v -0.264845 -0.229241 0.304113
v -0.253029 0.048652 0.235074
v -0.278701 0.069795 0.243803
v -0.246721 -0.219261 0.244209
v -0.268013 -0.256436 0.248902
v -0.261860 -0.145429 0.334410
v -0.274106 -0.188633 0.252658
v -0.277687 0.040919 0.241915
v -0.475695 0.032521 0.300953
v -0.471662 -0.162960 0.320770
v -0.468797 -0.061140 0.336612
v -0.287157 -0.063714 0.350211
v -0.513106 0.478256 0.249515
v -1.607779 1.119153 0.290151
v -1.815245 1.181602 0.324576
v -1.986530 1.221203 0.358551
v -2.194566 -1.249967 0.367757
v -2.167389 -1.320035 0.377282
v -2.130728 -1.346374 0.380230
v -2.131435 1.249781 0.410095
v -2.161712 1.249521 0.442907
v -2.169938 1.228152 0.469839
v -2.351511 -1.193241 0.483796
v -2.314662 -1.261456 0.490254
v -2.256430 -1.290101 0.485115
v -2.168110 -1.337324 0.463423
v -2.160367 -1.358354 0.440785
v -2.130244 -1.358371 0.408139
v -1.602117 -1.174642 0.363634
v -1.814934 -1.230897 0.401745
v -2.006527 -1.269373 0.438341
v -1.606782 -1.221066 0.248324
v -1.814384 -1.283594 0.298301
v -1.985551 -1.326080 0.345784
v -1.603148 1.062989 0.404503
v -1.816165 1.123117 0.432771
v -2.008220 1.162389 0.460371
v -0.513499 -0.645911 0.145434
v -0.511609 -0.635141 0.241651
v -0.637574 0.530853 0.190126
v -0.576238 0.486790 0.179201
v -0.537082 0.462335 0.168074
v -0.639911 -0.679518 0.269528
v -0.577674 -0.636960 0.270841
v -0.536359 -0.607716 0.276117
v -0.637447 -0.686687 0.118070
v -0.576213 -0.648219 0.114153
v -0.537113 -0.627813 0.110278
v -0.641704 0.518218 0.337410
v -0.579540 0.471210 0.331906
v -0.538149 0.439278 0.328674
v -1.388406 1.043474 0.294515
v -1.386642 1.041331 0.331785
v -1.386223 1.022537 0.363308
v -1.396408 -0.974134 0.136146
v -1.393177 -1.059742 0.155573
v -1.391186 -1.110729 0.176934
v -1.387300 -1.154365 0.237668
v -1.385477 -1.155462 0.274203
v -1.385041 -1.138836 0.306994
v -1.376735 -0.208963 0.278460
v -1.375267 -0.230294 0.263702
v -1.376405 -0.253489 0.249022
v -0.513534 0.312109 0.075683
v -0.513515 0.369062 0.097257
v -2.199101 1.128126 0.367297
v -2.170681 1.203700 0.376917
v -2.132797 1.234949 0.381672
v -2.357316 1.054419 0.489576
v -2.319540 1.135425 0.497267
v -2.260086 1.173949 0.494953
v -1.398475 0.912993 0.196607
v -1.394941 0.975945 0.215653
v -1.392595 1.013074 0.234949
v -1.971460 -0.386932 0.247240
v -2.030736 -0.382415 0.257842
v -2.090089 -0.376144 0.271633
v -2.173126 -0.029901 0.210483
v -1.937732 0.009979 0.151814
v -1.681116 0.044035 0.097083
v -2.544733 -0.103502 0.366220
v -2.540384 -0.099721 0.347426
v -2.481871 -0.088129 0.313116
v -0.846111 -0.055907 0.330992
v -1.000528 -0.055265 0.328161
v -1.189776 -0.056616 0.325703
v -0.637795 -0.040830 -0.000114
v -0.576316 -0.050104 -0.002867
v -0.537126 -0.053530 -0.008431
v -1.671139 -0.069464 0.325951
v -1.942985 -0.080207 0.331209
v -2.209368 -0.091414 0.342164
v -1.593079 0.766996 0.324474
v -1.765498 0.815395 0.350101
v -1.916606 0.839259 0.376371
v -0.664747 0.296200 0.312073
v -0.595184 0.245973 0.308223
v -0.541642 0.202133 0.302426
v -2.200307 0.652217 0.400240
v -2.168588 0.733825 0.406615
v -2.117632 0.796959 0.406430
v -0.858083 0.045424 0.307193
v -1.009077 0.049578 0.307649
v -1.186813 0.057026 0.308751
v -1.604670 0.087714 0.316877
v -1.818773 0.115488 0.324453
v -2.007584 0.155627 0.333777
v -1.392672 0.920202 0.377229
v -1.398857 0.844130 0.358643
v -1.405019 0.766341 0.332340
v -2.075182 0.916161 0.424700
v -2.110376 1.011029 0.453441
v -2.139535 1.103899 0.475270
v -0.516750 0.349157 0.335194
v -0.518445 0.282588 0.327240
v -2.214190 0.185419 0.351100
v -2.285059 0.144899 0.357906
v -2.364510 0.072023 0.362147
v -1.412027 -0.026249 0.325118
v -1.404929 0.007844 0.322733
v -1.395852 0.040025 0.318024
v -2.200424 -0.771843 0.321990
v -2.166584 -0.847778 0.327727
v -2.114007 -0.907630 0.331230
v -1.594277 -0.886051 0.315975
v -1.764755 -0.929510 0.322730
v -1.913773 -0.950174 0.328436
v -0.654810 -0.457109 0.297615
v -0.584018 -0.410209 0.298161
v -0.529996 -0.367980 0.300740
v -0.852726 -0.158756 0.310601
v -1.003091 -0.160779 0.304434
v -1.180551 -0.168949 0.297967
v -1.600201 -0.214772 0.288283
v -1.816290 -0.254872 0.286283
v -2.007270 -0.306010 0.286420
v -0.512378 -0.446703 0.313697
v -0.503100 -0.380505 0.314164
v -2.363515 -0.263920 0.347872
v -2.284117 -0.325721 0.329890
v -2.214093 -0.354663 0.309175
v -2.071119 -1.026840 0.371098
v -2.106639 -1.121797 0.413345
v -2.136357 -1.214217 0.448748
v -1.406055 -0.890815 0.323383
v -1.399028 -0.966746 0.334325
v -1.392130 -1.040572 0.337948
v -1.390695 -0.159313 0.304242
v -1.401117 -0.128778 0.313870
v -1.410009 -0.095679 0.320783
v -1.399260 -0.520226 0.220104
v -1.403036 -0.576020 0.231606
v -1.406537 -0.627774 0.245446
v -1.400430 0.405142 0.267056
v -1.402573 0.459007 0.263416
v -1.404471 0.508898 0.260935
v -1.561672 0.607259 0.278546
v -1.696089 0.647446 0.300926
v -1.803194 0.669080 0.321509
v -0.677189 0.232256 0.255588
v -0.603873 0.197698 0.251025
v -0.544875 0.170751 0.245322
v -0.488720 0.123624 0.222054
v -0.488946 0.134815 0.226024
v -0.488876 0.143126 0.231836
v -1.920866 0.525607 0.324504
v -1.908245 0.590484 0.330657
v -1.889858 0.643333 0.334409
v -0.886345 0.110787 0.253524
v -1.038991 0.127766 0.261478
v -1.207767 0.148881 0.270984
v -1.553449 0.203987 0.296134
v -1.708205 0.234369 0.309353
v -1.834609 0.261702 0.319658
v -0.476426 -0.285177 0.213826
v -0.474399 -0.305846 0.213140
v -0.472527 -0.321588 0.216102
v -1.927670 -0.618007 0.238078
v -1.912198 -0.685062 0.246805
v -1.891623 -0.740978 0.256258
v -1.565414 -0.719823 0.262559
v -1.698827 -0.753973 0.263711
v -1.804645 -0.771522 0.263754
v -0.660310 -0.402910 0.228772
v -0.585679 -0.373409 0.225370
v -0.526638 -0.350117 0.224045
v -0.880037 -0.222428 0.239405
v -1.032673 -0.237766 0.237851
v -1.202235 -0.257478 0.236324
v -1.553333 -0.310661 0.235662
v -1.711969 -0.341040 0.236862
v -1.841641 -0.369449 0.238724
v -0.474001 -0.174728 0.302088
v -0.476565 -0.181588 0.279534
v -0.478905 -0.186927 0.257001
v -0.470292 -0.327414 0.241415
v -0.470506 -0.320582 0.262674
v -0.472082 -0.315241 0.285437
v -1.414125 -0.774993 0.296699
v -1.414208 -0.738533 0.284616
v -1.412501 -0.706831 0.272535
v -1.991631 -0.882621 0.302493
v -1.949546 -0.838140 0.282988
v -1.906460 -0.802064 0.270468
v -1.380596 0.144677 0.288612
v -1.380305 0.119062 0.296030
v -1.382439 0.094814 0.303962
v -2.086022 0.233914 0.339592
v -2.024182 0.254193 0.335511
v -1.963195 0.270393 0.330476
v -0.309680 -0.062852 0.348137
v -0.411171 -0.061673 0.340053
v -1.995185 0.775004 0.375582
v -1.952037 0.733260 0.359417
v -1.907329 0.699916 0.345461
v -0.487384 0.145705 0.251842
v -0.486416 0.142924 0.265687
v -0.486092 0.143432 0.280745
v -1.408833 0.584174 0.264229
v -1.410741 0.614221 0.272221
v -1.411294 0.649620 0.285803
v -0.851395 0.696263 0.210570
v -1.006062 0.809572 0.222221
v -1.187274 0.926410 0.237932
v -0.853293 -0.821278 0.277227
v -1.006890 -0.915049 0.287627
v -1.186328 -1.011583 0.304562
v -0.850807 -0.833376 0.132695
v -1.005177 -0.934743 0.147442
v -1.186167 -1.040463 0.170306
v -0.854731 0.674979 0.348219
v -1.008139 0.778463 0.354319
v -1.187425 0.884747 0.364172
v -0.852941 0.004751 0.003208
v -1.012136 0.034419 0.009581
v -1.204677 0.056656 0.024752
v -0.891295 0.437368 0.307113
v -1.049102 0.525783 0.301241
v -1.225024 0.615684 0.299238
v -0.886410 -0.586418 0.299550
v -1.047369 -0.667007 0.301631
v -1.225841 -0.748800 0.304873
v -0.469923 -0.143865 0.332586
v -0.468863 -0.118907 0.338152
v -0.468486 -0.090521 0.338988
v -0.909942 0.340122 0.255057
v -1.068093 0.410705 0.252228
v -1.237986 0.483452 0.252791
v -0.665752 0.087920 0.240364
v -0.596279 0.080541 0.235025
v -0.539886 0.074320 0.230974
v -0.900424 -0.493896 0.240606
v -1.063728 -0.553250 0.247758
v -1.238266 -0.614550 0.254427
v -0.660213 -0.203509 0.240329
v -0.591093 -0.198723 0.239625
v -0.535037 -0.195895 0.238797
v -0.727144 0.623415 0.240532
v -0.727108 0.629672 0.282207
v -0.728374 0.617427 0.318715
v -0.728136 -0.559934 0.053927
v -0.728054 -0.638510 0.072250
v -0.727829 -0.701642 0.094694
v -0.726796 -0.775491 0.160289
v -0.726595 -0.783947 0.200634
v -0.727468 -0.772434 0.239490
v -0.757521 -0.483523 0.284971
v -0.760305 -0.466531 0.267833
v -0.761918 -0.455528 0.249841
v -0.737795 -0.174252 0.298802
v -0.743507 -0.185244 0.278812
v -0.749129 -0.196396 0.258357
v -0.728420 0.279393 0.062607
v -0.728353 0.185941 0.036118
v -0.728280 0.084998 0.014348
v -0.753444 0.410611 0.330117
v -0.745233 0.472571 0.344790
v -0.737615 0.534306 0.350865
v -0.733090 0.023016 0.317752
v -0.729691 -0.001247 0.325585
v -0.727337 -0.028439 0.330508
v -0.747496 -0.564908 0.305027
v -0.741008 -0.626536 0.303690
v -0.734858 -0.688622 0.292988
v -0.729118 -0.139864 0.326348
v -0.726841 -0.114846 0.332169
v -0.725851 -0.086743 0.334056
v -0.761881 -0.358272 0.212262
v -0.762471 -0.391712 0.215628
v -0.762779 -0.420723 0.222619
v -0.770424 0.161925 0.239529
v -0.767608 0.137631 0.238410
v -0.764134 0.115875 0.240194
v -0.742868 0.058599 0.291167
v -0.748710 0.071187 0.274389
v -0.754527 0.083385 0.258650
v -0.767301 0.324790 0.294699
v -0.771898 0.304605 0.279520
v -0.774987 0.291548 0.266876
v -2.269422 0.792490 0.325122
v -2.313029 0.536830 0.297643
v -2.347623 0.244897 0.275496
v -2.436042 0.728825 0.445857
v -2.478338 0.489621 0.415563
v -2.500007 0.217434 0.386684
v -1.411934 0.676353 0.138939
v -1.420359 0.500182 0.102679
v -1.426973 0.293217 0.071390
v -2.246096 0.463794 0.378956
v -2.253107 0.370078 0.367316
v -2.226766 0.284082 0.355652
v -1.394048 0.299609 0.273338
v -1.389982 0.252479 0.275642
v -1.386015 0.210452 0.278426
v -0.487921 0.098827 0.216883
v -0.487338 0.087251 0.216581
v -0.486441 0.076853 0.219920
v -1.937719 0.400830 0.320042
v -1.939335 0.350975 0.322764
v -1.930237 0.309286 0.324976
v -0.728469 0.441150 0.115012
v -0.728379 0.507026 0.139893
v -0.728142 0.560554 0.167422
v -0.774810 0.214023 0.244018
v -0.776311 0.239112 0.246651
v -0.777016 0.261307 0.250717
v -2.065307 0.975990 0.302473
v -1.859192 0.944743 0.254963
v -1.631706 0.893400 0.210591
v -2.403408 0.973081 0.460681
v -2.388310 0.998103 0.433668
v -2.334261 1.002741 0.395419
v -1.194456 0.707742 0.141789
v -1.009553 0.584780 0.118833
v -0.852999 0.464426 0.101963
v -2.278164 0.640740 0.417828
v -2.325922 0.739409 0.445035
v -2.364717 0.838526 0.465293
v -0.544228 0.125914 0.223289
v -0.602393 0.141560 0.228872
v -0.674644 0.161156 0.235259
v -1.553916 0.388023 0.281210
v -1.695473 0.418852 0.293287
v -1.821229 0.442825 0.306355
v -2.165109 0.509118 0.367319
v -2.098846 0.482664 0.349002
v -2.021689 0.469655 0.333705
v -0.301349 0.062227 0.223928
v -0.426091 0.094995 0.217123
v -0.637899 0.299296 0.081029
v -0.576344 0.263832 0.073589
v -0.537121 0.249603 0.065479
v -0.904514 0.223270 0.248147
v -1.061118 0.264922 0.254644
v -1.229775 0.308789 0.261937
v -2.264494 -0.921811 0.324556
v -2.309265 -0.667287 0.297062
v -2.345597 -0.375537 0.275144
v -2.430602 -0.899591 0.439808
v -2.474270 -0.676369 0.409294
v -2.497774 -0.416530 0.381344
v -1.409996 -0.656118 0.090907
v -1.418916 -0.430811 0.068130
v -1.426206 -0.185082 0.053358
v -2.249252 -0.601811 0.307291
v -2.256530 -0.518134 0.299928
v -2.229652 -0.439212 0.293535
v -1.391001 -0.410407 0.211675
v -1.386766 -0.361305 0.215705
v -1.382751 -0.318009 0.223981
v -0.479923 -0.241138 0.217493
v -0.480944 -0.221867 0.220340
v -0.481224 -0.205868 0.226565
v -1.948771 -0.495257 0.230676
v -1.950686 -0.449864 0.232647
v -1.940615 -0.413821 0.236656
v -0.728149 -0.363189 0.020995
v -0.728157 -0.251222 0.007319
v -0.728177 -0.136217 -0.000368
v -0.760364 -0.289621 0.213683
v -0.759166 -0.258750 0.218539
v -0.757143 -0.232127 0.227163
v -2.060867 -1.074285 0.288925
v -1.855550 -1.011343 0.225262
v -1.628833 -0.933296 0.165298
v -2.396845 -1.129020 0.465525
v -2.381848 -1.151819 0.442934
v -2.328303 -1.147521 0.403017
v -1.192911 -0.740211 0.079549
v -1.008526 -0.637114 0.056784
v -0.852383 -0.542795 0.043755
v -2.277472 -0.777823 0.358281
v -2.322885 -0.883892 0.404390
v -2.359841 -0.988618 0.443637
v -0.533241 -0.272628 0.214210
v -0.590667 -0.284363 0.213096
v -0.662637 -0.300426 0.212329
v -1.555237 -0.493039 0.215244
v -1.700451 -0.516502 0.218949
v -1.829129 -0.535563 0.224471
v -2.170033 -0.625927 0.281819
v -2.106348 -0.588517 0.258628
v -2.030888 -0.566598 0.242899
v -0.426079 0.123016 0.237464
v -0.311622 0.081742 0.240058
v -0.637766 -0.418572 0.034481
v -0.576308 -0.392411 0.032731
v -0.537125 -0.382520 0.029708
v -0.894093 -0.354557 0.211364
v -1.052684 -0.391099 0.211267
v -1.224030 -0.428918 0.211720
v -0.247290 0.039220 0.301282
v -0.261770 0.052493 0.291792
v -0.240560 -0.199341 0.320400
v -0.253706 0.052693 0.236009
v -0.257612 0.057928 0.237682
v -0.267044 0.064286 0.240582
v -0.246270 -0.229768 0.244278
v -0.248986 -0.240272 0.244790
v -0.257237 -0.249870 0.246463
v -0.251938 -0.163551 0.311255
v -0.252383 -0.175050 0.287255
v -0.261598 -0.183309 0.266175
v -0.256111 -0.249832 0.260527
v -0.249517 -0.241149 0.277039
v -0.254227 -0.233625 0.293176
v -0.265017 0.035712 0.254760
v -0.255647 0.027994 0.275023
v -0.255012 0.017728 0.298669
v -0.266444 0.065092 0.252828
v -0.259420 0.060553 0.265718
v -0.263800 0.058357 0.278331
v -0.247616 0.016373 0.312410
v -0.253430 0.045566 0.234488
v -0.257065 0.043262 0.235193
v -0.266237 0.041653 0.238082
v -0.218780 0.030510 0.290863
v -0.210874 0.032673 0.271981
v -0.222392 0.038719 0.252098
v -0.241498 -0.177916 0.325124
v -0.243644 -0.167086 0.327080
v -0.248143 -0.209402 0.244111
v -0.252617 -0.200591 0.245117
v -0.262372 -0.193277 0.248362
v -0.213122 -0.191518 0.306322
v -0.205204 -0.198441 0.285125
v -0.216522 -0.208153 0.263200
v -0.417153 -0.252472 0.218247
v -0.294339 -0.230574 0.230954
v -0.299665 -0.269236 0.241938
v -0.410404 -0.308130 0.228599
v -0.420770 0.108805 0.290212
v -0.419749 -0.192670 0.239012
v -0.306821 -0.189723 0.246809
v -0.423890 0.060882 0.228304
v -0.310454 0.045970 0.235996
v -0.483143 0.060898 0.243518
v -0.480795 0.053859 0.262520
v -0.478243 0.045035 0.282648
v -0.299498 0.010037 0.315963
v -0.415670 0.026155 0.304134
v -0.528771 0.036868 0.300514
v -0.582712 0.039631 0.302024
v -0.648600 0.041498 0.304341
v -0.638120 -0.058686 0.334141
v -0.573189 -0.059712 0.334400
v -0.520375 -0.060510 0.334915
v -0.411953 -0.159706 0.322797
v -0.296616 -0.149830 0.329690
v -0.644220 -0.161917 0.318078
v -0.578470 -0.163517 0.319245
v -0.524597 -0.164093 0.319831
v -0.473349 0.014902 0.315103
v -0.471337 -0.007274 0.325249
v -0.469781 -0.032968 0.332162
v -0.276981 -0.013701 0.335871
v -0.284799 -0.083303 0.351153
v -0.638855 0.549942 0.311339
v -0.637616 0.561871 0.273495
v -0.637375 0.555126 0.230806
v -0.577268 0.504069 0.304268
v -0.576416 0.516752 0.264569
v -0.576201 0.510501 0.220514
v -0.536905 0.475600 0.298890
v -0.536966 0.490056 0.256401
v -0.537062 0.484848 0.210355
v -1.618417 -1.068601 0.185859
v -1.838905 -1.146192 0.244837
v -2.037574 -1.206680 0.307342
v -1.612290 -1.151980 0.203969
v -1.827617 -1.225664 0.260662
v -2.018391 -1.281204 0.319998
v -1.608756 -1.197920 0.223457
v -1.818675 -1.265713 0.276702
v -1.997576 -1.314259 0.330319
v -2.295457 -1.275100 0.420605
v -2.347117 -1.277592 0.460861
v -2.361737 -1.252079 0.483591
v -2.262894 -1.342581 0.427975
v -2.311671 -1.344177 0.467194
v -2.325119 -1.318973 0.489832
v -2.213325 -1.365121 0.424808
v -2.255933 -1.366176 0.461087
v -2.267179 -1.342961 0.483423
v -2.015790 1.207196 0.446948
v -2.012253 1.227695 0.419373
v -1.997292 1.229384 0.386529
v -1.820761 1.165932 0.418332
v -1.820961 1.186242 0.389526
v -1.817225 1.189331 0.355223
v -1.604283 1.104350 0.388847
v -1.605412 1.124187 0.358677
v -1.606403 1.127430 0.322823
v -1.603255 -1.214123 0.345457
v -1.604501 -1.232089 0.315499
v -1.605557 -1.232902 0.280757
v -1.819827 -1.272118 0.388631
v -1.820296 -1.291107 0.361702
v -1.816631 -1.292876 0.328744
v -2.014663 -1.313072 0.430094
v -2.011529 -1.332848 0.405810
v -1.996644 -1.334166 0.373976
v -1.587971 -0.833755 0.299882
v -1.746725 -0.874628 0.302388
v -1.883533 -0.892584 0.303506
v -1.580176 -0.794134 0.286767
v -1.728163 -0.832752 0.287381
v -1.852826 -0.849109 0.286269
v -1.572153 -0.758899 0.274907
v -1.710914 -0.795247 0.275332
v -1.823692 -0.811045 0.274026
v -0.852277 -0.645750 0.061726
v -1.007815 -0.751515 0.076164
v -1.190582 -0.865038 0.100038
v -0.852075 -0.727681 0.080897
v -1.007214 -0.836029 0.095931
v -1.189054 -0.950925 0.119956
v -0.851633 -0.789814 0.103731
v -1.006433 -0.895493 0.118790
v -1.187769 -1.006518 0.142360
v -0.849859 -0.854287 0.246453
v -0.848987 -0.866550 0.208630
v -0.849647 -0.859202 0.168973
v -1.002949 -0.949501 0.258732
v -1.002238 -0.963036 0.222137
v -1.003425 -0.957501 0.183241
v -1.182692 -1.047782 0.278267
v -1.182389 -1.062856 0.243285
v -1.184015 -1.059514 0.205378
v -0.892808 -0.550908 0.287468
v -1.055183 -0.626665 0.290330
v -1.232878 -0.703718 0.293445
v -0.897107 -0.528880 0.272176
v -1.060332 -0.599403 0.276795
v -1.237019 -0.671490 0.281129
v -0.899560 -0.512491 0.255834
v -1.063089 -0.577504 0.262210
v -1.238678 -0.644355 0.268074
v -1.646947 0.736962 0.178856
v -1.883332 0.771004 0.225678
v -2.098391 0.786756 0.275676
v -1.663276 0.536995 0.143865
v -1.909247 0.548917 0.193339
v -2.133942 0.545633 0.246224
v -1.676173 0.302890 0.113860
v -1.929769 0.291052 0.166025
v -2.162130 0.268216 0.221899
v -2.379615 0.794096 0.370330
v -2.435713 0.787913 0.407791
v -2.450334 0.767998 0.434072
v -2.428313 0.529738 0.343072
v -2.486128 0.521763 0.379392
v -2.498831 0.508687 0.404079
v -2.466848 0.229129 0.321378
v -2.525337 0.219042 0.356297
v -2.533828 0.212078 0.377980
v -0.648273 -0.174807 0.300885
v -0.581823 -0.175552 0.301538
v -0.527411 -0.175766 0.301645
v -0.652709 -0.183644 0.280008
v -0.585396 -0.182983 0.280000
v -0.530403 -0.182538 0.279578
v -0.656899 -0.192015 0.258729
v -0.588662 -0.189482 0.258179
v -0.533101 -0.188039 0.257378
v -0.853038 0.369088 0.072474
v -1.010430 0.476919 0.087202
v -1.197695 0.585227 0.108715
v -0.853046 0.259821 0.042924
v -1.011323 0.347592 0.054398
v -1.201116 0.433097 0.073372
v -0.853017 0.137938 0.018205
v -1.011976 0.199268 0.026499
v -1.203761 0.255519 0.042978
v -1.958146 -0.324777 0.271594
v -1.782416 -0.278356 0.272574
v -1.582149 -0.239013 0.274796
v -1.912378 -0.339347 0.258728
v -1.753139 -0.298001 0.259622
v -1.568554 -0.260663 0.261138
v -1.870537 -0.352489 0.247809
v -1.728702 -0.317407 0.247662
v -1.558983 -0.283312 0.247899
v -1.597859 0.837838 0.351650
v -1.782256 0.889194 0.377500
v -1.945576 0.916577 0.403860
v -1.600617 0.918935 0.379349
v -1.796521 0.973537 0.405749
v -1.971473 1.005160 0.432296
v -1.602124 0.998060 0.399617
v -1.807941 1.055740 0.426841
v -1.992839 1.091575 0.453769
v -0.881739 0.492531 0.327131
v -1.038491 0.585123 0.323589
v -1.215614 0.679391 0.323867
v -0.871454 0.557545 0.344433
v -1.026908 0.654283 0.344139
v -1.204930 0.753055 0.347633
v -0.861949 0.621872 0.353352
v -1.016181 0.722363 0.356509
v -1.194894 0.825299 0.363435
v -2.305563 0.522236 0.402140
v -2.318164 0.398702 0.384627
v -2.294965 0.282046 0.367037
v -2.359217 0.594854 0.424874
v -2.380082 0.433530 0.401638
v -2.365197 0.274044 0.378359
v -2.403925 0.667951 0.441371
v -2.435842 0.464538 0.413522
v -2.436966 0.249225 0.385930
v -0.639376 -0.029352 0.330763
v -0.641641 -0.002029 0.325184
v -0.644766 0.022012 0.316634
v -0.574402 -0.030234 0.330452
v -0.576533 -0.003001 0.324259
v -0.579373 0.020713 0.315043
v -0.521507 -0.031351 0.330582
v -0.523416 -0.004603 0.323913
v -0.525904 0.018537 0.314144
v -2.062023 0.118675 0.338220
v -1.857256 0.077258 0.328536
v -1.626601 0.053293 0.321866
v -2.120003 0.068300 0.342512
v -1.895908 0.031364 0.332031
v -1.648195 0.014687 0.325707
v -2.177850 -0.002701 0.344613
v -1.928985 -0.022632 0.333451
v -1.664886 -0.026856 0.327405
v -2.249151 -0.870580 0.367845
v -2.213756 -0.945403 0.373648
v -2.158629 -0.998691 0.374972
v -2.292103 -0.986023 0.416937
v -2.255788 -1.058778 0.423032
v -2.198960 -1.103567 0.422046
v -2.326986 -1.099726 0.459007
v -2.290238 -1.170073 0.465395
v -2.232421 -1.206092 0.462183
v -1.942662 -1.027417 0.361840
v -1.781067 -1.002663 0.349148
v -1.598232 -0.955992 0.335501
v -1.968784 -1.115026 0.397011
v -1.795121 -1.085398 0.375971
v -1.600313 -1.035207 0.353862
v -1.990589 -1.200009 0.425371
v -1.806536 -1.165536 0.395927
v -1.601337 -1.111992 0.365194
v -0.651367 -0.505221 0.304820
v -0.583610 -0.457550 0.305987
v -0.535870 -0.416569 0.308989
v -0.647303 -0.565901 0.303238
v -0.582427 -0.519418 0.304674
v -0.539284 -0.481576 0.308178
v -0.643218 -0.627769 0.291854
v -0.580056 -0.583229 0.293526
v -0.538556 -0.549165 0.298336
v -0.848661 -0.137735 0.321608
v -0.999994 -0.138389 0.315616
v -1.181283 -0.144643 0.309463
v -0.846439 -0.112578 0.328074
v -0.999090 -0.112509 0.322952
v -1.184185 -0.117091 0.317864
v -0.845706 -0.084798 0.330902
v -0.999545 -0.084385 0.326961
v -1.187576 -0.087384 0.323250
v -1.622379 -0.185124 0.300962
v -1.854430 -0.224435 0.300300
v -2.060695 -0.279769 0.302845
v -1.644963 -0.150241 0.312031
v -1.893547 -0.185012 0.313413
v -2.118521 -0.238871 0.319054
v -1.663145 -0.111171 0.320645
v -1.927660 -0.135844 0.324207
v -2.176900 -0.176040 0.332913
v -0.662106 -0.331446 0.211463
v -0.589322 -0.312328 0.211371
v -0.531454 -0.297908 0.212115
v -0.661524 -0.360925 0.212979
v -0.587939 -0.338625 0.211574
v -0.529601 -0.321403 0.211574
v -0.660918 -0.385775 0.218281
v -0.586672 -0.360053 0.215607
v -0.527917 -0.339882 0.214809
v -1.822103 -0.600167 0.231096
v -1.698165 -0.579147 0.226225
v -1.556836 -0.553035 0.222780
v -1.813670 -0.665753 0.241208
v -1.695837 -0.643237 0.237539
v -1.558563 -0.613757 0.234643
v -1.804938 -0.723869 0.252679
v -1.694789 -0.702810 0.250707
v -1.561092 -0.670752 0.248630
v -0.673066 0.140113 0.232438
v -0.601366 0.123995 0.226009
v -0.543569 0.111068 0.220679
v -0.671188 0.120304 0.231224
v -0.600127 0.107457 0.224973
v -0.542739 0.097101 0.219984
v -0.668816 0.102612 0.233303
v -0.598493 0.092715 0.227426
v -0.541568 0.084643 0.222863
v -1.825728 0.386035 0.308046
v -1.696819 0.363076 0.295985
v -1.552369 0.333697 0.284256
v -1.827701 0.336928 0.311977
v -1.697941 0.313761 0.300205
v -1.550959 0.284643 0.287773
v -1.827066 0.295132 0.315904
v -1.700109 0.270787 0.304804
v -1.550798 0.241260 0.291717
v -2.189039 -0.554474 0.277447
v -2.192572 -0.489917 0.274407
v -2.164880 -0.430927 0.272531
v -2.121904 -0.525808 0.256072
v -2.123538 -0.472683 0.255668
v -2.097922 -0.426016 0.256581
v -2.043347 -0.508526 0.241152
v -2.044742 -0.461273 0.242236
v -2.024984 -0.421862 0.244854
v -1.585986 0.117511 0.311588
v -1.783649 0.147837 0.320881
v -1.956573 0.186392 0.330610
v -1.571188 0.144874 0.306263
v -1.752625 0.176496 0.317464
v -1.908641 0.212908 0.327712
v -1.560250 0.172687 0.301042
v -1.726429 0.204068 0.313624
v -1.864971 0.236456 0.323884
v -0.864485 0.062452 0.293475
v -1.015196 0.068744 0.295713
v -1.189636 0.079018 0.298878
v -0.871808 0.077360 0.278361
v -1.022804 0.086471 0.282710
v -1.194653 0.099908 0.288308
v -0.879334 0.092642 0.264247
v -1.031027 0.105298 0.270634
v -1.200988 0.122320 0.278519
v -2.144773 0.592517 0.375922
v -2.116209 0.671256 0.382699
v -2.069645 0.735371 0.383844
v -2.082035 0.558773 0.356485
v -2.057710 0.633124 0.363697
v -2.017504 0.694678 0.366099
v -2.008599 0.540052 0.339980
v -1.989783 0.609133 0.347080
v -1.958980 0.665527 0.350235
v -0.409792 -0.286044 0.287395
v -0.409071 -0.296179 0.265342
v -0.409330 -0.304932 0.244611
v -0.293901 -0.246463 0.290979
v -0.291875 -0.256357 0.273166
v -0.295473 -0.265158 0.255629
v -0.669570 0.265259 0.295177
v -0.598106 0.218122 0.291528
v -0.541301 0.178533 0.285957
v -0.673241 0.248949 0.279754
v -0.600689 0.206137 0.276033
v -0.542467 0.171936 0.270585
v -0.675771 0.240236 0.266366
v -0.602659 0.201669 0.262309
v -0.543822 0.171555 0.256775
v -1.885890 0.782786 0.355907
v -1.746773 0.761186 0.329842
v -1.585864 0.715139 0.304186
v -1.854243 0.741333 0.341217
v -1.727318 0.721043 0.316154
v -1.577225 0.677029 0.290790
v -1.823728 0.705789 0.329778
v -1.709075 0.685947 0.306950
v -1.568596 0.643950 0.282730
v -1.183909 0.922513 0.345297
v -1.183579 0.939669 0.312482
v -1.185135 0.939780 0.273952
v -1.004092 0.813939 0.333531
v -1.003261 0.829184 0.299472
v -1.004350 0.826845 0.259812
v -0.850878 0.708387 0.325504
v -0.849749 0.721858 0.290223
v -0.850278 0.717210 0.249528
v -0.537125 -0.458380 0.044337
v -0.576306 -0.471512 0.047632
v -0.637761 -0.503080 0.050041
v -0.537123 -0.526804 0.060465
v -0.576296 -0.542869 0.064259
v -0.637726 -0.577977 0.067457
v -0.537120 -0.584410 0.081358
v -0.576268 -0.602949 0.085477
v -0.637631 -0.640200 0.089281
v -0.536213 -0.645664 0.238635
v -0.536783 -0.660479 0.193731
v -0.537064 -0.653879 0.149049
v -0.576476 -0.670825 0.236069
v -0.576161 -0.683432 0.194279
v -0.576145 -0.675550 0.151771
v -0.638010 -0.711841 0.236196
v -0.637265 -0.723380 0.196223
v -0.637215 -0.714772 0.155059
v -0.527037 -0.348886 0.283241
v -0.584323 -0.386215 0.282294
v -0.657219 -0.429591 0.283048
v -0.526045 -0.347455 0.261538
v -0.584658 -0.378749 0.262090
v -0.658743 -0.417211 0.264312
v -0.525976 -0.350693 0.240521
v -0.585054 -0.377447 0.241816
v -0.659670 -0.411184 0.245028
v -1.183189 -0.189628 0.283561
v -1.008878 -0.179168 0.289309
v -0.858761 -0.174928 0.294719
v -1.188480 -0.209154 0.267482
v -1.016519 -0.196005 0.271831
v -0.865992 -0.188739 0.275892
v -1.195227 -0.230709 0.251236
v -1.024841 -0.214476 0.254008
v -0.873418 -0.203476 0.256621
v -0.537125 0.178927 0.042261
v -0.576340 0.190443 0.049561
v -0.637880 0.221168 0.055652
v -0.537127 0.104561 0.019770
v -0.576333 0.113472 0.026480
v -0.637852 0.138232 0.031310
v -0.537127 0.026933 0.001656
v -0.576324 0.033197 0.007840
v -0.637822 0.050798 0.011542
v -0.544730 0.252502 0.319040
v -0.592074 0.294937 0.324906
v -0.658882 0.345879 0.329170
v -0.545426 0.317047 0.332281
v -0.588308 0.356543 0.337708
v -0.652555 0.406555 0.342348
v -0.542251 0.382895 0.337816
v -0.583668 0.419031 0.341891
v -0.646513 0.467540 0.346748
v -1.186664 0.031897 0.316672
v -1.005063 0.027008 0.316888
v -0.853166 0.024376 0.317605
v -1.188098 0.003964 0.322251
v -1.002745 0.001390 0.323258
v -0.849674 -0.000229 0.324716
v -1.189630 -0.025849 0.325318
v -1.001456 -0.026345 0.326952
v -0.847394 -0.027341 0.329016
v -1.215898 -0.811352 0.314731
v -1.036971 -0.725046 0.309308
v -0.877946 -0.640148 0.306334
v -1.204658 -0.883407 0.320201
v -1.025509 -0.792993 0.311147
v -0.868614 -0.704402 0.306023
v -1.194131 -0.953855 0.317929
v -1.014856 -0.859957 0.304726
v -0.859901 -0.768379 0.296895
v -0.641082 -0.142333 0.329082
v -0.638995 -0.117203 0.334505
v -0.637995 -0.088622 0.335730
v -0.575791 -0.144202 0.330408
v -0.573954 -0.118922 0.335669
v -0.573055 -0.089988 0.336507
v -0.522365 -0.144902 0.331264
v -0.520862 -0.119617 0.336579
v -0.520172 -0.090675 0.337292
v -1.228678 -0.480236 0.217676
v -1.056566 -0.436757 0.215484
v -0.896456 -0.394524 0.213641
v -1.232866 -0.530326 0.227805
v -1.060013 -0.480904 0.223529
v -0.898531 -0.432963 0.219297
v -1.236195 -0.576120 0.240569
v -1.062557 -0.520686 0.234566
v -0.899970 -0.467034 0.228297
v -1.225372 0.262695 0.263599
v -1.056952 0.225576 0.254899
v -0.901174 0.191052 0.246965
v -1.220150 0.219909 0.264710
v -1.051939 0.188798 0.254995
v -0.897155 0.160815 0.246296
v -1.214239 0.181586 0.266696
v -1.045984 0.155793 0.256625
v -0.892274 0.133686 0.247896
v -1.231653 0.570115 0.279576
v -1.057268 0.484133 0.282392
v -0.898897 0.399687 0.289137
v -1.235649 0.538084 0.265629
v -1.062945 0.455923 0.268014
v -0.904428 0.375508 0.274327
v -1.237573 0.511794 0.256875
v -1.066449 0.433874 0.257997
v -0.908055 0.357947 0.262896
v -1.610220 1.101651 0.267059
v -1.820208 1.166077 0.304152
v -1.999335 1.208623 0.342937
v -1.614375 1.065972 0.250047
v -1.830032 1.131131 0.289899
v -2.021212 1.175322 0.332777
v -1.621049 1.000400 0.233168
v -1.842135 1.061844 0.275348
v -2.041440 1.102605 0.320809
v -2.215647 1.250502 0.420221
v -2.258589 1.250282 0.455811
v -2.270321 1.226699 0.482981
v -2.266693 1.219641 0.420166
v -2.315963 1.218133 0.458136
v -2.329816 1.192202 0.485736
v -2.300664 1.141805 0.412124
v -2.352866 1.138723 0.450781
v -2.367740 1.111898 0.478284
v -0.852230 0.660500 0.178734
v -1.007356 0.779085 0.192383
v -1.188988 0.901533 0.210434
v -0.852699 0.610067 0.152328
v -1.008211 0.733398 0.168037
v -1.190447 0.860774 0.188614
v -0.852918 0.544773 0.127891
v -1.008865 0.669601 0.144936
v -1.192115 0.798165 0.167418
v -2.162726 0.885377 0.435326
v -2.217011 0.826714 0.436394
v -2.251127 0.743918 0.429897
v -2.203173 0.988651 0.464763
v -2.259947 0.936649 0.466335
v -2.295823 0.853933 0.459359
v -2.236462 1.090325 0.487164
v -2.294943 1.045573 0.489080
v -2.332014 0.963641 0.481596
v -0.677562 0.219591 0.247766
v -0.604277 0.188921 0.242638
v -0.545326 0.164899 0.236829
v -0.677099 0.202446 0.242315
v -0.604025 0.175564 0.236645
v -0.545252 0.154383 0.230821
v -0.676045 0.182430 0.238418
v -0.603327 0.159240 0.232304
v -0.544828 0.140842 0.226555
v -1.802143 0.624604 0.316793
v -1.691402 0.599133 0.297045
v -1.557700 0.560450 0.276944
v -1.809343 0.569589 0.312894
v -1.691922 0.542201 0.294548
v -1.555861 0.505496 0.277195
v -1.815919 0.506425 0.308658
v -1.693698 0.480242 0.293034
v -1.554904 0.446552 0.278752
v -2.159075 0.290863 0.347013
v -2.185969 0.356449 0.353464
v -2.182694 0.429568 0.359901
v -2.089359 0.300824 0.340001
v -2.114030 0.353739 0.342440
v -2.112715 0.413994 0.344703
v -2.014681 0.309101 0.332836
v -2.033410 0.354539 0.332615
v -2.032360 0.407593 0.331890
v -0.411817 -0.302384 0.219695
v -0.413477 -0.289302 0.216532
v -0.415339 -0.271733 0.216808
v -0.297604 -0.265146 0.234529
v -0.294164 -0.255521 0.231510
v -0.293376 -0.243414 0.230830
v -0.537092 0.424871 0.134827
v -0.576294 0.447400 0.145911
v -0.637760 0.490485 0.156678
v -0.537103 0.375110 0.108928
v -0.576327 0.395099 0.119251
v -0.637861 0.436560 0.129237
v -0.537113 0.315779 0.086953
v -0.576341 0.332904 0.096164
v -0.637899 0.371892 0.104966
v -1.237356 0.447059 0.252685
v -1.068171 0.380757 0.250367
v -0.910271 0.316628 0.250778
v -1.235778 0.403818 0.255195
v -1.066902 0.344850 0.251147
v -0.909296 0.287987 0.249042
v -1.233250 0.356728 0.258790
v -1.064485 0.305425 0.253072
v -0.907287 0.256201 0.248586
v -1.675115 -0.228339 0.099249
v -1.928388 -0.280423 0.156249
v -2.160418 -0.332451 0.217249
v -1.661296 -0.495640 0.115958
v -1.906672 -0.561051 0.174726
v -2.130758 -0.620462 0.237429
v -1.644316 -0.737436 0.140284
v -1.879941 -0.811495 0.200110
v -2.094217 -0.874288 0.263747
v -2.464560 -0.402653 0.323541
v -2.522895 -0.414200 0.358896
v -2.531404 -0.413996 0.378600
v -2.424055 -0.696089 0.347298
v -2.481574 -0.706015 0.384519
v -2.494305 -0.698103 0.405928
v -2.374027 -0.950366 0.376412
v -2.429708 -0.957493 0.415249
v -2.444323 -0.941130 0.437536
v -0.852817 -0.137302 0.001348
v -1.011637 -0.142867 0.007902
v -1.203234 -0.157324 0.023753
v -0.852666 -0.281284 0.010133
v -1.010677 -0.322014 0.018439
v -1.200118 -0.372246 0.036388
v -0.852512 -0.419135 0.025592
v -1.009544 -0.490828 0.036347
v -1.196340 -0.571933 0.056904
v -2.295535 -0.450561 0.319467
v -2.318823 -0.559526 0.332307
v -2.305785 -0.671561 0.345870
v -2.364193 -0.454367 0.346236
v -2.378563 -0.605099 0.366020
v -2.356964 -0.753380 0.386468
v -2.435091 -0.440110 0.368710
v -2.432758 -0.644902 0.394087
v -2.399753 -0.833629 0.420614
v -0.662184 -0.220901 0.227327
v -0.592299 -0.213562 0.227012
v -0.535856 -0.208940 0.226623
v -0.663006 -0.243712 0.219190
v -0.592435 -0.233595 0.219518
v -0.535674 -0.226834 0.219807
v -0.663038 -0.270651 0.214623
v -0.591794 -0.257602 0.215445
v -0.534725 -0.248442 0.216339
v -1.835424 -0.396577 0.231223
v -1.704902 -0.372711 0.227533
v -1.551341 -0.345675 0.225115
v -1.836825 -0.433673 0.225626
v -1.703246 -0.412744 0.220637
v -1.551801 -0.388281 0.217373
v -1.834683 -0.479797 0.222922
v -1.702134 -0.460690 0.217338
v -1.553386 -0.437659 0.213667
v -2.066906 -0.842275 0.298907
v -2.115759 -0.779209 0.293536
v -2.147183 -0.703646 0.287475
v -2.016077 -0.797422 0.277356
v -2.058945 -0.734905 0.270477
v -2.086593 -0.661365 0.263770
v -1.959202 -0.764729 0.263863
v -1.992602 -0.705955 0.255776
v -2.014761 -0.635814 0.248192
v -0.426337 0.104888 0.219712
v -0.426525 0.113834 0.223387
v -0.426545 0.120383 0.229014
v -0.301794 0.067587 0.225634
v -0.304026 0.073404 0.228320
v -0.308761 0.078934 0.232833
v -0.537125 -0.136203 -0.008011
v -0.576311 -0.135908 -0.003252
v -0.637778 -0.135959 -0.001223
v -0.537125 -0.219669 0.000726
v -0.576309 -0.222721 0.004647
v -0.637770 -0.232364 0.006232
v -0.537125 -0.302313 0.014419
v -0.576308 -0.308802 0.017689
v -0.637766 -0.327438 0.019162
v -1.208541 -0.291840 0.224119
v -1.039108 -0.268255 0.225074
v -0.885094 -0.248075 0.226277
v -1.214130 -0.332961 0.215472
v -1.044305 -0.305083 0.216219
v -0.888811 -0.279678 0.217418
v -1.219220 -0.379200 0.211099
v -1.048689 -0.346587 0.211534
v -0.891655 -0.315687 0.212542
v -0.213167 -0.200889 0.304316
v -0.217460 -0.210966 0.301315
v -0.229992 -0.221932 0.297173
v -0.205240 -0.207327 0.284013
v -0.209715 -0.217187 0.282380
v -0.223047 -0.228290 0.280105
v -0.216405 -0.217366 0.262875
v -0.220377 -0.227240 0.262530
v -0.232383 -0.237782 0.262214
v -0.219069 0.025444 0.293351
v -0.222287 0.020956 0.295855
v -0.232015 0.017780 0.298203
v -0.211396 0.029367 0.273284
v -0.215965 0.027058 0.274565
v -0.228904 0.026245 0.275619
v -0.222941 0.036085 0.252350
v -0.227601 0.034442 0.253142
v -0.240332 0.034013 0.254619
v -0.238442 0.049064 0.281527
v -0.224908 0.041762 0.285174
v -0.219699 0.035794 0.288244
v -0.231628 0.049929 0.267468
v -0.217204 0.042298 0.269072
v -0.211781 0.036800 0.270578
v -0.241385 0.054904 0.252806
v -0.228229 0.047573 0.252135
v -0.223225 0.042377 0.251947
v -0.228612 -0.167624 0.310669
v -0.218261 -0.174558 0.309149
v -0.214264 -0.182678 0.307779
v -0.225357 -0.178014 0.287423
v -0.211864 -0.183452 0.286608
v -0.206559 -0.190408 0.285875
v -0.236637 -0.186695 0.265610
v -0.223368 -0.192460 0.264048
v -0.217956 -0.199753 0.263371
v -0.424956 0.120976 0.249209
v -0.423809 0.116637 0.263141
v -0.423069 0.112674 0.277629
v -0.307435 0.079477 0.250883
v -0.303364 0.074972 0.263919
v -0.304749 0.070819 0.276940
v -0.418655 -0.233965 0.219340
v -0.419718 -0.217319 0.221629
v -0.420199 -0.203302 0.227419
v -0.295728 -0.218303 0.230996
v -0.298662 -0.207185 0.232389
v -0.303814 -0.197601 0.237057
v -0.424947 0.068183 0.219028
v -0.425481 0.076390 0.215243
v -0.425821 0.085375 0.215194
v -0.307879 0.049947 0.227231
v -0.303437 0.053603 0.223318
v -0.301499 0.057605 0.222745
v -0.418149 -0.185562 0.257672
v -0.415920 -0.179650 0.280508
v -0.413709 -0.171998 0.303566
v -0.302350 -0.182896 0.263403
v -0.296538 -0.175185 0.285246
v -0.294598 -0.164639 0.309079
v -0.297771 0.022947 0.294845
v -0.417630 0.038440 0.285054
v -0.299843 0.033017 0.271725
v -0.419838 0.047353 0.263967
v -0.305767 0.040507 0.251223
v -0.422071 0.054342 0.244030
v -0.531816 0.049759 0.282867
v -0.586329 0.053083 0.285028
v -0.652955 0.055774 0.288129
v -0.534827 0.058835 0.263476
v -0.589971 0.062817 0.266298
v -0.657506 0.066652 0.270198
v -0.537589 0.066292 0.245219
v -0.593376 0.071186 0.248682
v -0.661892 0.076558 0.253345
v -0.410939 -0.140748 0.335068
v -0.410578 -0.116561 0.341005
v -0.410701 -0.089442 0.342160
v -0.301081 -0.130538 0.342079
v -0.305155 -0.108569 0.347859
v -0.308211 -0.085540 0.349395
v -0.411889 -0.035283 0.335804
v -0.412851 -0.011318 0.328967
v -0.414089 0.009427 0.318703
v -0.309063 -0.041691 0.344996
v -0.306809 -0.022430 0.339441
v -0.303435 -0.005189 0.330409
vt 0.559050 0.720552
vt 0.578390 0.704653
vt 0.582108 0.706540
vt 0.562612 0.724518
vt 0.495797 0.488719
vt 0.499517 0.480316
vt 0.515557 0.488219
vt 0.511627 0.497186
vt 0.505715 0.472449
vt 0.521900 0.479910
vt 0.526048 0.492681
vt 0.522068 0.502500
vt 0.532458 0.483820
vt 0.472043 0.485332
vt 0.473244 0.476155
vt 0.494484 0.498134
vt 0.476672 0.468023
vt 0.482557 0.460343
vt 0.490626 0.453370
vt 0.514001 0.465325
vt 0.530039 0.472435
vt 0.540338 0.475950
vt 0.546593 0.477454
vt 0.538722 0.485480
vt 0.532152 0.494635
vt 0.528084 0.505029
vt 0.520714 0.513493
vt 0.527684 0.518772
vt 0.510221 0.507145
vt 0.911131 0.190663
vt 0.930406 0.140319
vt 0.948583 0.142724
vt 0.930194 0.191829
vt 0.946383 0.094313
vt 0.963373 0.098658
vt 0.958358 0.144367
vt 0.941389 0.192284
vt 0.971309 0.103052
vt 0.858973 0.239809
vt 0.880568 0.188418
vt 0.888804 0.240785
vt 0.899856 0.136519
vt 0.916278 0.088813
vt 0.929208 0.050058
vt 0.958955 0.057065
vt 0.974970 0.063452
vt 0.981098 0.071689
vt 0.982210 0.080573
vt 0.975924 0.105317
vt 0.964726 0.144948
vt 0.949033 0.192539
vt 0.920686 0.241434
vt 0.929427 0.241897
vt 0.908347 0.241237
vt 0.069734 0.915993
vt 0.077743 0.910791
vt 0.080154 0.918861
vt 0.076071 0.925353
vt 0.080557 0.906744
vt 0.081991 0.915618
vt 0.081755 0.925496
vt 0.079377 0.933626
vt 0.084513 0.922028
vt 0.034909 0.901943
vt 0.060766 0.894575
vt 0.049974 0.932316
vt 0.073124 0.890986
vt 0.077547 0.886165
vt 0.081384 0.876433
vt 0.083911 0.898713
vt 0.086199 0.910007
vt 0.091076 0.918158
vt 0.104063 0.933263
vt 0.093321 0.938181
vt 0.087365 0.942981
vt 0.081499 0.953184
vt 0.073649 0.955284
vt 0.076507 0.965444
vt 0.065641 0.945493
vt 0.172097 0.359291
vt 0.174416 0.351787
vt 0.218430 0.360709
vt 0.216847 0.368580
vt 0.179978 0.345759
vt 0.221882 0.353594
vt 0.268123 0.373493
vt 0.266598 0.381548
vt 0.270984 0.365803
vt 0.137892 0.365117
vt 0.136527 0.353448
vt 0.173155 0.370037
vt 0.139911 0.345991
vt 0.148902 0.340890
vt 0.159562 0.338001
vt 0.184733 0.340505
vt 0.225295 0.347189
vt 0.274332 0.358840
vt 0.325796 0.375062
vt 0.321779 0.382209
vt 0.318555 0.390045
vt 0.316701 0.398118
vt 0.266491 0.391572
vt 0.316061 0.407874
vt 0.217400 0.378897
vt 0.272911 0.929340
vt 0.274914 0.937107
vt 0.224183 0.949961
vt 0.222272 0.942625
vt 0.278235 0.944372
vt 0.228091 0.956538
vt 0.179169 0.959618
vt 0.176678 0.952823
vt 0.185197 0.964986
vt 0.322322 0.903232
vt 0.323748 0.913221
vt 0.272249 0.919392
vt 0.326177 0.921239
vt 0.329857 0.928751
vt 0.334559 0.935924
vt 0.282230 0.951265
vt 0.232105 0.962711
vt 0.190532 0.969840
vt 0.164665 0.972936
vt 0.153457 0.970595
vt 0.144064 0.966345
vt 0.140661 0.959785
vt 0.177802 0.942471
vt 0.142334 0.948566
vt 0.222571 0.932608
vt 0.277612 0.838802
vt 0.240377 0.846824
vt 0.245009 0.836620
vt 0.279713 0.829174
vt 0.208370 0.849831
vt 0.215858 0.839151
vt 0.249316 0.827614
vt 0.281824 0.820607
vt 0.222964 0.830074
vt 0.318698 0.838645
vt 0.275737 0.851451
vt 0.318517 0.826818
vt 0.235771 0.860308
vt 0.200898 0.864258
vt 0.173278 0.862386
vt 0.183183 0.846856
vt 0.193343 0.835777
vt 0.203695 0.827135
vt 0.212209 0.820861
vt 0.227777 0.820759
vt 0.252477 0.817786
vt 0.283673 0.811158
vt 0.319347 0.810012
vt 0.320194 0.801372
vt 0.318762 0.817891
vt 0.815328 0.363673
vt 0.838733 0.328276
vt 0.858171 0.328104
vt 0.834314 0.363427
vt 0.864023 0.287046
vt 0.883675 0.287082
vt 0.872445 0.328193
vt 0.849236 0.363472
vt 0.897056 0.287212
vt 0.774871 0.392462
vt 0.791693 0.363990
vt 0.796308 0.392218
vt 0.812703 0.328495
vt 0.835793 0.286876
vt 0.906898 0.287887
vt 0.883343 0.328954
vt 0.861022 0.364215
vt 0.829919 0.391977
vt 0.842270 0.392632
vt 0.814689 0.391982
vt 0.450905 0.856701
vt 0.454281 0.865246
vt 0.416914 0.883633
vt 0.413749 0.875275
vt 0.459636 0.872857
vt 0.421801 0.891210
vt 0.373915 0.902923
vt 0.371072 0.894721
vt 0.378206 0.910500
vt 0.479689 0.830242
vt 0.481361 0.840848
vt 0.449068 0.846367
vt 0.484827 0.849681
vt 0.490432 0.857462
vt 0.498304 0.864563
vt 0.467134 0.879880
vt 0.428519 0.898307
vt 0.383920 0.917691
vt 0.369260 0.884650
vt 0.411831 0.865101
vt 0.443686 0.780446
vt 0.404083 0.796145
vt 0.403000 0.788933
vt 0.442618 0.774042
vt 0.361460 0.812099
vt 0.360712 0.804007
vt 0.402309 0.782717
vt 0.441741 0.768548
vt 0.360427 0.796954
vt 0.477952 0.774641
vt 0.444795 0.789469
vt 0.477254 0.766429
vt 0.405473 0.806100
vt 0.362659 0.823016
vt 0.360637 0.789280
vt 0.402147 0.776040
vt 0.441333 0.762815
vt 0.475171 0.755671
vt 0.474512 0.750755
vt 0.476245 0.760654
vt 0.503917 0.178968
vt 0.496242 0.124798
vt 0.546996 0.120467
vt 0.549531 0.176933
vt 0.492258 0.074871
vt 0.547611 0.068226
vt 0.605583 0.117441
vt 0.602535 0.175669
vt 0.610980 0.063386
vt 0.485054 0.232871
vt 0.468057 0.181091
vt 0.517002 0.232446
vt 0.456413 0.129094
vt 0.448734 0.081380
vt 0.443612 0.042699
vt 0.490226 0.034325
vt 0.549268 0.025746
vt 0.616374 0.019405
vt 0.687335 0.017588
vt 0.678725 0.062154
vt 0.669070 0.116930
vt 0.660745 0.175868
vt 0.604102 0.232342
vt 0.656030 0.233093
vt 0.557259 0.232181
vt 0.054968 0.465541
vt 0.068679 0.470073
vt 0.063322 0.527946
vt 0.048921 0.523968
vt 0.074586 0.474801
vt 0.069183 0.531045
vt 0.060417 0.594016
vt 0.045721 0.590661
vt 0.065505 0.595573
vt 0.039753 0.411452
vt 0.063178 0.421750
vt 0.029235 0.458238
vt 0.075078 0.426908
vt 0.080278 0.432418
vt 0.084722 0.441995
vt 0.079510 0.482506
vt 0.074650 0.534600
vt 0.072970 0.594003
vt 0.082177 0.663600
vt 0.064051 0.663991
vt 0.059821 0.663156
vt 0.044883 0.660615
vt 0.017547 0.584335
vt 0.015736 0.655333
vt 0.021983 0.517201
vt 0.500069 0.677356
vt 0.514740 0.677000
vt 0.514078 0.681993
vt 0.499183 0.682456
vt 0.526474 0.676773
vt 0.525938 0.681711
vt 0.513535 0.686993
vt 0.498391 0.687622
vt 0.525523 0.686601
vt 0.480864 0.672991
vt 0.500889 0.672537
vt 0.479782 0.678026
vt 0.515390 0.672316
vt 0.527028 0.672141
vt 0.538294 0.671834
vt 0.537765 0.676485
vt 0.537267 0.681415
vt 0.536886 0.686228
vt 0.536676 0.690357
vt 0.525282 0.690909
vt 0.513177 0.691553
vt 0.497790 0.692536
vt 0.477352 0.688691
vt 0.476345 0.694090
vt 0.478545 0.683292
vt 0.582258 0.361088
vt 0.559281 0.324370
vt 0.589335 0.325370
vt 0.607992 0.361965
vt 0.536350 0.281270
vt 0.571331 0.281975
vt 0.623353 0.326430
vt 0.636275 0.362856
vt 0.611702 0.282863
vt 0.581059 0.389828
vt 0.559589 0.360256
vt 0.601612 0.390439
vt 0.533995 0.323495
vt 0.507954 0.280739
vt 0.656468 0.283872
vt 0.660722 0.327406
vt 0.666762 0.363632
vt 0.647593 0.391710
vt 0.672537 0.392266
vt 0.623891 0.391064
vt 0.196091 0.715829
vt 0.235930 0.705313
vt 0.242745 0.710524
vt 0.206578 0.719783
vt 0.281949 0.696211
vt 0.285199 0.702072
vt 0.248430 0.715626
vt 0.216139 0.723333
vt 0.287497 0.708106
vt 0.152740 0.724654
vt 0.184799 0.710912
vt 0.166597 0.727281
vt 0.228062 0.699282
vt 0.277673 0.689867
vt 0.328453 0.682822
vt 0.329710 0.689042
vt 0.330139 0.695100
vt 0.329942 0.701514
vt 0.329309 0.708856
vt 0.288831 0.715025
vt 0.252303 0.721538
vt 0.222729 0.727596
vt 0.193420 0.730888
vt 0.204297 0.731915
vt 0.180060 0.729339
vt 0.270375 0.444304
vt 0.227458 0.433755
vt 0.223097 0.413554
vt 0.268623 0.424856
vt 0.189213 0.427887
vt 0.182281 0.406647
vt 0.219637 0.394266
vt 0.267294 0.406321
vt 0.176752 0.386295
vt 0.315022 0.475021
vt 0.272495 0.461470
vt 0.315151 0.458525
vt 0.232388 0.451554
vt 0.196936 0.446514
vt 0.168702 0.447789
vt 0.158678 0.427941
vt 0.149681 0.405095
vt 0.142527 0.382977
vt 0.315790 0.422046
vt 0.315466 0.439843
vt 0.439663 0.511055
vt 0.401614 0.493462
vt 0.403117 0.476808
vt 0.440723 0.495408
vt 0.359472 0.475390
vt 0.360833 0.457676
vt 0.404248 0.460893
vt 0.441424 0.480382
vt 0.361934 0.440786
vt 0.470647 0.539373
vt 0.438367 0.524767
vt 0.471358 0.526491
vt 0.399985 0.508131
vt 0.358126 0.491026
vt 0.362671 0.427269
vt 0.404979 0.448049
vt 0.441882 0.468113
vt 0.471904 0.497252
vt 0.471770 0.511637
vt 0.111852 0.525335
vt 0.111059 0.552860
vt 0.096785 0.545673
vt 0.098584 0.509969
vt 0.117590 0.578552
vt 0.101978 0.580740
vt 0.084142 0.539442
vt 0.087507 0.494788
vt 0.086382 0.586625
vt 0.129533 0.516067
vt 0.126298 0.537772
vt 0.115547 0.498732
vt 0.126086 0.558733
vt 0.132893 0.577668
vt 0.150922 0.593416
vt 0.136375 0.599549
vt 0.120747 0.608893
vt 0.103410 0.625300
vt 0.092140 0.457842
vt 0.102702 0.477966
vt 0.501333 0.642029
vt 0.500787 0.635764
vt 0.515312 0.635908
vt 0.515808 0.642101
vt 0.500093 0.630016
vt 0.514706 0.630261
vt 0.527029 0.636219
vt 0.527477 0.642283
vt 0.526487 0.630703
vt 0.481817 0.648693
vt 0.481415 0.642050
vt 0.501696 0.648649
vt 0.480806 0.635722
vt 0.479992 0.629868
vt 0.478975 0.624528
vt 0.499294 0.624800
vt 0.514055 0.625151
vt 0.525928 0.625695
vt 0.537405 0.626634
vt 0.537925 0.631507
vt 0.538425 0.636808
vt 0.538834 0.642630
vt 0.527770 0.648767
vt 0.539097 0.648893
vt 0.516135 0.648685
vt 0.170939 0.613761
vt 0.217641 0.622221
vt 0.208995 0.632858
vt 0.158069 0.625346
vt 0.270745 0.626694
vt 0.265900 0.635736
vt 0.201650 0.645265
vt 0.145323 0.641467
vt 0.262191 0.645389
vt 0.183085 0.605142
vt 0.226280 0.613283
vt 0.275681 0.618570
vt 0.326234 0.621724
vt 0.324428 0.628729
vt 0.322437 0.636362
vt 0.320910 0.644371
vt 0.320493 0.652526
vt 0.260883 0.655241
vt 0.198646 0.658406
vt 0.138513 0.661414
vt 0.119802 0.836187
vt 0.125064 0.853818
vt 0.109346 0.877427
vt 0.104809 0.860713
vt 0.135004 0.868046
vt 0.118661 0.890040
vt 0.095540 0.897617
vt 0.092044 0.882958
vt 0.103078 0.908122
vt 0.131348 0.795351
vt 0.135086 0.814615
vt 0.116164 0.815020
vt 0.140574 0.832472
vt 0.150432 0.847800
vt 0.168052 0.859573
vt 0.153771 0.879246
vt 0.137895 0.901189
vt 0.120737 0.920853
vt 0.089509 0.859674
vt 0.101630 0.837908
vt 0.193621 0.883682
vt 0.231438 0.878284
vt 0.227606 0.898396
vt 0.186977 0.905491
vt 0.274257 0.868262
vt 0.273166 0.887076
vt 0.224535 0.917467
vt 0.181503 0.926173
vt 0.272463 0.904985
vt 0.163601 0.883600
vt 0.319343 0.854460
vt 0.320264 0.872245
vt 0.321275 0.889295
vt 0.147357 0.930465
vt 0.154710 0.907583
vt 0.502734 0.774554
vt 0.520100 0.764721
vt 0.518929 0.779486
vt 0.502441 0.789244
vt 0.532630 0.756495
vt 0.529935 0.771533
vt 0.518315 0.794993
vt 0.502273 0.804442
vt 0.528710 0.787503
vt 0.502889 0.762730
vt 0.478411 0.786940
vt 0.521169 0.753186
vt 0.535546 0.745070
vt 0.550425 0.737222
vt 0.541671 0.749569
vt 0.537149 0.764208
vt 0.535223 0.779865
vt 0.535357 0.796240
vt 0.528666 0.802387
vt 0.518394 0.809080
vt 0.502548 0.818025
vt 0.479071 0.816952
vt 0.478747 0.801828
vt 0.453926 0.668258
vt 0.418318 0.669437
vt 0.418432 0.663079
vt 0.454312 0.662176
vt 0.375488 0.671810
vt 0.374726 0.665024
vt 0.418201 0.656376
vt 0.454329 0.655652
vt 0.373828 0.657916
vt 0.453064 0.673824
vt 0.481587 0.667731
vt 0.417652 0.675359
vt 0.375721 0.678150
vt 0.326295 0.675970
vt 0.323779 0.668510
vt 0.321609 0.660632
vt 0.373194 0.650649
vt 0.417836 0.649502
vt 0.454089 0.648910
vt 0.482005 0.655407
vt 0.481948 0.661847
vt 0.272454 0.682483
vt 0.219226 0.691803
vt 0.210180 0.682472
vt 0.267143 0.674095
vt 0.172496 0.704385
vt 0.159228 0.694769
vt 0.202278 0.671113
vt 0.262844 0.664914
vt 0.145917 0.680444
vt 0.137900 0.720995
vt 0.121714 0.713985
vt 0.103832 0.699809
vt 0.497814 0.723241
vt 0.514375 0.718250
vt 0.515010 0.724231
vt 0.498143 0.730140
vt 0.527096 0.714265
vt 0.527906 0.719426
vt 0.515622 0.729243
vt 0.498488 0.736134
vt 0.528675 0.723582
vt 0.474624 0.721569
vt 0.497527 0.716055
vt 0.474470 0.729806
vt 0.513793 0.711944
vt 0.526352 0.708744
vt 0.537909 0.705826
vt 0.538718 0.710537
vt 0.539601 0.714886
vt 0.540445 0.718268
vt 0.541420 0.720676
vt 0.529521 0.726602
vt 0.516300 0.733054
vt 0.498941 0.740899
vt 0.474335 0.744900
vt 0.474360 0.737780
vt 0.225674 0.780399
vt 0.254209 0.776593
vt 0.254182 0.791559
vt 0.226877 0.795676
vt 0.286903 0.771565
vt 0.286063 0.785836
vt 0.253877 0.805625
vt 0.228223 0.809418
vt 0.285047 0.799383
vt 0.199589 0.768198
vt 0.224709 0.765570
vt 0.201444 0.783395
vt 0.254179 0.762135
vt 0.287671 0.757630
vt 0.324864 0.751803
vt 0.323592 0.764962
vt 0.322363 0.778179
vt 0.321216 0.790611
vt 0.207899 0.812418
vt 0.204011 0.799001
vt 0.493911 0.594055
vt 0.510699 0.597039
vt 0.511139 0.600795
vt 0.494609 0.598652
vt 0.523784 0.599589
vt 0.524045 0.602652
vt 0.511599 0.604165
vt 0.495341 0.602762
vt 0.524325 0.605441
vt 0.469725 0.584233
vt 0.493255 0.589111
vt 0.470698 0.590309
vt 0.510291 0.592977
vt 0.523558 0.596261
vt 0.535728 0.599450
vt 0.535827 0.602102
vt 0.535968 0.604537
vt 0.536141 0.606826
vt 0.536308 0.609420
vt 0.524588 0.608310
vt 0.512044 0.607407
vt 0.496087 0.606525
vt 0.472852 0.601069
vt 0.474025 0.605567
vt 0.471740 0.595987
vt 0.223145 0.551444
vt 0.252882 0.555617
vt 0.252946 0.566940
vt 0.223011 0.562685
vt 0.286295 0.561099
vt 0.287002 0.572370
vt 0.252698 0.576846
vt 0.223395 0.572251
vt 0.287354 0.582386
vt 0.198583 0.535691
vt 0.223715 0.538454
vt 0.197400 0.549054
vt 0.252773 0.542853
vt 0.285492 0.548660
vt 0.321708 0.555577
vt 0.323065 0.567347
vt 0.324481 0.578180
vt 0.325803 0.587877
vt 0.326877 0.596255
vt 0.286985 0.591052
vt 0.251037 0.585299
vt 0.221849 0.579962
vt 0.199730 0.569817
vt 0.203537 0.576216
vt 0.197395 0.560399
vt 0.143258 0.766123
vt 0.143414 0.751929
vt 0.159234 0.748922
vt 0.159013 0.760580
vt 0.149967 0.739223
vt 0.165128 0.738840
vt 0.176886 0.747159
vt 0.176789 0.757601
vt 0.181443 0.738529
vt 0.128087 0.775943
vt 0.146168 0.782186
vt 0.128023 0.757385
vt 0.134869 0.740254
vt 0.200347 0.737307
vt 0.197950 0.745368
vt 0.198067 0.755529
vt 0.178870 0.770620
vt 0.161532 0.774616
vt 0.279882 0.611501
vt 0.234172 0.605679
vt 0.241141 0.598917
vt 0.283190 0.604996
vt 0.194486 0.597892
vt 0.205228 0.591583
vt 0.247011 0.592406
vt 0.285590 0.598406
vt 0.215049 0.585939
vt 0.327339 0.615462
vt 0.164898 0.587950
vt 0.178728 0.582980
vt 0.192458 0.578901
vt 0.327559 0.603295
vt 0.327744 0.609505
vt 0.449350 0.619227
vt 0.413792 0.618825
vt 0.411931 0.613664
vt 0.447614 0.614240
vt 0.372619 0.617766
vt 0.371356 0.612286
vt 0.409905 0.608427
vt 0.445816 0.609351
vt 0.369758 0.606580
vt 0.450892 0.624350
vt 0.477786 0.619510
vt 0.415320 0.624130
vt 0.373379 0.623422
vt 0.367969 0.600169
vt 0.407849 0.602779
vt 0.444054 0.604424
vt 0.475251 0.609941
vt 0.476518 0.614612
vt 0.147045 0.507765
vt 0.151853 0.489460
vt 0.166293 0.497311
vt 0.162168 0.514659
vt 0.161020 0.473859
vt 0.174312 0.482408
vt 0.182569 0.501933
vt 0.179420 0.518080
vt 0.188717 0.488407
vt 0.132948 0.495068
vt 0.143981 0.526824
vt 0.138093 0.476202
vt 0.147854 0.460686
vt 0.165722 0.449740
vt 0.177584 0.463017
vt 0.189018 0.472305
vt 0.200387 0.479713
vt 0.209569 0.485386
vt 0.205399 0.492868
vt 0.201862 0.505352
vt 0.199866 0.520447
vt 0.177467 0.534275
vt 0.159617 0.532122
vt 0.555821 0.716999
vt 0.574930 0.703565
vt 0.572513 0.702701
vt 0.553612 0.714398
vt 0.549222 0.732189
vt 0.566242 0.727971
vt 0.546387 0.727730
vt 0.543454 0.723687
vt 0.551745 0.709829
vt 0.571911 0.699700
vt 0.571945 0.701384
vt 0.552563 0.712461
vt 0.576564 0.699140
vt 0.579012 0.698344
vt 0.582021 0.697917
vt 0.585087 0.698488
vt 0.585783 0.708379
vt 0.587890 0.700602
vt 0.578313 0.599412
vt 0.576624 0.601283
vt 0.554061 0.587976
vt 0.555889 0.585732
vt 0.494231 0.559370
vt 0.512289 0.568149
vt 0.511486 0.572697
vt 0.493320 0.564649
vt 0.526611 0.575484
vt 0.525789 0.579233
vt 0.510411 0.575937
vt 0.492366 0.568351
vt 0.524527 0.582147
vt 0.494811 0.551053
vt 0.469685 0.548380
vt 0.512400 0.560558
vt 0.526082 0.568905
vt 0.540024 0.577390
vt 0.540011 0.581845
vt 0.538843 0.584968
vt 0.537373 0.587711
vt 0.536241 0.590002
vt 0.523559 0.584594
vt 0.509640 0.578651
vt 0.491791 0.571493
vt 0.467747 0.558587
vt 0.467340 0.562352
vt 0.468632 0.554327
vt 0.204854 0.459984
vt 0.237519 0.464511
vt 0.242572 0.473907
vt 0.212771 0.469699
vt 0.274902 0.473989
vt 0.277413 0.483006
vt 0.247198 0.481938
vt 0.220311 0.477897
vt 0.279804 0.490587
vt 0.179030 0.461919
vt 0.315249 0.487034
vt 0.315821 0.495589
vt 0.316649 0.502580
vt 0.317591 0.510039
vt 0.281773 0.498862
vt 0.250571 0.490677
vt 0.225489 0.486309
vt 0.200592 0.479561
vt 0.189674 0.471788
vt 0.363595 0.417769
vt 0.365849 0.409723
vt 0.408701 0.430751
vt 0.406035 0.438767
vt 0.369750 0.401900
vt 0.413349 0.423010
vt 0.446070 0.450931
vt 0.443006 0.458957
vt 0.451414 0.443268
vt 0.374837 0.394742
vt 0.419625 0.415928
vt 0.458760 0.436285
vt 0.773375 0.436344
vt 0.776469 0.427335
vt 0.793393 0.427295
vt 0.789593 0.436358
vt 0.783611 0.413131
vt 0.801289 0.412969
vt 0.808163 0.427268
vt 0.803835 0.436411
vt 0.816418 0.412918
vt 0.755367 0.441971
vt 0.755653 0.436377
vt 0.772716 0.441924
vt 0.757975 0.427390
vt 0.763888 0.413259
vt 0.828890 0.413448
vt 0.820460 0.427617
vt 0.815859 0.436573
vt 0.802065 0.441892
vt 0.813811 0.441906
vt 0.788403 0.441918
vt 0.529683 0.815128
vt 0.532911 0.825927
vt 0.523100 0.830669
vt 0.519741 0.820738
vt 0.538242 0.835208
vt 0.528553 0.839354
vt 0.507490 0.838307
vt 0.504053 0.829046
vt 0.513085 0.846434
vt 0.535265 0.812231
vt 0.538281 0.823593
vt 0.543683 0.833091
vt 0.550594 0.841504
vt 0.545212 0.843491
vt 0.535901 0.847180
vt 0.520836 0.853806
vt 0.535836 0.738909
vt 0.521108 0.746223
vt 0.519663 0.741246
vt 0.533803 0.734201
vt 0.502504 0.755157
vt 0.501381 0.749821
vt 0.517691 0.736800
vt 0.531286 0.729960
vt 0.499938 0.745162
vt 0.375155 0.684099
vt 0.416327 0.680996
vt 0.414569 0.686746
vt 0.373972 0.690074
vt 0.451696 0.679146
vt 0.450050 0.684639
vt 0.412648 0.692826
vt 0.372436 0.696443
vt 0.448366 0.690355
vt 0.446845 0.696383
vt 0.410805 0.699523
vt 0.370792 0.703653
vt 0.623925 0.435226
vt 0.621145 0.426091
vt 0.639692 0.426610
vt 0.641813 0.435786
vt 0.614330 0.411725
vt 0.634253 0.412236
vt 0.658804 0.427124
vt 0.660260 0.436327
vt 0.654972 0.412765
vt 0.607880 0.440622
vt 0.606865 0.434762
vt 0.624609 0.441104
vt 0.603380 0.425654
vt 0.595407 0.411271
vt 0.676359 0.413190
vt 0.678340 0.427498
vt 0.679091 0.436693
vt 0.660566 0.442238
vt 0.679261 0.442584
vt 0.642283 0.441688
vt 0.523836 0.556931
vt 0.511769 0.548572
vt 0.510919 0.534054
vt 0.521785 0.541985
vt 0.494963 0.538743
vt 0.494820 0.524281
vt 0.510325 0.519545
vt 0.520783 0.526818
vt 0.494540 0.510081
vt 0.532404 0.563955
vt 0.527442 0.533900
vt 0.528878 0.549113
vt 0.373533 0.629620
vt 0.416377 0.629865
vt 0.417048 0.636083
vt 0.373327 0.636333
vt 0.452114 0.629840
vt 0.453020 0.635822
vt 0.417483 0.642678
vt 0.373100 0.643399
vt 0.453661 0.642229
vt 0.364263 0.837854
vt 0.407106 0.819980
vt 0.408783 0.836011
vt 0.366024 0.854714
vt 0.445917 0.802479
vt 0.446987 0.817830
vt 0.410348 0.851753
vt 0.367711 0.871051
vt 0.447978 0.833145
vt 0.501467 0.667506
vt 0.501778 0.661756
vt 0.516169 0.661762
vt 0.515881 0.667430
vt 0.501847 0.655359
vt 0.516256 0.655389
vt 0.527764 0.661729
vt 0.527478 0.667331
vt 0.527866 0.655407
vt 0.539176 0.655356
vt 0.539054 0.661543
vt 0.538748 0.667055
vt 0.363627 0.756651
vt 0.404367 0.747393
vt 0.403331 0.757984
vt 0.362360 0.768602
vt 0.442493 0.738133
vt 0.441879 0.747365
vt 0.402540 0.767735
vt 0.361321 0.779721
vt 0.441444 0.755760
vt 0.365001 0.744567
vt 0.405508 0.736579
vt 0.443180 0.728646
vt 0.362513 0.573820
vt 0.402277 0.580007
vt 0.404004 0.588528
vt 0.364271 0.583682
vt 0.439394 0.585573
vt 0.440832 0.592619
vt 0.405869 0.596184
vt 0.366112 0.592539
vt 0.442387 0.598940
vt 0.360900 0.563212
vt 0.400700 0.570895
vt 0.438069 0.578053
vt 0.357099 0.502380
vt 0.398525 0.518718
vt 0.397416 0.526049
vt 0.356503 0.510366
vt 0.437030 0.534548
vt 0.435844 0.541184
vt 0.396800 0.531663
vt 0.356380 0.516694
vt 0.435027 0.546089
vt 0.434775 0.550662
vt 0.396758 0.537192
vt 0.356695 0.523215
vt 0.419408 0.184133
vt 0.404988 0.136284
vt 0.413605 0.134477
vt 0.428316 0.183577
vt 0.394897 0.095151
vt 0.402958 0.090580
vt 0.429592 0.132225
vt 0.443516 0.182637
vt 0.419677 0.086308
vt 0.431253 0.234372
vt 0.412881 0.184699
vt 0.438492 0.233597
vt 0.399168 0.137149
vt 0.390124 0.097647
vt 0.385541 0.072965
vt 0.387598 0.063945
vt 0.395071 0.055507
vt 0.412555 0.049161
vt 0.462547 0.233180
vt 0.447860 0.233363
vt 0.083357 0.377457
vt 0.086104 0.385395
vt 0.083986 0.393037
vt 0.079464 0.386280
vt 0.089187 0.389350
vt 0.086442 0.396937
vt 0.080606 0.403434
vt 0.072354 0.397428
vt 0.084241 0.408249
vt 0.081017 0.347836
vt 0.085947 0.358924
vt 0.077936 0.357618
vt 0.091949 0.368394
vt 0.098314 0.373662
vt 0.108277 0.379495
vt 0.095541 0.393986
vt 0.090626 0.403175
vt 0.088066 0.416656
vt 0.055252 0.381823
vt 0.069720 0.367649
vt 0.511810 0.358890
vt 0.487223 0.322340
vt 0.498847 0.322302
vt 0.524677 0.358937
vt 0.461845 0.280189
vt 0.472190 0.280070
vt 0.514067 0.322765
vt 0.540450 0.359484
vt 0.486953 0.280319
vt 0.521042 0.389254
vt 0.501022 0.359836
vt 0.532729 0.388483
vt 0.477668 0.323358
vt 0.453559 0.281156
vt 0.562602 0.389180
vt 0.546475 0.388631
vt 0.133908 0.441956
vt 0.124103 0.456663
vt 0.110529 0.434754
vt 0.119622 0.421440
vt 0.119051 0.475571
vt 0.106013 0.452965
vt 0.098831 0.415633
vt 0.106176 0.404254
vt 0.095190 0.432011
vt 0.152625 0.431183
vt 0.122960 0.391735
vt 0.138292 0.410375
vt 0.491784 0.575025
vt 0.509468 0.581494
vt 0.509618 0.584914
vt 0.492120 0.579277
vt 0.523233 0.586920
vt 0.523232 0.589665
vt 0.509918 0.588833
vt 0.492640 0.584075
vt 0.523364 0.592857
vt 0.467503 0.566787
vt 0.535774 0.591971
vt 0.535652 0.594165
vt 0.535661 0.596719
vt 0.468819 0.578044
vt 0.468045 0.572108
vt 0.226188 0.496580
vt 0.252094 0.501676
vt 0.252496 0.514672
vt 0.225111 0.509310
vt 0.283116 0.509430
vt 0.284027 0.521887
vt 0.252653 0.528826
vt 0.224294 0.523871
vt 0.284763 0.535299
vt 0.318526 0.519578
vt 0.319482 0.530895
vt 0.320522 0.543177
vt 0.148051 0.575683
vt 0.141410 0.561246
vt 0.157699 0.561254
vt 0.163682 0.572937
vt 0.141249 0.544869
vt 0.157383 0.547728
vt 0.175961 0.560386
vt 0.180525 0.570506
vt 0.175746 0.548408
vt 0.550897 0.706386
vt 0.571597 0.697857
vt 0.550116 0.702621
vt 0.571129 0.695991
vt 0.577341 0.693449
vt 0.577622 0.694647
vt 0.577677 0.695959
vt 0.577266 0.697537
vt 0.548642 0.598946
vt 0.570638 0.608292
vt 0.570737 0.609356
vt 0.548571 0.600911
vt 0.563110 0.434090
vt 0.557440 0.424770
vt 0.571166 0.425043
vt 0.576234 0.434288
vt 0.547765 0.410094
vt 0.561740 0.410346
vt 0.586611 0.425327
vt 0.590888 0.434481
vt 0.577745 0.410811
vt 0.554839 0.439381
vt 0.551519 0.433956
vt 0.566121 0.439749
vt 0.545564 0.424968
vt 0.535766 0.410617
vt 0.592439 0.440338
vt 0.578504 0.440097
vt 0.357356 0.531500
vt 0.397239 0.544116
vt 0.398117 0.552401
vt 0.358297 0.541382
vt 0.435103 0.556249
vt 0.435842 0.562948
vt 0.399295 0.561519
vt 0.359486 0.552188
vt 0.436863 0.570367
vt 0.721853 0.177906
vt 0.734535 0.119698
vt 0.797916 0.124840
vt 0.781935 0.181233
vt 0.747365 0.065660
vt 0.812847 0.072624
vt 0.854596 0.130953
vt 0.836400 0.185028
vt 0.870689 0.081052
vt 0.711345 0.234526
vt 0.758218 0.021720
vt 0.825040 0.030182
vt 0.883518 0.040495
vt 0.817147 0.238238
vt 0.766480 0.236360
vt 0.045228 0.730447
vt 0.060474 0.731857
vt 0.062953 0.796250
vt 0.047756 0.796353
vt 0.065184 0.731781
vt 0.068286 0.794264
vt 0.067627 0.851408
vt 0.053066 0.853190
vt 0.072866 0.847488
vt 0.015736 0.726863
vt 0.072499 0.732745
vt 0.073219 0.790097
vt 0.077104 0.839269
vt 0.024938 0.854795
vt 0.018668 0.794976
vt 0.699075 0.364121
vt 0.700722 0.328126
vt 0.741218 0.328517
vt 0.731871 0.364304
vt 0.704483 0.284899
vt 0.752803 0.285779
vt 0.779481 0.328614
vt 0.763363 0.364231
vt 0.797809 0.286453
vt 0.698567 0.392588
vt 0.750767 0.392623
vt 0.724978 0.392688
vt 0.119033 0.741986
vt 0.112219 0.765899
vt 0.096825 0.775472
vt 0.102620 0.742201
vt 0.112647 0.790919
vt 0.097991 0.808578
vt 0.083180 0.783756
vt 0.086275 0.738469
vt 0.085662 0.825654
vt 0.497420 0.697456
vt 0.513024 0.695836
vt 0.513077 0.700553
vt 0.497273 0.702958
vt 0.525234 0.694716
vt 0.525391 0.698807
vt 0.513342 0.705950
vt 0.497324 0.709195
vt 0.525767 0.703502
vt 0.475609 0.699844
vt 0.536663 0.693791
vt 0.536857 0.697327
vt 0.537275 0.701347
vt 0.474815 0.713647
vt 0.475119 0.706352
vt 0.224114 0.733969
vt 0.253885 0.729093
vt 0.254139 0.738380
vt 0.223669 0.742446
vt 0.289245 0.723470
vt 0.289006 0.733459
vt 0.254158 0.749363
vt 0.223890 0.752899
vt 0.288416 0.744869
vt 0.328415 0.717683
vt 0.327338 0.727932
vt 0.326134 0.739374
vt 0.164323 0.833280
vt 0.154989 0.817536
vt 0.169393 0.808262
vt 0.177697 0.823654
vt 0.149703 0.799877
vt 0.164675 0.791151
vt 0.185251 0.802682
vt 0.191737 0.816965
vt 0.181459 0.786355
vt 0.180587 0.845238
vt 0.203357 0.826930
vt 0.192198 0.835036
vt 0.548836 0.597187
vt 0.570304 0.606935
vt 0.549416 0.595451
vt 0.570531 0.605542
vt 0.548548 0.602971
vt 0.570650 0.610204
vt 0.575006 0.608863
vt 0.575967 0.610407
vt 0.576584 0.611723
vt 0.576748 0.612451
vt 0.576695 0.612889
vt 0.552375 0.590708
vt 0.574708 0.603249
vt 0.572348 0.604509
vt 0.550687 0.593300
vt 0.698289 0.436749
vt 0.698281 0.427617
vt 0.718443 0.427587
vt 0.717683 0.436656
vt 0.698363 0.413393
vt 0.720656 0.413426
vt 0.738480 0.427482
vt 0.736940 0.436497
vt 0.742696 0.413357
vt 0.698363 0.442584
vt 0.736850 0.442139
vt 0.717687 0.442378
vt 0.369240 0.712211
vt 0.409222 0.707317
vt 0.407868 0.716242
vt 0.367785 0.722058
vt 0.445623 0.703159
vt 0.444663 0.710885
vt 0.406659 0.726085
vt 0.366384 0.732932
vt 0.443880 0.719454
vt 0.584769 0.690480
vt 0.584894 0.691795
vt 0.582771 0.692337
vt 0.582815 0.691383
vt 0.585201 0.694041
vt 0.582647 0.694067
vt 0.580901 0.693623
vt 0.580938 0.692617
vt 0.580438 0.695218
vt 0.589817 0.687283
vt 0.590200 0.689753
vt 0.584740 0.689400
vt 0.590297 0.692545
vt 0.589882 0.696679
vt 0.580797 0.691771
vt 0.582776 0.690616
vt 0.581871 0.615860
vt 0.581975 0.616349
vt 0.580599 0.615363
vt 0.580664 0.615047
vt 0.582361 0.617541
vt 0.580097 0.616189
vt 0.579143 0.614639
vt 0.579415 0.614418
vt 0.578232 0.615117
vt 0.586197 0.615898
vt 0.585966 0.617735
vt 0.581848 0.615384
vt 0.585561 0.619948
vt 0.585762 0.622348
vt 0.585401 0.627187
vt 0.580933 0.620532
vt 0.577983 0.617998
vt 0.575778 0.615906
vt 0.573908 0.614489
vt 0.575243 0.613912
vt 0.576223 0.613450
vt 0.576592 0.613192
vt 0.579463 0.614241
vt 0.580659 0.614846
vt 0.582248 0.612569
vt 0.581928 0.614185
vt 0.580604 0.614162
vt 0.580558 0.612919
vt 0.581811 0.614900
vt 0.580640 0.614605
vt 0.579355 0.613477
vt 0.578866 0.612263
vt 0.579476 0.613984
vt 0.582602 0.605529
vt 0.585465 0.608532
vt 0.581834 0.608167
vt 0.586253 0.612227
vt 0.586211 0.614291
vt 0.577290 0.609375
vt 0.579700 0.609393
vt 0.584319 0.685460
vt 0.584426 0.687263
vt 0.582474 0.689130
vt 0.581720 0.687777
vt 0.584579 0.688357
vt 0.582678 0.689908
vt 0.580208 0.690212
vt 0.579133 0.689148
vt 0.580618 0.691001
vt 0.585402 0.674395
vt 0.586785 0.679407
vt 0.582312 0.681867
vt 0.587768 0.682326
vt 0.588972 0.684852
vt 0.577044 0.692340
vt 0.576519 0.691298
vt 0.575473 0.690154
vt 0.576382 0.687605
vt 0.574117 0.689037
vt 0.579125 0.685262
vt 0.549083 0.695767
vt 0.570170 0.692592
vt 0.570705 0.694225
vt 0.549501 0.699024
vt 0.548875 0.692820
vt 0.569438 0.690954
vt 0.548891 0.689747
vt 0.569179 0.688952
vt 0.548603 0.606716
vt 0.570210 0.611470
vt 0.569551 0.612274
vt 0.548679 0.608507
vt 0.548555 0.604931
vt 0.570527 0.610894
vt 0.548784 0.610853
vt 0.569200 0.613768
vt 0.549679 0.681100
vt 0.572429 0.682562
vt 0.570414 0.686179
vt 0.549177 0.685810
vt 0.550290 0.676166
vt 0.574568 0.677975
vt 0.550904 0.671436
vt 0.576122 0.672585
vt 0.573630 0.623814
vt 0.549635 0.623230
vt 0.549234 0.618541
vt 0.571749 0.619646
vt 0.548955 0.614266
vt 0.570135 0.616298
vt 0.575366 0.628754
vt 0.550148 0.627952
vt 0.536965 0.621882
vt 0.536656 0.617201
vt 0.536458 0.612909
vt 0.551773 0.661246
vt 0.576388 0.661235
vt 0.576425 0.666989
vt 0.551420 0.666647
vt 0.525446 0.620905
vt 0.513441 0.620305
vt 0.512912 0.615560
vt 0.525083 0.616212
vt 0.498448 0.619874
vt 0.497619 0.615052
vt 0.512462 0.611156
vt 0.524818 0.611891
vt 0.496836 0.610528
vt 0.551925 0.655262
vt 0.576198 0.655301
vt 0.576018 0.649441
vt 0.551854 0.649073
vt 0.582090 0.649756
vt 0.582470 0.655148
vt 0.583086 0.660753
vt 0.583662 0.666626
vt 0.551205 0.637659
vt 0.576009 0.638730
vt 0.575995 0.643910
vt 0.551603 0.643138
vt 0.550701 0.632654
vt 0.575863 0.633790
vt 0.583731 0.634528
vt 0.583186 0.639700
vt 0.582497 0.644662
vt 0.559050 0.720552
vt 0.562612 0.724518
vt 0.582108 0.706540
vt 0.578390 0.704653
vt 0.495797 0.488719
vt 0.511627 0.497186
vt 0.515557 0.488219
vt 0.499517 0.480316
vt 0.521900 0.479910
vt 0.505715 0.472449
vt 0.522068 0.502500
vt 0.526048 0.492681
vt 0.532458 0.483820
vt 0.472043 0.485332
vt 0.494484 0.498134
vt 0.473244 0.476155
vt 0.476672 0.468023
vt 0.482557 0.460343
vt 0.514001 0.465325
vt 0.490626 0.453370
vt 0.530039 0.472435
vt 0.540338 0.475950
vt 0.538722 0.485480
vt 0.546593 0.477454
vt 0.532152 0.494635
vt 0.528084 0.505029
vt 0.520714 0.513493
vt 0.527684 0.518772
vt 0.510221 0.507145
vt 0.911131 0.190663
vt 0.930194 0.191829
vt 0.948583 0.142724
vt 0.930406 0.140319
vt 0.963373 0.098658
vt 0.946383 0.094313
vt 0.941389 0.192284
vt 0.958358 0.144367
vt 0.971309 0.103052
vt 0.858973 0.239809
vt 0.888804 0.240785
vt 0.880568 0.188418
vt 0.899856 0.136519
vt 0.916278 0.088813
vt 0.958955 0.057065
vt 0.929208 0.050058
vt 0.974970 0.063452
vt 0.981098 0.071689
vt 0.975924 0.105317
vt 0.982210 0.080573
vt 0.964726 0.144948
vt 0.949033 0.192539
vt 0.920686 0.241434
vt 0.929427 0.241897
vt 0.908347 0.241237
vt 0.069734 0.915993
vt 0.076071 0.925353
vt 0.080154 0.918861
vt 0.077743 0.910791
vt 0.081991 0.915618
vt 0.080557 0.906744
vt 0.079377 0.933626
vt 0.081755 0.925496
vt 0.084513 0.922028
vt 0.034909 0.901943
vt 0.049974 0.932316
vt 0.060766 0.894575
vt 0.073124 0.890986
vt 0.077547 0.886165
vt 0.083911 0.898713
vt 0.081384 0.876433
vt 0.086199 0.910007
vt 0.091076 0.918158
vt 0.093321 0.938181
vt 0.104063 0.933263
vt 0.087365 0.942981
vt 0.081499 0.953184
vt 0.073649 0.955284
vt 0.076507 0.965444
vt 0.065641 0.945493
vt 0.172097 0.359291
vt 0.216847 0.368580
vt 0.218430 0.360709
vt 0.174416 0.351787
vt 0.221882 0.353594
vt 0.179978 0.345759
vt 0.266598 0.381548
vt 0.268123 0.373493
vt 0.270984 0.365803
vt 0.137892 0.365117
vt 0.173155 0.370037
vt 0.136527 0.353448
vt 0.139911 0.345991
vt 0.148902 0.340890
vt 0.184733 0.340505
vt 0.159562 0.338001
vt 0.225295 0.347189
vt 0.274332 0.358840
vt 0.321779 0.382209
vt 0.325796 0.375062
vt 0.318555 0.390045
vt 0.316701 0.398118
vt 0.266491 0.391572
vt 0.316061 0.407874
vt 0.217400 0.378897
vt 0.272911 0.929340
vt 0.222272 0.942625
vt 0.224183 0.949961
vt 0.274914 0.937107
vt 0.228091 0.956538
vt 0.278235 0.944372
vt 0.176678 0.952823
vt 0.179169 0.959618
vt 0.185197 0.964986
vt 0.322322 0.903232
vt 0.272249 0.919392
vt 0.323748 0.913221
vt 0.326177 0.921239
vt 0.329857 0.928751
vt 0.282230 0.951265
vt 0.334559 0.935924
vt 0.232105 0.962711
vt 0.190532 0.969840
vt 0.153457 0.970595
vt 0.164665 0.972936
vt 0.144064 0.966345
vt 0.140661 0.959785
vt 0.177802 0.942471
vt 0.142334 0.948566
vt 0.222571 0.932608
vt 0.277612 0.838802
vt 0.279713 0.829174
vt 0.245009 0.836620
vt 0.240377 0.846824
vt 0.215858 0.839151
vt 0.208370 0.849831
vt 0.281824 0.820607
vt 0.249316 0.827614
vt 0.222964 0.830074
vt 0.318698 0.838645
vt 0.318517 0.826818
vt 0.275737 0.851451
vt 0.235771 0.860308
vt 0.200898 0.864258
vt 0.183183 0.846856
vt 0.173278 0.862386
vt 0.193343 0.835777
vt 0.203695 0.827135
vt 0.227777 0.820759
vt 0.212209 0.820861
vt 0.252477 0.817786
vt 0.283673 0.811158
vt 0.319347 0.810012
vt 0.320194 0.801372
vt 0.318762 0.817891
vt 0.815328 0.363673
vt 0.834314 0.363427
vt 0.858171 0.328104
vt 0.838733 0.328276
vt 0.883675 0.287082
vt 0.864023 0.287046
vt 0.849236 0.363472
vt 0.872445 0.328193
vt 0.897056 0.287212
vt 0.774871 0.392462
vt 0.796308 0.392218
vt 0.791693 0.363990
vt 0.812703 0.328495
vt 0.835793 0.286876
vt 0.906898 0.287887
vt 0.883343 0.328954
vt 0.861022 0.364215
vt 0.829919 0.391977
vt 0.842270 0.392632
vt 0.814689 0.391982
vt 0.450905 0.856701
vt 0.413749 0.875275
vt 0.416914 0.883633
vt 0.454281 0.865246
vt 0.421801 0.891210
vt 0.459636 0.872857
vt 0.371072 0.894721
vt 0.373915 0.902923
vt 0.378206 0.910500
vt 0.479689 0.830242
vt 0.449068 0.846367
vt 0.481361 0.840848
vt 0.484827 0.849681
vt 0.490432 0.857462
vt 0.467134 0.879880
vt 0.498304 0.864563
vt 0.428519 0.898307
vt 0.383920 0.917691
vt 0.369260 0.884650
vt 0.411831 0.865101
vt 0.443686 0.780446
vt 0.442618 0.774042
vt 0.403000 0.788933
vt 0.404083 0.796145
vt 0.360712 0.804007
vt 0.361460 0.812099
vt 0.441741 0.768548
vt 0.402309 0.782717
vt 0.360427 0.796954
vt 0.477952 0.774641
vt 0.477254 0.766429
vt 0.444795 0.789469
vt 0.405473 0.806100
vt 0.362659 0.823016
vt 0.360637 0.789280
vt 0.402147 0.776040
vt 0.441333 0.762815
vt 0.475171 0.755671
vt 0.474512 0.750755
vt 0.476245 0.760654
vt 0.503917 0.178968
vt 0.549531 0.176933
vt 0.546996 0.120467
vt 0.496242 0.124798
vt 0.547611 0.068226
vt 0.492258 0.074871
vt 0.602535 0.175669
vt 0.605583 0.117441
vt 0.610980 0.063386
vt 0.485054 0.232871
vt 0.517002 0.232446
vt 0.468057 0.181091
vt 0.456413 0.129094
vt 0.448734 0.081380
vt 0.490226 0.034325
vt 0.443612 0.042699
vt 0.549268 0.025746
vt 0.616374 0.019405
vt 0.678725 0.062154
vt 0.687335 0.017588
vt 0.669070 0.116930
vt 0.660745 0.175868
vt 0.604102 0.232342
vt 0.656030 0.233093
vt 0.557259 0.232181
vt 0.054968 0.465541
vt 0.048921 0.523968
vt 0.063322 0.527946
vt 0.068679 0.470073
vt 0.069183 0.531045
vt 0.074586 0.474801
vt 0.045721 0.590661
vt 0.060417 0.594016
vt 0.065505 0.595573
vt 0.039753 0.411452
vt 0.029235 0.458238
vt 0.063178 0.421750
vt 0.075078 0.426908
vt 0.080278 0.432418
vt 0.079510 0.482506
vt 0.084722 0.441995
vt 0.074650 0.534600
vt 0.072970 0.594003
vt 0.064051 0.663991
vt 0.082177 0.663600
vt 0.059821 0.663156
vt 0.044883 0.660615
vt 0.017547 0.584335
vt 0.015736 0.655333
vt 0.021983 0.517201
vt 0.500069 0.677356
vt 0.499183 0.682456
vt 0.514078 0.681993
vt 0.514740 0.677000
vt 0.525938 0.681711
vt 0.526474 0.676773
vt 0.498391 0.687622
vt 0.513535 0.686993
vt 0.525523 0.686601
vt 0.480864 0.672991
vt 0.479782 0.678026
vt 0.500889 0.672537
vt 0.515390 0.672316
vt 0.527028 0.672141
vt 0.537765 0.676485
vt 0.538294 0.671834
vt 0.537267 0.681415
vt 0.536886 0.686228
vt 0.525282 0.690909
vt 0.536676 0.690357
vt 0.513177 0.691553
vt 0.497790 0.692536
vt 0.477352 0.688691
vt 0.476345 0.694090
vt 0.478545 0.683292
vt 0.582258 0.361088
vt 0.607992 0.361965
vt 0.589335 0.325370
vt 0.559281 0.324370
vt 0.571331 0.281975
vt 0.536350 0.281270
vt 0.636275 0.362856
vt 0.623353 0.326430
vt 0.611702 0.282863
vt 0.581059 0.389828
vt 0.601612 0.390439
vt 0.559589 0.360256
vt 0.533995 0.323495
vt 0.507954 0.280739
vt 0.656468 0.283872
vt 0.660722 0.327406
vt 0.666762 0.363632
vt 0.647593 0.391710
vt 0.672537 0.392266
vt 0.623891 0.391064
vt 0.196091 0.715829
vt 0.206578 0.719783
vt 0.242745 0.710524
vt 0.235930 0.705313
vt 0.285199 0.702072
vt 0.281949 0.696211
vt 0.216139 0.723333
vt 0.248430 0.715626
vt 0.287497 0.708106
vt 0.152740 0.724654
vt 0.166597 0.727281
vt 0.184799 0.710912
vt 0.228062 0.699282
vt 0.277673 0.689867
vt 0.329710 0.689042
vt 0.328453 0.682822
vt 0.330139 0.695100
vt 0.329942 0.701514
vt 0.288831 0.715025
vt 0.329309 0.708856
vt 0.252303 0.721538
vt 0.222729 0.727596
vt 0.193420 0.730888
vt 0.204297 0.731915
vt 0.180060 0.729339
vt 0.270375 0.444304
vt 0.268623 0.424856
vt 0.223097 0.413554
vt 0.227458 0.433755
vt 0.182281 0.406647
vt 0.189213 0.427887
vt 0.267294 0.406321
vt 0.219637 0.394266
vt 0.176752 0.386295
vt 0.315022 0.475021
vt 0.315151 0.458525
vt 0.272495 0.461470
vt 0.232388 0.451554
vt 0.196936 0.446514
vt 0.158678 0.427941
vt 0.168702 0.447789
vt 0.149681 0.405095
vt 0.142527 0.382977
vt 0.315790 0.422046
vt 0.315466 0.439843
vt 0.439663 0.511055
vt 0.440723 0.495408
vt 0.403117 0.476808
vt 0.401614 0.493462
vt 0.360833 0.457676
vt 0.359472 0.475390
vt 0.441424 0.480382
vt 0.404248 0.460893
vt 0.361934 0.440786
vt 0.470647 0.539373
vt 0.471358 0.526491
vt 0.438367 0.524767
vt 0.399985 0.508131
vt 0.358126 0.491026
vt 0.362671 0.427269
vt 0.404979 0.448049
vt 0.441882 0.468113
vt 0.471904 0.497252
vt 0.471770 0.511637
vt 0.111852 0.525335
vt 0.098584 0.509969
vt 0.096785 0.545673
vt 0.111059 0.552860
vt 0.101978 0.580740
vt 0.117590 0.578552
vt 0.087507 0.494788
vt 0.084142 0.539442
vt 0.086382 0.586625
vt 0.129533 0.516067
vt 0.115547 0.498732
vt 0.126298 0.537772
vt 0.126086 0.558733
vt 0.132893 0.577668
vt 0.136375 0.599549
vt 0.150922 0.593416
vt 0.120747 0.608893
vt 0.103410 0.625300
vt 0.092140 0.457842
vt 0.102702 0.477966
vt 0.501333 0.642029
vt 0.515808 0.642101
vt 0.515312 0.635908
vt 0.500787 0.635764
vt 0.514706 0.630261
vt 0.500093 0.630016
vt 0.527477 0.642283
vt 0.527029 0.636219
vt 0.526487 0.630703
vt 0.481817 0.648693
vt 0.501696 0.648649
vt 0.481415 0.642050
vt 0.480806 0.635722
vt 0.479992 0.629868
vt 0.499294 0.624800
vt 0.478975 0.624528
vt 0.514055 0.625151
vt 0.525928 0.625695
vt 0.537925 0.631507
vt 0.537405 0.626634
vt 0.538425 0.636808
vt 0.538834 0.642630
vt 0.527770 0.648767
vt 0.539097 0.648893
vt 0.516135 0.648685
vt 0.170939 0.613761
vt 0.158069 0.625346
vt 0.208995 0.632858
vt 0.217641 0.622221
vt 0.265900 0.635736
vt 0.270745 0.626694
vt 0.145323 0.641467
vt 0.201650 0.645265
vt 0.262191 0.645389
vt 0.183085 0.605142
vt 0.226280 0.613283
vt 0.275681 0.618570
vt 0.324428 0.628729
vt 0.326234 0.621724
vt 0.322437 0.636362
vt 0.320910 0.644371
vt 0.260883 0.655241
vt 0.320493 0.652526
vt 0.198646 0.658406
vt 0.138513 0.661414
vt 0.119802 0.836187
vt 0.104809 0.860713
vt 0.109346 0.877427
vt 0.125064 0.853818
vt 0.118661 0.890040
vt 0.135004 0.868046
vt 0.092044 0.882958
vt 0.095540 0.897617
vt 0.103078 0.908122
vt 0.131348 0.795351
vt 0.116164 0.815020
vt 0.135086 0.814615
vt 0.140574 0.832472
vt 0.150432 0.847800
vt 0.153771 0.879246
vt 0.168052 0.859573
vt 0.137895 0.901189
vt 0.120737 0.920853
vt 0.089509 0.859674
vt 0.101630 0.837908
vt 0.193621 0.883682
vt 0.186977 0.905491
vt 0.227606 0.898396
vt 0.231438 0.878284
vt 0.273166 0.887076
vt 0.274257 0.868262
vt 0.181503 0.926173
vt 0.224535 0.917467
vt 0.272463 0.904985
vt 0.163601 0.883600
vt 0.319343 0.854460
vt 0.320264 0.872245
vt 0.321275 0.889295
vt 0.147357 0.930465
vt 0.154710 0.907583
vt 0.502734 0.774554
vt 0.502441 0.789244
vt 0.518929 0.779486
vt 0.520100 0.764721
vt 0.529935 0.771533
vt 0.532630 0.756495
vt 0.502273 0.804442
vt 0.518315 0.794993
vt 0.528710 0.787503
vt 0.478411 0.786940
vt 0.502889 0.762730
vt 0.521169 0.753186
vt 0.535546 0.745070
vt 0.541671 0.749569
vt 0.550425 0.737222
vt 0.537149 0.764208
vt 0.535223 0.779865
vt 0.528666 0.802387
vt 0.535357 0.796240
vt 0.518394 0.809080
vt 0.502548 0.818025
vt 0.479071 0.816952
vt 0.478747 0.801828
vt 0.453926 0.668258
vt 0.454312 0.662176
vt 0.418432 0.663079
vt 0.418318 0.669437
vt 0.374726 0.665024
vt 0.375488 0.671810
vt 0.454329 0.655652
vt 0.418201 0.656376
vt 0.373828 0.657916
vt 0.481587 0.667731
vt 0.453064 0.673824
vt 0.417652 0.675359
vt 0.375721 0.678150
vt 0.326295 0.675970
vt 0.323779 0.668510
vt 0.321609 0.660632
vt 0.373194 0.650649
vt 0.417836 0.649502
vt 0.454089 0.648910
vt 0.482005 0.655407
vt 0.481948 0.661847
vt 0.272454 0.682483
vt 0.267143 0.674095
vt 0.210180 0.682472
vt 0.219226 0.691803
vt 0.159228 0.694769
vt 0.172496 0.704385
vt 0.262844 0.664914
vt 0.202278 0.671113
vt 0.145917 0.680444
vt 0.137900 0.720995
vt 0.121714 0.713985
vt 0.103832 0.699809
vt 0.497814 0.723241
vt 0.498143 0.730140
vt 0.515010 0.724231
vt 0.514375 0.718250
vt 0.527906 0.719426
vt 0.527096 0.714265
vt 0.498488 0.736134
vt 0.515622 0.729243
vt 0.528675 0.723582
vt 0.474624 0.721569
vt 0.474470 0.729806
vt 0.497527 0.716055
vt 0.513793 0.711944
vt 0.526352 0.708744
vt 0.538718 0.710537
vt 0.537909 0.705826
vt 0.539601 0.714886
vt 0.540445 0.718268
vt 0.529521 0.726602
vt 0.541420 0.720676
vt 0.516300 0.733054
vt 0.498941 0.740899
vt 0.474335 0.744900
vt 0.474360 0.737780
vt 0.225674 0.780399
vt 0.226877 0.795676
vt 0.254182 0.791559
vt 0.254209 0.776593
vt 0.286063 0.785836
vt 0.286903 0.771565
vt 0.228223 0.809418
vt 0.253877 0.805625
vt 0.285047 0.799383
vt 0.199589 0.768198
vt 0.201444 0.783395
vt 0.224709 0.765570
vt 0.254179 0.762135
vt 0.287671 0.757630
vt 0.323592 0.764962
vt 0.324864 0.751803
vt 0.322363 0.778179
vt 0.321216 0.790611
vt 0.207899 0.812418
vt 0.204011 0.799001
vt 0.493911 0.594055
vt 0.494609 0.598652
vt 0.511139 0.600795
vt 0.510699 0.597039
vt 0.524045 0.602652
vt 0.523784 0.599589
vt 0.495341 0.602762
vt 0.511599 0.604165
vt 0.524325 0.605441
vt 0.469725 0.584233
vt 0.470698 0.590309
vt 0.493255 0.589111
vt 0.510291 0.592977
vt 0.523558 0.596261
vt 0.535827 0.602102
vt 0.535728 0.599450
vt 0.535968 0.604537
vt 0.536141 0.606826
vt 0.524588 0.608310
vt 0.536308 0.609420
vt 0.512044 0.607407
vt 0.496087 0.606525
vt 0.472852 0.601069
vt 0.474025 0.605567
vt 0.471740 0.595987
vt 0.223145 0.551444
vt 0.223011 0.562685
vt 0.252946 0.566940
vt 0.252882 0.555617
vt 0.287002 0.572370
vt 0.286295 0.561099
vt 0.223395 0.572251
vt 0.252698 0.576846
vt 0.287354 0.582386
vt 0.198583 0.535691
vt 0.197400 0.549054
vt 0.223715 0.538454
vt 0.252773 0.542853
vt 0.285492 0.548660
vt 0.323065 0.567347
vt 0.321708 0.555577
vt 0.324481 0.578180
vt 0.325803 0.587877
vt 0.286985 0.591052
vt 0.326877 0.596255
vt 0.251037 0.585299
vt 0.221849 0.579962
vt 0.199730 0.569817
vt 0.203537 0.576216
vt 0.197395 0.560399
vt 0.143258 0.766123
vt 0.159013 0.760580
vt 0.159234 0.748922
vt 0.143414 0.751929
vt 0.165128 0.738840
vt 0.149967 0.739223
vt 0.176789 0.757601
vt 0.176886 0.747159
vt 0.181443 0.738529
vt 0.146168 0.782186
vt 0.128087 0.775943
vt 0.128023 0.757385
vt 0.134869 0.740254
vt 0.200347 0.737307
vt 0.197950 0.745368
vt 0.198067 0.755529
vt 0.178870 0.770620
vt 0.161532 0.774616
vt 0.279882 0.611501
vt 0.283190 0.604996
vt 0.241141 0.598917
vt 0.234172 0.605679
vt 0.205228 0.591583
vt 0.194486 0.597892
vt 0.285590 0.598406
vt 0.247011 0.592406
vt 0.215049 0.585939
vt 0.327339 0.615462
vt 0.164898 0.587950
vt 0.178728 0.582980
vt 0.192458 0.578901
vt 0.327559 0.603295
vt 0.327744 0.609505
vt 0.449350 0.619227
vt 0.447614 0.614240
vt 0.411931 0.613664
vt 0.413792 0.618825
vt 0.371356 0.612286
vt 0.372619 0.617766
vt 0.445816 0.609351
vt 0.409905 0.608427
vt 0.369758 0.606580
vt 0.477786 0.619510
vt 0.450892 0.624350
vt 0.415320 0.624130
vt 0.373379 0.623422
vt 0.367969 0.600169
vt 0.407849 0.602779
vt 0.444054 0.604424
vt 0.475251 0.609941
vt 0.476518 0.614612
vt 0.147045 0.507765
vt 0.162168 0.514659
vt 0.166293 0.497311
vt 0.151853 0.489460
vt 0.174312 0.482408
vt 0.161020 0.473859
vt 0.179420 0.518080
vt 0.182569 0.501933
vt 0.188717 0.488407
vt 0.143981 0.526824
vt 0.132948 0.495068
vt 0.138093 0.476202
vt 0.147854 0.460686
vt 0.177584 0.463017
vt 0.165722 0.449740
vt 0.189018 0.472305
vt 0.200387 0.479713
vt 0.205399 0.492868
vt 0.209569 0.485386
vt 0.201862 0.505352
vt 0.199866 0.520447
vt 0.177467 0.534275
vt 0.159617 0.532122
vt 0.555821 0.716999
vt 0.574930 0.703565
vt 0.572513 0.702701
vt 0.553612 0.714398
vt 0.566242 0.727971
vt 0.549222 0.732189
vt 0.546387 0.727730
vt 0.543454 0.723687
vt 0.551745 0.709829
vt 0.552563 0.712461
vt 0.571945 0.701384
vt 0.571911 0.699700
vt 0.579012 0.698344
vt 0.576564 0.699140
vt 0.582021 0.697917
vt 0.585087 0.698488
vt 0.585783 0.708379
vt 0.587890 0.700602
vt 0.578313 0.599412
vt 0.555889 0.585732
vt 0.554061 0.587976
vt 0.576624 0.601283
vt 0.494231 0.559370
vt 0.493320 0.564649
vt 0.511486 0.572697
vt 0.512289 0.568149
vt 0.525789 0.579233
vt 0.526611 0.575484
vt 0.492366 0.568351
vt 0.510411 0.575937
vt 0.524527 0.582147
vt 0.469685 0.548380
vt 0.494811 0.551053
vt 0.512400 0.560558
vt 0.526082 0.568905
vt 0.540011 0.581845
vt 0.540024 0.577390
vt 0.538843 0.584968
vt 0.537373 0.587711
vt 0.523559 0.584594
vt 0.536241 0.590002
vt 0.509640 0.578651
vt 0.491791 0.571493
vt 0.467747 0.558587
vt 0.467340 0.562352
vt 0.468632 0.554327
vt 0.204854 0.459984
vt 0.212771 0.469699
vt 0.242572 0.473907
vt 0.237519 0.464511
vt 0.277413 0.483006
vt 0.274902 0.473989
vt 0.220311 0.477897
vt 0.247198 0.481938
vt 0.279804 0.490587
vt 0.179030 0.461919
vt 0.315249 0.487034
vt 0.315821 0.495589
vt 0.316649 0.502580
vt 0.281773 0.498862
vt 0.317591 0.510039
vt 0.250571 0.490677
vt 0.225489 0.486309
vt 0.200592 0.479561
vt 0.189674 0.471788
vt 0.363595 0.417769
vt 0.406035 0.438767
vt 0.408701 0.430751
vt 0.365849 0.409723
vt 0.413349 0.423010
vt 0.369750 0.401900
vt 0.443006 0.458957
vt 0.446070 0.450931
vt 0.451414 0.443268
vt 0.374837 0.394742
vt 0.419625 0.415928
vt 0.458760 0.436285
vt 0.773375 0.436344
vt 0.789593 0.436358
vt 0.793393 0.427295
vt 0.776469 0.427335
vt 0.801289 0.412969
vt 0.783611 0.413131
vt 0.803835 0.436411
vt 0.808163 0.427268
vt 0.816418 0.412918
vt 0.755367 0.441971
vt 0.772716 0.441924
vt 0.755653 0.436377
vt 0.757975 0.427390
vt 0.763888 0.413259
vt 0.828890 0.413448
vt 0.820460 0.427617
vt 0.815859 0.436573
vt 0.802065 0.441892
vt 0.813811 0.441906
vt 0.788403 0.441918
vt 0.529683 0.815128
vt 0.519741 0.820738
vt 0.523100 0.830669
vt 0.532911 0.825927
vt 0.528553 0.839354
vt 0.538242 0.835208
vt 0.504053 0.829046
vt 0.507490 0.838307
vt 0.513085 0.846434
vt 0.535265 0.812231
vt 0.538281 0.823593
vt 0.543683 0.833091
vt 0.545212 0.843491
vt 0.550594 0.841504
vt 0.535901 0.847180
vt 0.520836 0.853806
vt 0.535836 0.738909
vt 0.533803 0.734201
vt 0.519663 0.741246
vt 0.521108 0.746223
vt 0.501381 0.749821
vt 0.502504 0.755157
vt 0.531286 0.729960
vt 0.517691 0.736800
vt 0.499938 0.745162
vt 0.375155 0.684099
vt 0.373972 0.690074
vt 0.414569 0.686746
vt 0.416327 0.680996
vt 0.450050 0.684639
vt 0.451696 0.679146
vt 0.372436 0.696443
vt 0.412648 0.692826
vt 0.448366 0.690355
vt 0.446845 0.696383
vt 0.410805 0.699523
vt 0.370792 0.703653
vt 0.623925 0.435226
vt 0.641813 0.435786
vt 0.639692 0.426610
vt 0.621145 0.426091
vt 0.634253 0.412236
vt 0.614330 0.411725
vt 0.660260 0.436327
vt 0.658804 0.427124
vt 0.654972 0.412765
vt 0.607880 0.440622
vt 0.624609 0.441104
vt 0.606865 0.434762
vt 0.603380 0.425654
vt 0.595407 0.411271
vt 0.676359 0.413190
vt 0.678340 0.427498
vt 0.679091 0.436693
vt 0.660566 0.442238
vt 0.679261 0.442584
vt 0.642283 0.441688
vt 0.523836 0.556931
vt 0.521785 0.541985
vt 0.510919 0.534054
vt 0.511769 0.548572
vt 0.494820 0.524281
vt 0.494963 0.538743
vt 0.520783 0.526818
vt 0.510325 0.519545
vt 0.494540 0.510081
vt 0.532404 0.563955
vt 0.527442 0.533900
vt 0.528878 0.549113
vt 0.373533 0.629620
vt 0.373327 0.636333
vt 0.417048 0.636083
vt 0.416377 0.629865
vt 0.453020 0.635822
vt 0.452114 0.629840
vt 0.373100 0.643399
vt 0.417483 0.642678
vt 0.453661 0.642229
vt 0.364263 0.837854
vt 0.366024 0.854714
vt 0.408783 0.836011
vt 0.407106 0.819980
vt 0.446987 0.817830
vt 0.445917 0.802479
vt 0.367711 0.871051
vt 0.410348 0.851753
vt 0.447978 0.833145
vt 0.501467 0.667506
vt 0.515881 0.667430
vt 0.516169 0.661762
vt 0.501778 0.661756
vt 0.516256 0.655389
vt 0.501847 0.655359
vt 0.527478 0.667331
vt 0.527764 0.661729
vt 0.527866 0.655407
vt 0.539176 0.655356
vt 0.539054 0.661543
vt 0.538748 0.667055
vt 0.363627 0.756651
vt 0.362360 0.768602
vt 0.403331 0.757984
vt 0.404367 0.747393
vt 0.441879 0.747365
vt 0.442493 0.738133
vt 0.361321 0.779721
vt 0.402540 0.767735
vt 0.441444 0.755760
vt 0.365001 0.744567
vt 0.405508 0.736579
vt 0.443180 0.728646
vt 0.362513 0.573820
vt 0.364271 0.583682
vt 0.404004 0.588528
vt 0.402277 0.580007
vt 0.440832 0.592619
vt 0.439394 0.585573
vt 0.366112 0.592539
vt 0.405869 0.596184
vt 0.442387 0.598940
vt 0.360900 0.563212
vt 0.400700 0.570895
vt 0.438069 0.578053
vt 0.357099 0.502380
vt 0.356503 0.510366
vt 0.397416 0.526049
vt 0.398525 0.518718
vt 0.435844 0.541184
vt 0.437030 0.534548
vt 0.356380 0.516694
vt 0.396800 0.531663
vt 0.435027 0.546089
vt 0.434775 0.550662
vt 0.396758 0.537192
vt 0.356695 0.523215
vt 0.419408 0.184133
vt 0.428316 0.183577
vt 0.413605 0.134477
vt 0.404988 0.136284
vt 0.402958 0.090580
vt 0.394897 0.095151
vt 0.443516 0.182637
vt 0.429592 0.132225
vt 0.419677 0.086308
vt 0.431253 0.234372
vt 0.438492 0.233597
vt 0.412881 0.184699
vt 0.399168 0.137149
vt 0.390124 0.097647
vt 0.387598 0.063945
vt 0.385541 0.072965
vt 0.395071 0.055507
vt 0.412555 0.049161
vt 0.462547 0.233180
vt 0.447860 0.233363
vt 0.083357 0.377457
vt 0.079464 0.386280
vt 0.083986 0.393037
vt 0.086104 0.385395
vt 0.086442 0.396937
vt 0.089187 0.389350
vt 0.072354 0.397428
vt 0.080606 0.403434
vt 0.084241 0.408249
vt 0.081017 0.347836
vt 0.077936 0.357618
vt 0.085947 0.358924
vt 0.091949 0.368394
vt 0.098314 0.373662
vt 0.095541 0.393986
vt 0.108277 0.379495
vt 0.090626 0.403175
vt 0.088066 0.416656
vt 0.055252 0.381823
vt 0.069720 0.367649
vt 0.511810 0.358890
vt 0.524677 0.358937
vt 0.498847 0.322302
vt 0.487223 0.322340
vt 0.472190 0.280070
vt 0.461845 0.280189
vt 0.540450 0.359484
vt 0.514067 0.322765
vt 0.486953 0.280319
vt 0.521042 0.389254
vt 0.532729 0.388483
vt 0.501022 0.359836
vt 0.477668 0.323358
vt 0.453559 0.281156
vt 0.562602 0.389180
vt 0.546475 0.388631
vt 0.133908 0.441956
vt 0.119622 0.421440
vt 0.110529 0.434754
vt 0.124103 0.456663
vt 0.106013 0.452965
vt 0.119051 0.475571
vt 0.106176 0.404254
vt 0.098831 0.415633
vt 0.095190 0.432011
vt 0.152625 0.431183
vt 0.122960 0.391735
vt 0.138292 0.410375
vt 0.491784 0.575025
vt 0.492120 0.579277
vt 0.509618 0.584914
vt 0.509468 0.581494
vt 0.523232 0.589665
vt 0.523233 0.586920
vt 0.492640 0.584075
vt 0.509918 0.588833
vt 0.523364 0.592857
vt 0.467503 0.566787
vt 0.535774 0.591971
vt 0.535652 0.594165
vt 0.535661 0.596719
vt 0.468819 0.578044
vt 0.468045 0.572108
vt 0.226188 0.496580
vt 0.225111 0.509310
vt 0.252496 0.514672
vt 0.252094 0.501676
vt 0.284027 0.521887
vt 0.283116 0.509430
vt 0.224294 0.523871
vt 0.252653 0.528826
vt 0.284763 0.535299
vt 0.318526 0.519578
vt 0.319482 0.530895
vt 0.320522 0.543177
vt 0.148051 0.575683
vt 0.163682 0.572937
vt 0.157699 0.561254
vt 0.141410 0.561246
vt 0.157383 0.547728
vt 0.141249 0.544869
vt 0.180525 0.570506
vt 0.175961 0.560386
vt 0.175746 0.548408
vt 0.550897 0.706386
vt 0.571597 0.697857
vt 0.550116 0.702621
vt 0.571129 0.695991
vt 0.577622 0.694647
vt 0.577341 0.693449
vt 0.577677 0.695959
vt 0.577266 0.697537
vt 0.548642 0.598946
vt 0.548571 0.600911
vt 0.570737 0.609356
vt 0.570638 0.608292
vt 0.563110 0.434090
vt 0.576234 0.434288
vt 0.571166 0.425043
vt 0.557440 0.424770
vt 0.561740 0.410346
vt 0.547765 0.410094
vt 0.590888 0.434481
vt 0.586611 0.425327
vt 0.577745 0.410811
vt 0.554839 0.439381
vt 0.566121 0.439749
vt 0.551519 0.433956
vt 0.545564 0.424968
vt 0.535766 0.410617
vt 0.592439 0.440338
vt 0.578504 0.440097
vt 0.357356 0.531500
vt 0.358297 0.541382
vt 0.398117 0.552401
vt 0.397239 0.544116
vt 0.435842 0.562948
vt 0.435103 0.556249
vt 0.359486 0.552188
vt 0.399295 0.561519
vt 0.436863 0.570367
vt 0.721853 0.177906
vt 0.781935 0.181233
vt 0.797916 0.124840
vt 0.734535 0.119698
vt 0.812847 0.072624
vt 0.747365 0.065660
vt 0.836400 0.185028
vt 0.854596 0.130953
vt 0.870689 0.081052
vt 0.711345 0.234526
vt 0.758218 0.021720
vt 0.825040 0.030182
vt 0.883518 0.040495
vt 0.817147 0.238238
vt 0.766480 0.236360
vt 0.045228 0.730447
vt 0.047756 0.796353
vt 0.062953 0.796250
vt 0.060474 0.731857
vt 0.068286 0.794264
vt 0.065184 0.731781
vt 0.053066 0.853190
vt 0.067627 0.851408
vt 0.072866 0.847488
vt 0.015736 0.726863
vt 0.072499 0.732745
vt 0.073219 0.790097
vt 0.077104 0.839269
vt 0.024938 0.854795
vt 0.018668 0.794976
vt 0.699075 0.364121
vt 0.731871 0.364304
vt 0.741218 0.328517
vt 0.700722 0.328126
vt 0.752803 0.285779
vt 0.704483 0.284899
vt 0.763363 0.364231
vt 0.779481 0.328614
vt 0.797809 0.286453
vt 0.698567 0.392588
vt 0.750767 0.392623
vt 0.724978 0.392688
vt 0.119033 0.741986
vt 0.102620 0.742201
vt 0.096825 0.775472
vt 0.112219 0.765899
vt 0.097991 0.808578
vt 0.112647 0.790919
vt 0.086275 0.738469
vt 0.083180 0.783756
vt 0.085662 0.825654
vt 0.497420 0.697456
vt 0.497273 0.702958
vt 0.513077 0.700553
vt 0.513024 0.695836
vt 0.525391 0.698807
vt 0.525234 0.694716
vt 0.497324 0.709195
vt 0.513342 0.705950
vt 0.525767 0.703502
vt 0.475609 0.699844
vt 0.536663 0.693791
vt 0.536857 0.697327
vt 0.537275 0.701347
vt 0.474815 0.713647
vt 0.475119 0.706352
vt 0.224114 0.733969
vt 0.223669 0.742446
vt 0.254139 0.738380
vt 0.253885 0.729093
vt 0.289006 0.733459
vt 0.289245 0.723470
vt 0.223890 0.752899
vt 0.254158 0.749363
vt 0.288416 0.744869
vt 0.328415 0.717683
vt 0.327338 0.727932
vt 0.326134 0.739374
vt 0.164323 0.833280
vt 0.177697 0.823654
vt 0.169393 0.808262
vt 0.154989 0.817536
vt 0.164675 0.791151
vt 0.149703 0.799877
vt 0.191737 0.816965
vt 0.185251 0.802682
vt 0.181459 0.786355
vt 0.180587 0.845238
vt 0.203357 0.826930
vt 0.192198 0.835036
vt 0.548836 0.597187
vt 0.570304 0.606935
vt 0.549416 0.595451
vt 0.570531 0.605542
vt 0.548548 0.602971
vt 0.570650 0.610204
vt 0.575967 0.610407
vt 0.575006 0.608863
vt 0.576584 0.611723
vt 0.576748 0.612451
vt 0.576695 0.612889
vt 0.552375 0.590708
vt 0.550687 0.593300
vt 0.572348 0.604509
vt 0.574708 0.603249
vt 0.698289 0.436749
vt 0.717683 0.436656
vt 0.718443 0.427587
vt 0.698281 0.427617
vt 0.720656 0.413426
vt 0.698363 0.413393
vt 0.736940 0.436497
vt 0.738480 0.427482
vt 0.742696 0.413357
vt 0.698363 0.442584
vt 0.736850 0.442139
vt 0.717687 0.442378
vt 0.369240 0.712211
vt 0.367785 0.722058
vt 0.407868 0.716242
vt 0.409222 0.707317
vt 0.444663 0.710885
vt 0.445623 0.703159
vt 0.366384 0.732932
vt 0.406659 0.726085
vt 0.443880 0.719454
vt 0.584769 0.690480
vt 0.582815 0.691383
vt 0.582771 0.692337
vt 0.584894 0.691795
vt 0.582647 0.694067
vt 0.585201 0.694041
vt 0.580938 0.692617
vt 0.580901 0.693623
vt 0.580438 0.695218
vt 0.589817 0.687283
vt 0.584740 0.689400
vt 0.590200 0.689753
vt 0.590297 0.692545
vt 0.589882 0.696679
vt 0.580797 0.691771
vt 0.582776 0.690616
vt 0.581871 0.615860
vt 0.580664 0.615047
vt 0.580599 0.615363
vt 0.581975 0.616349
vt 0.580097 0.616189
vt 0.582361 0.617541
vt 0.579415 0.614418
vt 0.579143 0.614639
vt 0.578232 0.615117
vt 0.586197 0.615898
vt 0.581848 0.615384
vt 0.585966 0.617735
vt 0.585561 0.619948
vt 0.585762 0.622348
vt 0.580933 0.620532
vt 0.585401 0.627187
vt 0.577983 0.617998
vt 0.575778 0.615906
vt 0.575243 0.613912
vt 0.573908 0.614489
vt 0.576223 0.613450
vt 0.576592 0.613192
vt 0.579463 0.614241
vt 0.580659 0.614846
vt 0.582248 0.612569
vt 0.580558 0.612919
vt 0.580604 0.614162
vt 0.581928 0.614185
vt 0.580640 0.614605
vt 0.581811 0.614900
vt 0.578866 0.612263
vt 0.579355 0.613477
vt 0.579476 0.613984
vt 0.582602 0.605529
vt 0.581834 0.608167
vt 0.585465 0.608532
vt 0.586253 0.612227
vt 0.586211 0.614291
vt 0.577290 0.609375
vt 0.579700 0.609393
vt 0.584319 0.685460
vt 0.581720 0.687777
vt 0.582474 0.689130
vt 0.584426 0.687263
vt 0.582678 0.689908
vt 0.584579 0.688357
vt 0.579133 0.689148
vt 0.580208 0.690212
vt 0.580618 0.691001
vt 0.585402 0.674395
vt 0.582312 0.681867
vt 0.586785 0.679407
vt 0.587768 0.682326
vt 0.588972 0.684852
vt 0.577044 0.692340
vt 0.576519 0.691298
vt 0.575473 0.690154
vt 0.576382 0.687605
vt 0.574117 0.689037
vt 0.579125 0.685262
vt 0.549083 0.695767
vt 0.549501 0.699024
vt 0.570705 0.694225
vt 0.570170 0.692592
vt 0.548875 0.692820
vt 0.569438 0.690954
vt 0.548891 0.689747
vt 0.569179 0.688952
vt 0.548603 0.606716
vt 0.548679 0.608507
vt 0.569551 0.612274
vt 0.570210 0.611470
vt 0.548555 0.604931
vt 0.570527 0.610894
vt 0.548784 0.610853
vt 0.569200 0.613768
vt 0.549679 0.681100
vt 0.549177 0.685810
vt 0.570414 0.686179
vt 0.572429 0.682562
vt 0.550290 0.676166
vt 0.574568 0.677975
vt 0.550904 0.671436
vt 0.576122 0.672585
vt 0.573630 0.623814
vt 0.571749 0.619646
vt 0.549234 0.618541
vt 0.549635 0.623230
vt 0.570135 0.616298
vt 0.548955 0.614266
vt 0.575366 0.628754
vt 0.550148 0.627952
vt 0.536965 0.621882
vt 0.536656 0.617201
vt 0.536458 0.612909
vt 0.551773 0.661246
vt 0.551420 0.666647
vt 0.576425 0.666989
vt 0.576388 0.661235
vt 0.525446 0.620905
vt 0.525083 0.616212
vt 0.512912 0.615560
vt 0.513441 0.620305
vt 0.497619 0.615052
vt 0.498448 0.619874
vt 0.524818 0.611891
vt 0.512462 0.611156
vt 0.496836 0.610528
vt 0.551925 0.655262
vt 0.576198 0.655301
vt 0.576018 0.649441
vt 0.551854 0.649073
vt 0.582470 0.655148
vt 0.582090 0.649756
vt 0.583086 0.660753
vt 0.583662 0.666626
vt 0.551205 0.637659
vt 0.551603 0.643138
vt 0.575995 0.643910
vt 0.576009 0.638730
vt 0.550701 0.632654
vt 0.575863 0.633790
vt 0.583731 0.634528
vt 0.583186 0.639700
vt 0.582497 0.644662
vn 0.3099 0.8768 -0.3676
vn 0.2731 0.8669 -0.4169
vn 0.2564 0.8305 -0.4945
vn 0.3618 0.8655 -0.3463
vn -0.5463 0.6679 0.5053
vn -0.6019 0.7950 0.0748
vn -0.5835 0.8084 0.0776
vn -0.5486 0.6752 0.4930
vn -0.5489 0.7864 -0.2832
vn -0.5073 0.8150 -0.2798
vn -0.5163 0.8516 0.0906
vn -0.5045 0.6989 0.5069
vn -0.4039 0.8729 -0.2738
vn -0.2914 0.3337 0.8965
vn -0.5273 0.6610 0.5339
vn -0.3335 0.3572 0.8724
vn -0.6037 0.7926 0.0855
vn -0.5671 0.7762 -0.2756
vn -0.4656 0.6734 -0.5742
vn -0.4264 0.6859 -0.5896
vn -0.3501 0.7193 -0.6001
vn -0.1867 0.7724 -0.6070
vn -0.0086 0.7559 -0.6547
vn -0.2849 0.9021 -0.3240
vn -0.4489 0.8908 0.0705
vn -0.4567 0.7068 0.5401
vn -0.3240 0.3689 0.8712
vn -0.2086 0.2483 0.9459
vn -0.3556 0.3669 0.8596
vn 0.1620 -0.1921 -0.9679
vn 0.2135 -0.1946 -0.9573
vn 0.1706 -0.3090 -0.9356
vn 0.1105 -0.3087 -0.9447
vn 0.2686 -0.2051 -0.9412
vn 0.2332 -0.3200 -0.9183
vn 0.0467 -0.5938 -0.8032
vn -0.0121 -0.5694 -0.8220
vn 0.1057 -0.6126 -0.7833
vn 0.1250 -0.1484 -0.9810
vn 0.1782 -0.1512 -0.9723
vn 0.1018 -0.1931 -0.9759
vn 0.2231 -0.1589 -0.9617
vn 0.2717 -0.1730 -0.9467
vn 0.3472 -0.1967 -0.9169
vn 0.3507 -0.2319 -0.9073
vn 0.3139 -0.3791 -0.8704
vn 0.1479 -0.7137 -0.6847
vn -0.0433 -0.9098 -0.4128
vn -0.0767 -0.8945 -0.4404
vn -0.1157 -0.8711 -0.4772
vn -0.1639 -0.8344 -0.5261
vn -0.0815 -0.5368 -0.8397
vn -0.2289 -0.7844 -0.5763
vn 0.0419 -0.3063 -0.9510
vn 0.4933 -0.2870 -0.8211
vn 0.8022 -0.4037 -0.4398
vn 0.6089 -0.7915 -0.0524
vn 0.4319 -0.5492 -0.7154
vn 0.8002 -0.2388 0.5501
vn 0.5400 -0.4343 0.7209
vn 0.1500 -0.9682 0.1999
vn 0.1426 -0.9020 -0.4075
vn -0.0168 -0.4562 0.8897
vn 0.4818 -0.2332 -0.8447
vn 0.7715 -0.2844 -0.5690
vn 0.8807 -0.1672 0.4432
vn 0.0711 0.1297 0.9890
vn 0.0515 0.1206 0.9914
vn -0.0417 0.0845 0.9955
vn -0.1533 0.0520 0.9868
vn -0.1870 0.0195 0.9821
vn -0.2241 -0.4281 0.8755
vn -0.1904 -0.8867 0.4213
vn -0.0997 -0.9890 -0.1094
vn -0.2151 0.5633 0.7977
vn -0.2167 0.8990 0.3804
vn -0.2752 0.8978 0.3438
vn -0.2552 0.5874 0.7680
vn -0.1765 0.9834 -0.0413
vn -0.2386 0.9693 -0.0594
vn -0.3357 0.8930 0.2996
vn -0.2946 0.6054 0.7393
vn -0.3068 0.9475 -0.0895
vn -0.1425 0.1211 0.9823
vn -0.1417 0.5447 0.8265
vn -0.1665 0.1319 0.9772
vn -0.1051 0.9276 0.3585
vn -0.0531 0.9863 -0.1559
vn -0.0304 0.8922 -0.4505
vn -0.0894 0.8913 -0.4445
vn -0.1559 0.8856 -0.4375
vn -0.2317 0.8663 -0.4425
vn -0.3187 0.8265 -0.4640
vn -0.3898 0.9115 -0.1310
vn -0.4103 0.8764 0.2519
vn -0.3433 0.6187 0.7066
vn -0.1718 0.1510 0.9735
vn -0.1724 0.1739 0.9695
vn -0.1721 0.1397 0.9751
vn -0.3257 -0.6359 0.6997
vn -0.3323 -0.9090 0.2515
vn -0.2911 -0.8995 0.3258
vn -0.2939 -0.5739 0.7643
vn -0.2691 -0.9486 -0.1667
vn -0.2241 -0.9693 -0.1007
vn -0.2593 -0.8789 0.4003
vn -0.2674 -0.4957 0.8263
vn -0.1906 -0.9808 -0.0410
vn -0.2517 -0.3050 0.9185
vn -0.3695 -0.6756 0.6380
vn -0.2284 -0.2232 0.9476
vn -0.3924 -0.9007 0.1864
vn -0.3347 -0.9139 -0.2298
vn -0.1986 -0.0457 0.9790
vn -0.2112 -0.1322 0.9684
vn 0.0747 0.3182 0.9451
vn 0.0537 0.3598 0.9315
vn 0.0675 0.3477 0.9351
vn 0.0898 0.3361 0.9375
vn 0.0037 0.3818 0.9242
vn 0.0221 0.3517 0.9359
vn 0.0663 0.3127 0.9475
vn 0.0875 0.3286 0.9404
vn 0.0329 0.3022 0.9527
vn 0.0528 0.2314 0.9714
vn 0.0453 0.2883 0.9565
vn 0.0858 0.2897 0.9532
vn 0.0267 0.3489 0.9367
vn -0.0193 0.3849 0.9227
vn -0.1031 0.3745 0.9215
vn -0.0837 0.3574 0.9301
vn -0.0537 0.3187 0.9463
vn -0.0221 0.2700 0.9626
vn 0.0006 0.2361 0.9717
vn 0.0289 0.2507 0.9676
vn 0.0530 0.2712 0.9610
vn 0.0712 0.2982 0.9518
vn 0.1057 0.3627 0.9259
vn 0.0855 0.3346 0.9385
vn 0.1063 0.3442 0.9328
vn -0.0591 -0.1988 -0.9782
vn -0.0183 -0.1971 -0.9802
vn -0.0832 -0.2910 -0.9531
vn -0.1201 -0.2833 -0.9515
vn 0.0375 -0.1950 -0.9801
vn -0.0274 -0.2994 -0.9537
vn -0.1996 -0.4633 -0.8634
vn -0.2292 -0.4371 -0.8697
vn -0.1494 -0.4983 -0.8540
vn -0.0518 -0.1647 -0.9850
vn -0.0283 -0.1583 -0.9870
vn -0.0791 -0.2003 -0.9765
vn 0.0133 -0.1531 -0.9881
vn 0.0664 -0.1494 -0.9865
vn -0.2963 -0.7272 -0.6191
vn -0.3456 -0.6759 -0.6509
vn -0.3744 -0.6389 -0.6720
vn -0.2354 -0.4224 -0.8753
vn -0.3809 -0.6211 -0.6849
vn -0.1333 -0.2779 -0.9513
vn -0.4940 -0.7155 0.4939
vn -0.5472 -0.8350 0.0581
vn -0.5123 -0.8542 0.0890
vn -0.4626 -0.7076 0.5341
vn -0.4959 -0.7952 -0.3489
vn -0.4613 -0.8264 -0.3228
vn -0.4590 -0.8785 0.1322
vn -0.4190 -0.6962 0.5828
vn -0.4062 -0.8689 -0.2828
vn -0.3533 -0.4900 0.7969
vn -0.5078 -0.7242 0.4665
vn -0.3386 -0.4606 0.8205
vn -0.5607 -0.8270 0.0410
vn -0.5082 -0.7814 -0.3620
vn -0.2805 -0.3701 0.8856
vn -0.3115 -0.4211 0.8518
vn 0.1824 0.4163 0.8907
vn 0.1339 0.3385 0.9314
vn 0.1780 0.4780 0.8601
vn 0.2432 0.5989 0.7630
vn 0.1027 0.2947 0.9500
vn 0.1326 0.3899 0.9112
vn 0.1746 0.5213 0.8353
vn 0.2329 0.6418 0.7306
vn 0.1322 0.4257 0.8951
vn 0.1246 0.2437 0.9618
vn 0.0936 0.2085 0.9735
vn 0.2478 0.5135 0.8215
vn 0.0727 0.1907 0.9789
vn 0.0602 0.1972 0.9785
vn 0.1024 0.3832 0.9179
vn 0.1267 0.4464 0.8858
vn 0.1600 0.5246 0.8361
vn 0.3005 0.7630 0.5723
vn 0.2018 0.6133 0.7636
vn 0.3212 0.7240 0.6105
vn 0.1384 0.1964 -0.9707
vn 0.1886 0.1773 -0.9659
vn 0.2081 0.1432 -0.9676
vn 0.1632 0.1594 -0.9736
vn 0.2407 0.1669 -0.9561
vn 0.2544 0.1337 -0.9578
vn 0.2223 0.0887 -0.9709
vn 0.1829 0.1017 -0.9778
vn 0.2635 0.0799 -0.9613
vn 0.0493 0.2391 -0.9697
vn 0.1161 0.2128 -0.9702
vn 0.0748 0.2198 -0.9727
vn 0.1702 0.1915 -0.9666
vn 0.2274 0.1807 -0.9569
vn 0.3164 0.1865 -0.9301
vn 0.3214 0.1704 -0.9315
vn 0.3264 0.1347 -0.9356
vn 0.3283 0.0776 -0.9414
vn 0.3258 0.0005 -0.9454
vn 0.2652 0.0077 -0.9641
vn 0.2275 0.0172 -0.9736
vn 0.1923 0.0279 -0.9809
vn 0.1325 0.1167 -0.9843
vn 0.1482 0.0388 -0.9882
vn 0.1054 0.1789 -0.9782
vn 0.4691 0.1922 -0.8620
vn 0.7744 0.2302 -0.5893
vn 0.7648 0.1795 -0.6188
vn 0.4600 0.1502 -0.8751
vn 0.9448 0.1560 0.2882
vn 0.9389 0.1014 0.3287
vn 0.7750 0.0999 -0.6240
vn 0.4498 0.0846 -0.8891
vn 0.8745 0.0269 0.4842
vn 0.4774 0.2137 -0.8523
vn 0.7905 0.2586 -0.5551
vn 0.9312 0.1840 0.3146
vn 0.3582 -0.0384 0.9328
vn 0.3403 -0.0557 0.9387
vn 0.2361 -0.0783 0.9685
vn 0.0799 -0.0718 0.9942
vn -0.0513 -0.0219 0.9984
vn 0.8308 -0.0129 0.5563
vn 0.7826 -0.0049 -0.6225
vn 0.4397 -0.0036 -0.8981
vn 0.0141 -0.8621 0.5064
vn 0.0081 -0.8904 0.4550
vn -0.0107 -0.9497 0.3128
vn -0.0110 -0.9231 0.3844
vn -0.0050 -0.9051 0.4252
vn -0.0143 -0.9618 0.2733
vn -0.0337 -0.9279 0.3712
vn -0.0383 -0.8910 0.4523
vn -0.0266 -0.9466 0.3211
vn 0.0345 -0.6222 0.7821
vn 0.0303 -0.6537 0.7561
vn 0.0148 -0.8169 0.5765
vn 0.0202 -0.6778 0.7350
vn 0.0060 -0.6950 0.7190
vn -0.0070 -0.7052 0.7089
vn -0.0212 -0.9083 0.4178
vn -0.0223 -0.9639 0.2654
vn -0.0218 -0.9533 0.3012
vn -0.0241 -0.8373 0.5461
vn -0.0394 -0.8175 0.5746
vn -0.0522 -0.7848 0.6175
vn -0.0558 -0.7334 0.6774
vn -0.0378 -0.8287 0.5584
vn -0.0510 -0.6605 0.7491
vn -0.0121 -0.8750 0.4839
vn -0.1097 0.2748 -0.9552
vn -0.0646 0.2611 -0.9631
vn -0.0247 0.2147 -0.9763
vn -0.0693 0.2284 -0.9711
vn 0.0016 0.2424 -0.9702
vn 0.0378 0.1980 -0.9795
vn 0.0179 0.1439 -0.9894
vn -0.0228 0.1551 -0.9876
vn 0.0732 0.1310 -0.9886
vn -0.1382 0.3038 -0.9426
vn -0.1346 0.2963 -0.9456
vn -0.1183 0.2848 -0.9513
vn -0.0922 0.2836 -0.9545
vn -0.0260 0.2641 -0.9641
vn 0.0969 0.0483 -0.9941
vn 0.0491 0.0562 -0.9972
vn 0.0133 0.0625 -0.9979
vn -0.0358 0.1643 -0.9857
vn -0.0004 0.0664 -0.9978
vn -0.0811 0.2395 -0.9675
vn -0.1305 -0.4057 0.9046
vn -0.0925 -0.4353 0.8955
vn -0.0961 -0.4483 0.8887
vn -0.1207 -0.4091 0.9044
vn -0.0690 -0.4811 0.8739
vn -0.0782 -0.4960 0.8648
vn -0.0893 -0.4071 0.9090
vn -0.1059 -0.3760 0.9205
vn -0.0760 -0.4440 0.8928
vn -0.2367 -0.3106 0.9206
vn -0.1368 -0.3657 0.9206
vn -0.1986 -0.3507 0.9152
vn -0.0831 -0.3823 0.9203
vn -0.0530 -0.4125 0.9094
vn -0.0291 -0.4571 0.8889
vn -0.0475 -0.5428 0.8385
vn -0.0602 -0.5570 0.8283
vn -0.0622 -0.4928 0.8679
vn -0.0544 -0.3762 0.9249
vn -0.0646 -0.3446 0.9365
vn -0.0750 -0.3209 0.9441
vn -0.0866 -0.2988 0.9503
vn -0.1261 -0.3141 0.9409
vn -0.0999 -0.2799 0.9548
vn -0.1591 -0.3465 0.9244
vn -0.0054 -0.3358 0.9419
vn -0.0729 -0.3148 0.9463
vn -0.0774 -0.2670 0.9606
vn -0.0242 -0.2801 0.9596
vn -0.1295 -0.2762 0.9523
vn -0.1206 -0.2383 0.9637
vn -0.1031 -0.1499 0.9833
vn -0.0693 -0.1544 0.9856
vn -0.1276 -0.1337 0.9828
vn 0.0839 -0.3637 0.9277
vn -0.0015 -0.3563 0.9344
vn 0.0683 -0.3329 0.9405
vn -0.0809 -0.3229 0.9429
vn -0.1449 -0.2732 0.9510
vn -0.1877 -0.2279 0.9554
vn -0.1721 -0.2346 0.9567
vn -0.1522 -0.2056 0.9667
vn -0.1390 -0.1159 0.9835
vn -0.0301 -0.1399 0.9897
vn 0.0357 -0.2716 0.9617
vn 0.1829 -0.2663 0.9464
vn 0.1690 -0.2871 0.9428
vn 0.1136 -0.2113 0.9708
vn 0.1155 -0.1785 0.9771
vn 0.1311 -0.3123 0.9409
vn 0.0867 -0.2452 0.9656
vn 0.0077 -0.0650 0.9978
vn -0.0088 -0.0204 0.9997
vn 0.0004 -0.1077 0.9942
vn 0.2318 -0.3473 0.9086
vn 0.2286 -0.3388 0.9126
vn 0.1716 -0.2542 0.9518
vn 0.2033 -0.3419 0.9174
vn 0.1563 -0.3535 0.9223
vn -0.1820 0.2087 0.9609
vn -0.2077 0.2525 0.9450
vn -0.2466 0.2972 0.9224
vn -0.0464 0.0173 0.9987
vn 0.0921 -0.1531 0.9839
vn -0.1997 -0.1643 0.9660
vn -0.1936 -0.1317 0.9722
vn -0.1578 -0.1418 0.9772
vn -0.1472 -0.1631 0.9756
vn -0.1671 -0.0771 0.9829
vn -0.1500 -0.0987 0.9837
vn -0.0616 -0.1314 0.9894
vn -0.0198 -0.1397 0.9900
vn -0.0946 -0.0993 0.9905
vn -0.2295 -0.1648 0.9592
vn -0.2143 -0.1480 0.9655
vn -0.2113 -0.1721 0.9621
vn -0.1930 -0.1056 0.9755
vn -0.1523 -0.0498 0.9871
vn -0.1005 -0.0062 0.9949
vn -0.1162 -0.0197 0.9930
vn -0.1115 -0.0466 0.9926
vn -0.0975 -0.0589 0.9935
vn -0.0124 -0.1365 0.9905
vn -0.1522 -0.1657 0.9743
vn -0.0030 0.1574 0.9875
vn -0.0128 0.2698 0.9628
vn -0.0173 0.2948 0.9554
vn -0.0047 0.1774 0.9841
vn -0.0244 0.4398 0.8977
vn -0.0334 0.4719 0.8810
vn -0.0049 0.3176 0.9482
vn 0.0102 0.1936 0.9810
vn -0.0280 0.5007 0.8651
vn 0.0140 0.0596 0.9981
vn 0.0063 0.1353 0.9908
vn 0.0060 0.0825 0.9966
vn -0.0013 0.2436 0.9698
vn -0.0108 0.4034 0.9149
vn -0.0244 0.6036 0.7969
vn -0.0381 0.6514 0.7577
vn -0.0510 0.6873 0.7246
vn -0.0549 0.7150 0.6970
vn -0.0485 0.7377 0.6734
vn -0.0103 0.5280 0.8492
vn 0.0202 0.3385 0.9407
vn 0.0372 0.2057 0.9779
vn 0.0190 0.1109 0.9936
vn 0.0438 0.1157 0.9923
vn 0.0049 0.0998 0.9950
vn -0.0705 0.0199 0.9973
vn -0.0456 0.0540 0.9975
vn -0.0390 0.0245 0.9989
vn -0.0668 -0.0051 0.9977
vn -0.0312 0.1041 0.9940
vn -0.0221 0.0591 0.9980
vn -0.0344 -0.0202 0.9992
vn -0.0636 -0.0350 0.9973
vn -0.0168 -0.0010 0.9998
vn -0.0665 0.0202 0.9976
vn -0.0519 0.0609 0.9968
vn -0.0440 0.1354 0.9898
vn -0.0367 0.2413 0.9697
vn -0.0204 0.1724 0.9848
vn -0.0102 0.1023 0.9947
vn -0.0045 0.0259 0.9996
vn -0.0022 -0.0610 0.9981
vn -0.0161 -0.0766 0.9969
vn -0.0357 -0.0757 0.9965
vn -0.0704 -0.0572 0.9958
vn -0.3857 0.2299 0.8935
vn -0.3207 0.2741 0.9066
vn -0.2940 0.2710 0.9165
vn -0.3578 0.2357 0.9036
vn -0.2141 0.3304 0.9192
vn -0.2016 0.3119 0.9284
vn -0.2272 0.2325 0.9457
vn -0.2634 0.2179 0.9398
vn -0.1831 0.2471 0.9515
vn -0.3732 0.1873 0.9087
vn -0.3669 0.2092 0.9064
vn -0.3941 0.2112 0.8944
vn -0.3122 0.2569 0.9146
vn -0.2120 0.3226 0.9225
vn -0.1151 0.3674 0.9229
vn -0.1273 0.3327 0.9344
vn -0.1473 0.2466 0.9578
vn -0.2707 0.2090 0.9397
vn -0.3678 0.2203 0.9034
vn -0.0472 0.3645 0.9300
vn -0.0114 0.3193 0.9475
vn -0.0595 0.2624 0.9631
vn -0.0819 0.3163 0.9451
vn 0.0037 0.2492 0.9684
vn -0.0504 0.1851 0.9814
vn -0.1215 0.1445 0.9820
vn -0.1280 0.2118 0.9689
vn -0.1228 0.0583 0.9907
vn 0.0099 0.1765 0.9842
vn -0.0472 0.1034 0.9935
vn -0.1285 -0.0299 0.9912
vn 0.0417 0.0566 0.9975
vn 0.0886 0.0671 0.9938
vn -0.0195 -0.0938 0.9954
vn -0.0584 -0.0973 0.9935
vn 0.1911 0.0917 0.9773
vn 0.0747 -0.0748 0.9944
vn -0.1357 -0.2700 0.9532
vn -0.1788 -0.2701 0.9461
vn -0.0130 -0.2434 0.9698
vn 0.1738 0.2878 0.9418
vn 0.0225 0.0532 0.9983
vn 0.2610 0.3421 0.9027
vn 0.4129 0.4420 0.7963
vn 0.5626 0.7812 0.2705
vn 0.3189 0.1930 0.9279
vn 0.1696 -0.0174 0.9854
vn 0.0870 -0.1626 0.9828
vn -0.0360 -0.4127 0.9101
vn -0.2029 -0.5291 0.8239
vn -0.3113 -0.5228 0.7935
vn -0.3487 -0.5105 0.7860
vn -0.1857 -0.2519 0.9497
vn -0.0679 -0.0866 0.9939
vn 0.0376 -0.3544 0.9343
vn 0.0259 -0.3587 0.9331
vn 0.0265 -0.2060 0.9782
vn 0.0342 -0.1742 0.9841
vn 0.0076 -0.3583 0.9335
vn 0.0122 -0.2335 0.9723
vn 0.0218 -0.0915 0.9955
vn 0.0263 -0.0532 0.9982
vn 0.0115 -0.1282 0.9917
vn 0.0295 -0.5847 0.8107
vn 0.0390 -0.3514 0.9354
vn 0.0147 -0.5445 0.8386
vn -0.0058 -0.5026 0.8644
vn -0.0140 -0.3467 0.9378
vn -0.0059 -0.2467 0.9691
vn -0.0025 -0.1533 0.9882
vn 0.0085 -0.0335 0.9994
vn 0.0160 -0.0007 0.9998
vn 0.0186 0.0315 0.9993
vn 0.0229 -0.0205 0.9995
vn 0.0325 -0.1469 0.9886
vn -0.0382 -0.3262 0.9445
vn -0.0713 -0.3069 0.9491
vn -0.0566 -0.2215 0.9735
vn -0.0273 -0.2418 0.9699
vn -0.1322 -0.2852 0.9493
vn -0.1108 -0.1825 0.9769
vn -0.0433 -0.1425 0.9888
vn -0.0198 -0.1592 0.9870
vn -0.0857 -0.1002 0.9912
vn -0.2466 -0.2122 0.9456
vn -0.2163 -0.0982 0.9714
vn -0.1731 -0.0233 0.9846
vn -0.0014 0.0143 0.9999
vn -0.0008 -0.0233 0.9997
vn 0.0225 0.0996 0.9948
vn 0.0199 0.1329 0.9909
vn 0.0097 -0.0489 0.9987
vn 0.0386 0.0776 0.9962
vn 0.1189 0.3910 0.9127
vn 0.0974 0.3702 0.9238
vn 0.1518 0.4211 0.8942
vn -0.0019 -0.0201 0.9998
vn -0.0053 -0.0501 0.9987
vn 0.0062 0.0583 0.9983
vn -0.0026 -0.0718 0.9974
vn 0.0063 -0.0826 0.9966
vn 0.0192 -0.0814 0.9965
vn 0.0269 -0.0575 0.9980
vn 0.0647 0.0765 0.9949
vn 0.1899 0.4675 0.8633
vn 0.3334 0.8863 0.3215
vn 0.3251 0.8381 0.4380
vn 0.2946 0.7769 0.5564
vn 0.2492 0.7011 0.6681
vn 0.0862 0.3544 0.9311
vn 0.0270 0.1694 0.9851
vn -0.0288 0.1306 0.9910
vn -0.0046 0.1444 0.9895
vn 0.0144 0.1946 0.9808
vn -0.0095 0.1743 0.9846
vn 0.0115 0.1571 0.9875
vn 0.0301 0.2150 0.9761
vn 0.0343 0.2338 0.9717
vn 0.0115 0.2107 0.9774
vn 0.0502 0.2591 0.9645
vn -0.0796 0.0717 0.9942
vn -0.0443 0.0699 0.9966
vn -0.0662 0.1221 0.9903
vn -0.0214 0.0728 0.9971
vn -0.0060 0.0756 0.9971
vn 0.0037 0.0736 0.9973
vn 0.0212 0.1628 0.9864
vn 0.0393 0.2300 0.9724
vn 0.0603 0.2846 0.9567
vn -0.0245 0.1983 0.9798
vn -0.0471 0.1612 0.9858
vn -0.0592 -0.0883 0.9943
vn -0.0653 -0.1042 0.9924
vn -0.0951 0.0601 0.9936
vn -0.0851 0.0378 0.9956
vn -0.0542 -0.1076 0.9927
vn -0.0878 0.0951 0.9916
vn -0.1241 0.3631 0.9234
vn -0.1115 0.2898 0.9505
vn -0.1194 0.4396 0.8902
vn -0.0346 -0.0791 0.9962
vn -0.0403 -0.1312 0.9905
vn -0.0496 -0.0596 0.9970
vn -0.0447 -0.1681 0.9847
vn -0.0325 -0.1899 0.9813
vn 0.0021 -0.2059 0.9785
vn -0.0229 -0.1041 0.9943
vn -0.0635 0.1454 0.9873
vn -0.1013 0.5247 0.8452
vn -0.1105 0.8161 0.5672
vn -0.1234 0.7620 0.6357
vn -0.1276 0.6973 0.7053
vn -0.1187 0.6140 0.7803
vn -0.0920 0.2208 0.9709
vn -0.1023 0.5092 0.8545
vn -0.0700 0.0275 0.9972
vn -0.1085 0.0443 0.9931
vn -0.1002 0.0609 0.9931
vn -0.1033 0.0875 0.9908
vn -0.1057 0.0808 0.9911
vn -0.0895 0.0640 0.9939
vn -0.0951 0.0803 0.9922
vn -0.1049 0.0981 0.9896
vn -0.1025 0.0908 0.9906
vn -0.1007 0.0992 0.9899
vn -0.1302 -0.0502 0.9902
vn -0.1138 -0.0132 0.9934
vn -0.1187 0.0146 0.9928
vn -0.1017 0.0217 0.9946
vn -0.0897 0.0480 0.9948
vn -0.0755 0.0595 0.9954
vn -0.0757 0.0551 0.9956
vn -0.0818 0.0651 0.9945
vn -0.0897 0.0991 0.9910
vn -0.0949 0.1648 0.9817
vn -0.1016 0.1248 0.9870
vn -0.1009 0.0961 0.9902
vn -0.0957 0.0780 0.9923
vn -0.0968 0.0727 0.9926
vn -0.0914 0.0688 0.9934
vn -0.1068 0.0580 0.9926
vn -0.3143 0.1023 0.9438
vn -0.3220 -0.0220 0.9465
vn -0.2297 -0.0571 0.9716
vn -0.2259 0.0573 0.9724
vn -0.2826 -0.2091 0.9362
vn -0.2055 -0.2202 0.9536
vn -0.1488 -0.0744 0.9861
vn -0.1443 0.0234 0.9893
vn -0.1431 -0.2056 0.9681
vn -0.3786 0.1483 0.9136
vn -0.3088 0.1511 0.9390
vn -0.3929 0.0325 0.9190
vn -0.3498 -0.1552 0.9239
vn -0.0999 -0.1888 0.9769
vn -0.0945 -0.0866 0.9917
vn -0.0883 0.0022 0.9961
vn -0.1377 0.0844 0.9868
vn -0.2206 0.1125 0.9688
vn -0.0610 0.1564 0.9858
vn -0.0609 0.0592 0.9964
vn -0.0748 0.0680 0.9949
vn -0.0796 0.1635 0.9833
vn -0.0638 0.0098 0.9979
vn -0.0707 0.0205 0.9973
vn -0.0899 0.0842 0.9924
vn -0.0945 0.1512 0.9839
vn -0.0835 0.0487 0.9953
vn -0.0579 0.2920 0.9546
vn -0.0807 -0.0056 0.9967
vn -0.0760 0.0118 0.9970
vn -0.0826 0.0431 0.9956
vn -0.0920 0.2441 0.9654
vn -0.0784 0.2947 0.9524
vn -0.0381 0.6758 0.7360
vn -0.0425 0.5690 0.8213
vn -0.0649 0.5819 0.8106
vn -0.0609 0.7059 0.7056
vn -0.0505 0.4373 0.8979
vn -0.0720 0.4398 0.8952
vn -0.0817 0.4822 0.8722
vn -0.0819 0.6139 0.7851
vn -0.0858 0.3558 0.9306
vn -0.0181 0.5401 0.8414
vn -0.0420 0.7546 0.6548
vn -0.0210 0.4578 0.8888
vn -0.0284 0.3559 0.9341
vn -0.0869 0.2199 0.9716
vn -0.0842 0.2961 0.9514
vn -0.0890 0.3959 0.9139
vn -0.0885 0.7305 0.6771
vn -0.0639 0.7995 0.5972
vn -0.2257 -0.1594 0.9610
vn -0.2201 -0.1683 0.9608
vn -0.1956 -0.1591 0.9677
vn -0.1969 -0.1467 0.9694
vn -0.2087 -0.1787 0.9615
vn -0.1936 -0.1621 0.9676
vn -0.1741 -0.1457 0.9739
vn -0.1667 -0.1289 0.9775
vn -0.1818 -0.1464 0.9724
vn -0.2405 -0.1686 0.9559
vn -0.2190 -0.1455 0.9648
vn -0.2360 -0.1770 0.9555
vn -0.2166 -0.1961 0.9563
vn -0.1930 -0.1990 0.9608
vn -0.1917 -0.1672 0.9671
vn -0.1883 -0.1412 0.9719
vn -0.1834 -0.1214 0.9755
vn -0.1737 -0.1235 0.9770
vn -0.1589 -0.1212 0.9798
vn -0.1433 -0.1014 0.9845
vn -0.1562 -0.0848 0.9840
vn -0.1900 -0.1171 0.9748
vn 0.3117 0.9160 -0.2524
vn 0.3054 0.9116 -0.2752
vn 0.3628 0.9212 0.1403
vn 0.3368 0.9164 0.2163
vn 0.4888 0.8690 -0.0766
vn 0.3762 0.8568 -0.3527
vn 0.3927 0.8867 -0.2442
vn 0.3579 0.9175 -0.1732
vn 0.1215 0.1129 0.9861
vn 0.2691 0.2188 0.9379
vn 0.3469 0.6130 0.7099
vn 0.2466 0.5365 0.8071
vn 0.4059 0.9095 0.0894
vn 0.3943 0.9019 -0.1764
vn 0.3342 0.8592 -0.3873
vn 0.2771 0.8088 -0.5186
vn 0.2518 0.8132 -0.5246
vn 0.2454 0.7891 -0.5632
vn 0.2934 -0.8989 -0.3254
vn 0.2947 -0.9056 -0.3048
vn 0.4009 -0.9116 -0.0902
vn 0.4093 -0.9096 -0.0708
vn 0.3079 -0.5192 0.7972
vn 0.3461 -0.5954 0.7250
vn 0.4269 -0.7766 0.4633
vn 0.3736 -0.6731 0.6381
vn 0.4233 -0.7122 0.5599
vn 0.4601 -0.8608 0.2176
vn 0.4162 -0.8411 0.3454
vn 0.3680 -0.7305 0.5753
vn 0.4293 -0.8971 0.1043
vn 0.2217 -0.3653 0.9040
vn 0.2889 -0.4607 0.8392
vn 0.2206 -0.3911 0.8935
vn 0.2629 -0.4386 0.8593
vn 0.4207 -0.6823 0.5979
vn 0.4658 -0.8521 0.2385
vn 0.4302 -0.9021 -0.0345
vn 0.3979 -0.9139 -0.0796
vn 0.3525 -0.9132 0.2045
vn 0.3476 -0.8646 0.3627
vn 0.3191 -0.7697 0.5528
vn 0.2712 -0.6250 0.7320
vn 0.3074 -0.5827 0.7523
vn 0.2130 -0.4505 0.8669
vn 0.3271 -0.5672 0.7558
vn -0.1603 -0.2395 0.9575
vn -0.0974 -0.2961 0.9502
vn -0.1187 -0.2356 0.9645
vn -0.1716 -0.1923 0.9662
vn -0.0116 -0.3424 0.9395
vn -0.0399 -0.2773 0.9600
vn -0.1407 -0.1525 0.9782
vn -0.1770 -0.1433 0.9737
vn -0.0817 -0.1662 0.9827
vn 0.0830 -0.3655 0.9271
vn 0.0550 -0.3110 0.9488
vn -0.0005 -0.1896 0.9818
vn -0.0547 -0.0598 0.9967
vn -0.1139 -0.0650 0.9913
vn -0.1525 -0.0844 0.9847
vn -0.1742 -0.1057 0.9790
vn -0.3978 0.6293 0.6676
vn -0.4871 0.8498 0.2014
vn -0.5472 0.8230 0.1522
vn -0.4501 0.6409 0.6218
vn -0.4711 0.8639 -0.1780
vn -0.5290 0.8191 -0.2218
vn -0.5866 0.8021 0.1116
vn -0.4950 0.6519 0.5744
vn -0.5614 0.7872 -0.2552
vn -0.3985 0.7713 -0.4962
vn -0.4502 0.7198 -0.5282
vn -0.4735 0.6847 -0.5540
vn 0.1334 -0.2065 -0.9693
vn -0.0251 -0.2051 -0.9784
vn -0.0661 -0.2790 -0.9580
vn 0.0978 -0.2823 -0.9543
vn -0.0738 -0.2023 -0.9765
vn -0.1209 -0.2764 -0.9534
vn -0.1609 -0.4306 -0.8881
vn 0.0060 -0.4490 -0.8935
vn -0.2177 -0.4204 -0.8808
vn 0.2700 -0.1845 -0.9450
vn 0.1527 -0.1856 -0.9707
vn 0.2501 -0.2039 -0.9465
vn -0.0057 -0.1803 -0.9836
vn -0.0511 -0.1722 -0.9837
vn -0.3659 -0.6234 -0.6910
vn -0.3184 -0.6460 -0.6937
vn -0.1695 -0.6932 -0.7005
vn 0.1389 -0.4355 -0.8894
vn -0.0265 -0.6861 -0.7270
vn 0.2184 -0.2760 -0.9360
vn -0.3747 -0.7855 0.4924
vn -0.4267 -0.9014 0.0730
vn -0.5248 -0.8498 0.0491
vn -0.4721 -0.7521 0.4599
vn -0.3487 -0.8719 -0.3436
vn -0.4650 -0.8116 -0.3536
vn -0.5541 -0.8315 0.0382
vn -0.5024 -0.7356 0.4543
vn -0.4996 -0.7866 -0.3628
vn -0.2852 -0.7815 0.5549
vn -0.3398 -0.9366 0.0858
vn -0.2341 -0.8992 -0.3695
vn 0.5304 0.8051 0.2656
vn 0.4415 0.7062 0.5534
vn 0.4587 0.8700 0.1808
vn 0.4585 0.8871 -0.0525
vn 0.3332 0.6119 0.7173
vn 0.3999 0.8191 0.4113
vn 0.4046 0.9004 0.1599
vn 0.4015 0.9153 -0.0311
vn 0.3640 0.8537 0.3723
vn -0.0254 -0.6114 0.7909
vn -0.0058 -0.6836 0.7298
vn -0.0268 -0.7164 0.6972
vn -0.0419 -0.6312 0.7745
vn 0.0085 -0.7550 0.6556
vn -0.0164 -0.8029 0.5958
vn -0.0410 -0.6453 0.7628
vn -0.0494 -0.5595 0.8273
vn -0.0372 -0.7415 0.6699
vn -0.0450 -0.5735 0.8180
vn -0.0432 -0.4899 0.8707
vn -0.0463 -0.4231 0.9048
vn 0.2417 0.2910 -0.9257
vn 0.0195 0.2978 -0.9544
vn 0.0411 0.2543 -0.9662
vn 0.2524 0.2480 -0.9353
vn -0.0815 0.2927 -0.9527
vn -0.0508 0.2488 -0.9672
vn 0.0670 0.1740 -0.9825
vn 0.2614 0.1675 -0.9506
vn -0.0125 0.1714 -0.9851
vn 0.3819 0.2880 -0.8781
vn 0.2358 0.3023 -0.9236
vn 0.3868 0.2768 -0.8796
vn 0.0114 0.3105 -0.9505
vn -0.0952 0.3085 -0.9464
vn 0.0157 0.0674 -0.9976
vn 0.0820 0.0641 -0.9945
vn 0.2597 0.0563 -0.9640
vn 0.3904 0.1578 -0.9070
vn 0.3804 0.0501 -0.9234
vn 0.3909 0.2353 -0.8898
vn 0.1174 -0.2585 0.9588
vn 0.1168 -0.2533 0.9603
vn 0.0206 -0.1368 0.9904
vn 0.0187 -0.1459 0.9891
vn 0.1432 -0.2510 0.9573
vn 0.0535 -0.1388 0.9889
vn -0.1209 0.0445 0.9916
vn -0.0910 0.0215 0.9956
vn -0.0921 0.0408 0.9949
vn 0.1724 -0.3020 0.9376
vn -0.0360 -0.0548 0.9978
vn 0.0543 -0.1822 0.9817
vn -0.0115 0.2454 0.9693
vn -0.0050 0.3094 0.9509
vn 0.0046 0.1849 0.9827
vn -0.0013 0.1467 0.9892
vn -0.0034 0.3611 0.9325
vn 0.0057 0.2162 0.9763
vn 0.0107 0.0856 0.9962
vn 0.0046 0.0565 0.9984
vn 0.0121 0.1116 0.9937
vn 0.0125 0.1183 0.9929
vn 0.0131 0.0799 0.9967
vn -0.0559 -0.0225 0.9982
vn -0.0489 0.0324 0.9983
vn 0.0155 0.0594 0.9981
vn -0.0640 -0.0618 0.9960
vn -0.1569 -0.1698 0.9729
vn -0.1396 -0.1072 0.9844
vn -0.1748 -0.2182 0.9601
vn 0.0319 -0.3518 0.9355
vn 0.0245 -0.1280 0.9915
vn 0.0189 -0.1184 0.9928
vn 0.0227 -0.3565 0.9340
vn 0.0151 0.0034 0.9999
vn 0.0126 0.0183 0.9997
vn 0.0226 -0.1180 0.9927
vn 0.0169 -0.3659 0.9305
vn 0.0229 0.0249 0.9994
vn 0.0431 0.0233 0.9988
vn 0.0349 -0.1264 0.9914
vn 0.0170 -0.3798 0.9249
vn 0.0250 0.1562 0.9874
vn 0.0229 0.1354 0.9905
vn 0.0418 0.2246 0.9735
vn 0.0430 0.2340 0.9713
vn 0.0160 0.1012 0.9947
vn 0.0360 0.2020 0.9787
vn 0.0736 0.3252 0.9427
vn 0.0674 0.3070 0.9493
vn 0.0796 0.3403 0.9369
vn 0.0081 0.0628 0.9980
vn 0.0077 0.0420 0.9991
vn 0.0037 0.0128 0.9999
vn -0.0624 0.0365 0.9974
vn -0.0525 0.0097 0.9986
vn -0.0619 0.0358 0.9974
vn -0.0692 0.0489 0.9964
vn -0.0470 -0.0240 0.9986
vn -0.0614 0.0278 0.9977
vn -0.0743 0.1258 0.9893
vn -0.0787 0.1056 0.9913
vn -0.0781 0.1640 0.9833
vn -0.0610 0.0519 0.9968
vn -0.0481 0.0240 0.9985
vn -0.0376 -0.0225 0.9990
vn 0.1651 -0.3743 0.9125
vn 0.2235 -0.3875 0.8943
vn 0.2168 -0.3948 0.8928
vn 0.1447 -0.3447 0.9275
vn 0.2643 -0.4158 0.8701
vn 0.2773 -0.4704 0.8377
vn 0.1633 -0.3123 0.9358
vn 0.0851 -0.2334 0.9686
vn 0.2384 -0.4328 0.8694
vn 0.1465 -0.2839 0.9476
vn 0.0779 -0.1585 0.9843
vn 0.0121 -0.0858 0.9962
vn -0.0923 0.6176 -0.7811
vn -0.0093 0.6085 -0.7935
vn 0.1090 0.3153 -0.9427
vn 0.0363 0.3459 -0.9376
vn 0.0736 0.5907 -0.8035
vn 0.1825 0.3023 -0.9356
vn 0.1514 0.2120 -0.9655
vn 0.0918 0.2371 -0.9671
vn 0.2144 0.2005 -0.9559
vn -0.1832 0.6074 -0.7730
vn 0.1493 0.6703 -0.7269
vn 0.2818 0.3453 -0.8951
vn 0.3110 0.2130 -0.9262
vn 0.0197 0.2670 -0.9635
vn -0.0481 0.3729 -0.9266
vn 0.1949 0.8645 -0.4633
vn 0.2640 0.9577 0.1140
vn 0.6805 0.7151 -0.1596
vn 0.4426 0.4979 -0.7457
vn 0.1379 0.5755 0.8061
vn 0.6350 0.4646 0.6171
vn 0.8109 0.3594 -0.4617
vn 0.4834 0.2615 -0.8354
vn 0.8672 0.2597 0.4248
vn -0.0515 0.1048 0.9931
vn 0.1571 0.0501 0.9863
vn 0.3138 -0.0132 0.9494
vn -0.3431 0.5279 -0.7768
vn -0.3196 0.5492 -0.7721
vn -0.1954 0.3926 -0.8987
vn -0.2280 0.3933 -0.8907
vn -0.2652 0.5791 -0.7709
vn -0.1320 0.3874 -0.9124
vn -0.1243 0.3115 -0.9421
vn -0.1627 0.3219 -0.9327
vn -0.0587 0.2932 -0.9543
vn -0.3287 0.5208 -0.7879
vn -0.1601 0.3269 -0.9314
vn -0.2183 0.3941 -0.8928
vn -0.2039 -0.2011 0.9581
vn -0.2253 -0.1799 0.9575
vn -0.1787 -0.1659 0.9698
vn -0.1720 -0.1794 0.9686
vn -0.2267 -0.1719 0.9587
vn -0.1697 -0.1632 0.9719
vn -0.0805 -0.1139 0.9902
vn -0.1265 -0.1057 0.9863
vn -0.0345 -0.1284 0.9911
vn 0.1290 -0.4057 0.9048
vn 0.1581 -0.5405 0.8263
vn 0.0383 -0.3286 0.9437
vn 0.0320 -0.2412 0.9699
vn 0.1910 -0.6499 0.7356
vn 0.0578 -0.3972 0.9159
vn -0.0193 -0.2168 0.9760
vn -0.0168 -0.1611 0.9868
vn -0.0064 -0.2544 0.9671
vn 0.0962 -0.2589 0.9611
vn 0.2303 -0.7312 0.6421
vn 0.1000 -0.4556 0.8845
vn 0.0305 -0.2842 0.9583
vn -0.0160 -0.0884 0.9959
vn 0.0223 -0.1390 0.9900
vn -0.1634 -0.0909 0.9823
vn -0.1471 -0.0524 0.9877
vn -0.1310 -0.0350 0.9908
vn -0.1459 -0.0829 0.9858
vn -0.1210 -0.0111 0.9926
vn -0.1119 0.0148 0.9936
vn -0.1129 -0.0136 0.9935
vn -0.1267 -0.0614 0.9900
vn -0.0985 0.0321 0.9946
vn -0.0811 0.0184 0.9965
vn -0.0851 0.0521 0.9950
vn -0.0804 0.0629 0.9948
vn -0.1208 -0.0256 0.9923
vn -0.1671 -0.0684 0.9836
vn -0.1377 -0.0229 0.9902
vn -0.0999 0.0069 0.9950
vn -0.2001 -0.1150 0.9730
vn -0.1703 -0.0710 0.9828
vn -0.1161 0.0221 0.9930
vn -0.0940 0.0433 0.9946
vn -0.1392 -0.0252 0.9899
vn 0.0729 -0.0401 0.9965
vn 0.2030 0.0116 0.9791
vn 0.0602 -0.0644 0.9961
vn 0.1808 -0.0374 0.9828
vn 0.3987 -0.0388 0.9162
vn 0.4375 0.0731 0.8962
vn 0.5043 0.3812 0.7748
vn 0.4958 0.7305 0.4696
vn 0.1701 -0.5190 0.8377
vn 0.2850 -0.6043 0.7440
vn 0.2355 -0.3780 0.8954
vn 0.1011 -0.3226 0.9411
vn 0.0475 0.5683 -0.8214
vn -0.1654 0.5473 -0.8204
vn -0.0448 0.4017 -0.9146
vn 0.1801 0.3991 -0.8990
vn -0.2733 0.5282 -0.8039
vn -0.1617 0.3971 -0.9034
vn 0.0023 0.3291 -0.9443
vn 0.2262 0.3200 -0.9200
vn -0.1100 0.3292 -0.9378
vn 0.2186 0.5318 -0.8182
vn 0.3706 0.3036 -0.8777
vn 0.3301 0.3747 -0.8664
vn -0.0361 0.0164 0.9992
vn 0.0081 -0.0303 0.9995
vn -0.0276 0.0285 0.9992
vn -0.0558 0.0596 0.9966
vn 0.0543 -0.1254 0.9906
vn 0.0008 -0.0414 0.9991
vn -0.0431 0.0411 0.9982
vn -0.0613 0.0674 0.9958
vn -0.0258 -0.0144 0.9995
vn 0.1922 -0.0419 -0.9804
vn 0.2261 -0.0519 -0.9727
vn 0.2242 -0.1022 -0.9691
vn 0.1884 -0.0920 -0.9778
vn 0.2632 -0.0634 -0.9626
vn 0.2634 -0.1160 -0.9577
vn 0.2236 -0.1362 -0.9651
vn 0.1839 -0.1262 -0.9748
vn 0.2670 -0.1514 -0.9517
vn 0.1507 -0.0338 -0.9880
vn 0.3233 -0.0767 -0.9432
vn 0.3267 -0.1347 -0.9355
vn 0.3359 -0.1740 -0.9257
vn 0.1362 -0.1209 -0.9832
vn 0.1451 -0.0854 -0.9857
vn 0.4356 -0.0925 -0.8954
vn 0.7527 -0.1124 -0.6487
vn 0.7291 -0.1970 -0.6554
vn 0.4437 -0.1603 -0.8817
vn 0.8574 -0.0420 0.5129
vn 0.9045 -0.0952 0.4157
vn 0.7446 -0.2524 -0.6178
vn 0.4613 -0.2065 -0.8628
vn 0.9058 -0.1423 0.3992
vn -0.0666 0.0686 0.9954
vn -0.0158 0.1204 0.9926
vn 0.0563 0.1315 0.9897
vn 0.0253 -0.0244 -0.9994
vn 0.0591 -0.0250 -0.9979
vn 0.0506 -0.0830 -0.9952
vn 0.0147 -0.0869 -0.9961
vn 0.1032 -0.0282 -0.9942
vn 0.0961 -0.0825 -0.9919
vn 0.0334 -0.1228 -0.9919
vn -0.0062 -0.1288 -0.9916
vn 0.0827 -0.1200 -0.9893
vn 0.0094 -0.0269 -0.9996
vn -0.0293 -0.1378 -0.9900
vn -0.0049 -0.0944 -0.9955
vn -0.3663 -0.0611 0.9285
vn -0.4101 0.0923 0.9073
vn -0.3792 0.1346 0.9154
vn -0.3326 0.0238 0.9427
vn -0.3974 0.1825 0.8993
vn -0.3706 0.1993 0.9071
vn -0.2956 0.1503 0.9434
vn -0.2633 0.0679 0.9623
vn -0.2774 0.1949 0.9408
vn -0.0504 -0.4695 0.8815
vn -0.0486 -0.5044 0.8621
vn -0.0279 -0.2580 0.9657
vn -0.0307 -0.2495 0.9679
vn -0.0370 -0.5287 0.8480
vn -0.0185 -0.2587 0.9658
vn -0.0090 -0.1253 0.9921
vn -0.0129 -0.1195 0.9927
vn -0.0003 -0.1222 0.9925
vn -0.0446 -0.4218 0.9056
vn -0.0198 -0.5492 0.8354
vn -0.0046 -0.2582 0.9661
vn 0.0115 -0.1127 0.9936
vn -0.0119 -0.1041 0.9945
vn -0.0280 -0.2301 0.9727
vn -0.0731 -0.1996 0.9771
vn -0.0602 -0.2182 0.9740
vn -0.0475 -0.1167 0.9920
vn -0.0645 -0.1023 0.9926
vn -0.0502 -0.2336 0.9710
vn -0.0362 -0.1276 0.9911
vn -0.0354 -0.0183 0.9992
vn -0.0557 -0.0105 0.9984
vn -0.0219 -0.0240 0.9995
vn -0.0418 -0.2514 0.9670
vn -0.0281 -0.1385 0.9899
vn -0.0131 -0.0310 0.9994
vn -0.1847 0.2939 0.9378
vn -0.2632 0.2255 0.9380
vn -0.1859 0.1906 0.9639
vn -0.1330 0.2532 0.9582
vn -0.3027 0.1780 0.9363
vn -0.2124 0.1464 0.9661
vn -0.1068 0.1658 0.9803
vn -0.0744 0.2152 0.9737
vn -0.1269 0.1260 0.9839
vn 0.2747 -0.7892 0.5492
vn 0.3246 -0.8240 0.4643
vn 0.3434 -0.9324 0.1128
vn 0.3414 -0.9358 0.0877
vn 0.0705 -0.2293 0.9708
vn 0.2029 -0.2455 0.9479
vn 0.3534 -0.9314 0.0873
vn 0.3921 -0.8642 0.3152
vn 0.4236 -0.6850 0.5928
vn 0.4325 -0.4013 0.8074
vn 0.4059 -0.1592 0.8999
vn 0.3584 -0.9118 -0.2002
vn 0.3053 -0.9198 -0.2463
vn 0.3241 -0.9345 -0.1471
vn 0.3500 -0.9232 -0.1586
vn 0.2410 -0.0526 -0.9691
vn 0.0747 -0.0431 -0.9962
vn 0.0484 -0.1191 -0.9917
vn 0.2104 -0.1293 -0.9690
vn 0.0188 -0.0334 -0.9992
vn -0.0011 -0.1057 -0.9944
vn 0.0174 -0.1622 -0.9866
vn 0.1778 -0.1712 -0.9690
vn -0.0288 -0.1495 -0.9883
vn 0.3579 -0.0563 -0.9320
vn 0.2954 -0.1719 -0.9398
vn 0.3270 -0.1315 -0.9358
vn -0.0363 -0.2778 0.9599
vn -0.0351 -0.3167 0.9479
vn -0.0223 -0.1759 0.9841
vn -0.0234 -0.1539 0.9878
vn -0.0381 -0.3671 0.9294
vn -0.0242 -0.2031 0.9788
vn -0.0075 -0.0604 0.9981
vn -0.0085 -0.0428 0.9990
vn -0.0091 -0.0824 0.9966
vn 0.7221 0.2756 -0.6344
vn 0.5601 0.5640 -0.6067
vn 0.8045 0.5806 -0.1255
vn 0.9771 0.2126 -0.0013
vn 0.3808 0.7427 -0.5507
vn 0.5177 0.8053 -0.2888
vn 0.7369 0.5300 0.4195
vn 0.7733 0.1445 0.6173
vn 0.5684 0.8160 0.1051
vn 0.5072 0.1409 -0.8502
vn 0.4673 0.3152 -0.8260
vn 0.7756 0.0598 -0.6283
vn 0.3864 0.5646 -0.7293
vn 0.3027 0.7288 -0.6141
vn 0.7219 -0.0793 0.6875
vn 0.9951 -0.0646 0.0738
vn 0.7959 0.1622 -0.5832
vn 0.6249 0.6060 -0.4922
vn 0.3546 0.9055 0.2332
vn 0.8762 0.4751 0.0807
vn 0.3789 0.9215 -0.0847
vn 0.0217 0.9427 0.3329
vn 0.1389 0.8490 0.5098
vn 0.5268 0.5088 0.6809
vn -0.0239 0.9291 0.3690
vn 0.4323 -0.4160 -0.8000
vn 0.4624 -0.3085 -0.8312
vn 0.7194 -0.3095 -0.6218
vn 0.6199 0.2205 -0.7530
vn 0.2077 0.9310 0.3001
vn -0.0216 0.7917 0.6105
vn -0.0117 0.8979 0.4400
vn -0.0613 0.9327 0.3553
vn -0.0715 0.9435 0.3235
vn -0.0752 0.9312 0.3566
vn -0.0315 0.8800 0.4738
vn 0.0967 0.6847 0.7224
vn 0.3159 0.2636 0.9114
vn 0.7143 0.0071 0.6998
vn 0.9958 -0.0450 0.0797
vn 0.3432 -0.8783 -0.3327
vn 0.4634 -0.7729 -0.4334
vn 0.6211 -0.7826 -0.0429
vn 0.4180 -0.9001 -0.1232
vn 0.6348 -0.5413 -0.5513
vn 0.8945 -0.4439 0.0531
vn 0.5598 -0.7481 0.3562
vn 0.4288 -0.8963 0.1126
vn 0.7028 -0.4055 0.5844
vn 0.2633 -0.8979 -0.3529
vn 0.2934 -0.8787 -0.3765
vn 0.2868 -0.9073 -0.3076
vn 0.3480 -0.7797 -0.5205
vn 0.4068 -0.5752 -0.7097
vn 0.3528 -0.9340 -0.0563
vn 0.3252 -0.9253 -0.1950
vn 0.5150 -0.8562 -0.0403
vn 0.7295 -0.5770 -0.3672
vn 0.6470 -0.7066 0.2865
vn 0.2650 -0.8796 0.3951
vn 0.8151 -0.1995 -0.5438
vn 0.9253 -0.3467 0.1537
vn 0.4414 -0.6100 0.6580
vn 0.2078 -0.8193 0.5343
vn 0.6547 -0.2907 0.6977
vn 0.0634 -0.7335 0.6767
vn 0.4334 -0.8796 0.1961
vn 0.1309 -0.8841 0.4486
vn 0.6501 -0.3249 -0.6868
vn 0.5462 0.0147 -0.8375
vn 0.3744 -0.1692 0.9117
vn 0.2834 -0.4556 0.8438
vn 0.1614 -0.7191 0.6758
vn 0.0776 -0.9046 0.4190
vn 0.0749 -0.8607 0.5036
vn 0.0702 -0.9124 0.4031
vn 0.0332 -0.2685 0.9627
vn 0.1345 -0.3266 0.9355
vn 0.1688 -0.1043 0.9801
vn 0.0509 -0.0998 0.9937
vn 0.0128 -0.5773 0.8164
vn 0.0776 -0.6234 0.7780
vn -0.0032 -0.8493 0.5278
vn 0.0329 -0.8561 0.5158
vn -0.0187 0.2352 0.9717
vn 0.0449 0.4517 0.8910
vn -0.0502 0.7644 0.6428
vn -0.0749 0.6386 0.7659
vn 0.0390 -0.0937 0.9948
vn 0.1602 0.0009 0.9871
vn -0.0964 0.8682 0.4868
vn -0.0847 0.9089 0.4082
vn -0.0250 -0.9547 0.2965
vn -0.0031 -0.9336 0.3582
vn 0.0108 -0.9369 0.3494
vn -0.0144 -0.9496 0.3132
vn -0.0299 -0.8965 0.4419
vn -0.0136 -0.8713 0.4906
vn -0.0132 -0.7040 0.7101
vn -0.0027 -0.6835 0.7299
vn -0.0730 0.8824 0.4647
vn -0.0759 0.8831 0.4630
vn -0.0901 0.9309 0.3540
vn -0.0841 0.9311 0.3550
vn -0.0960 0.9335 0.3454
vn -0.0895 0.9432 0.3198
vn -0.0434 0.7633 0.6446
vn -0.0420 0.7579 0.6510
vn -0.0772 0.8758 0.4764
vn -0.0916 0.9263 0.3654
vn -0.1015 0.9195 0.3798
vn 0.0476 -0.1441 0.9884
vn 0.0523 -0.1622 0.9854
vn 0.0254 -0.3961 0.9178
vn 0.0204 -0.3955 0.9182
vn -0.0755 0.8626 0.5002
vn -0.0665 0.8415 0.5361
vn -0.0827 0.8959 0.4364
vn -0.0898 0.9157 0.3917
vn -0.0535 0.8077 0.5871
vn -0.0728 0.8603 0.5045
vn -0.1050 0.8676 0.4860
vn -0.1058 0.8995 0.4239
vn -0.0983 0.8148 0.5714
vn 0.0621 0.0115 0.9980
vn 0.0725 -0.0076 0.9973
vn 0.0817 0.1021 0.9914
vn 0.0669 0.1125 0.9914
vn 0.0868 0.0927 0.9919
vn 0.0748 -0.0190 0.9970
vn 0.0523 -0.1648 0.9849
vn 0.0290 -0.3845 0.9226
vn 0.0430 0.3591 0.9323
vn 0.0501 0.3733 0.9264
vn 0.0762 0.2162 0.9734
vn 0.0620 0.2135 0.9749
vn 0.0054 0.5563 0.8309
vn 0.0053 0.5706 0.8212
vn 0.0015 0.5633 0.8262
vn 0.0506 0.3680 0.9284
vn 0.0809 0.2115 0.9740
vn -0.3099 0.8768 -0.3676
vn -0.3618 0.8655 -0.3463
vn -0.2564 0.8305 -0.4945
vn -0.2731 0.8669 -0.4169
vn 0.5463 0.6679 0.5053
vn 0.5486 0.6752 0.4930
vn 0.5835 0.8084 0.0776
vn 0.6019 0.7950 0.0748
vn 0.5073 0.8150 -0.2798
vn 0.5489 0.7864 -0.2832
vn 0.5045 0.6989 0.5069
vn 0.5163 0.8516 0.0906
vn 0.4039 0.8729 -0.2738
vn 0.2914 0.3337 0.8965
vn 0.3335 0.3572 0.8724
vn 0.5273 0.6610 0.5339
vn 0.6037 0.7926 0.0855
vn 0.5671 0.7762 -0.2756
vn 0.4264 0.6859 -0.5896
vn 0.4656 0.6734 -0.5742
vn 0.3501 0.7193 -0.6001
vn 0.1867 0.7724 -0.6070
vn 0.2849 0.9021 -0.3240
vn 0.0086 0.7559 -0.6547
vn 0.4489 0.8908 0.0705
vn 0.4567 0.7068 0.5401
vn 0.3240 0.3689 0.8712
vn 0.2086 0.2483 0.9459
vn 0.3556 0.3669 0.8596
vn -0.1620 -0.1921 -0.9679
vn -0.1105 -0.3087 -0.9447
vn -0.1706 -0.3090 -0.9356
vn -0.2135 -0.1946 -0.9573
vn -0.2332 -0.3200 -0.9183
vn -0.2686 -0.2051 -0.9412
vn 0.0121 -0.5694 -0.8220
vn -0.0467 -0.5938 -0.8032
vn -0.1057 -0.6126 -0.7833
vn -0.1250 -0.1484 -0.9810
vn -0.1018 -0.1931 -0.9759
vn -0.1782 -0.1512 -0.9723
vn -0.2231 -0.1589 -0.9617
vn -0.2717 -0.1730 -0.9467
vn -0.3507 -0.2319 -0.9073
vn -0.3472 -0.1967 -0.9169
vn -0.3139 -0.3791 -0.8704
vn -0.1479 -0.7137 -0.6847
vn 0.0767 -0.8945 -0.4404
vn 0.0433 -0.9098 -0.4128
vn 0.1157 -0.8711 -0.4772
vn 0.1639 -0.8344 -0.5261
vn 0.0815 -0.5368 -0.8397
vn 0.2289 -0.7844 -0.5763
vn -0.0419 -0.3063 -0.9510
vn -0.4933 -0.2870 -0.8211
vn -0.4319 -0.5492 -0.7154
vn -0.6089 -0.7915 -0.0524
vn -0.8022 -0.4037 -0.4398
vn -0.5400 -0.4343 0.7209
vn -0.8002 -0.2388 0.5501
vn -0.1426 -0.9020 -0.4075
vn -0.1500 -0.9682 0.1999
vn 0.0168 -0.4562 0.8897
vn -0.4818 -0.2332 -0.8447
vn -0.7715 -0.2844 -0.5690
vn -0.8807 -0.1672 0.4432
vn -0.0515 0.1206 0.9914
vn -0.0711 0.1297 0.9890
vn 0.0417 0.0845 0.9955
vn 0.1533 0.0520 0.9868
vn 0.2241 -0.4281 0.8755
vn 0.1870 0.0195 0.9821
vn 0.1904 -0.8867 0.4213
vn 0.0997 -0.9890 -0.1093
vn 0.2151 0.5633 0.7977
vn 0.2552 0.5874 0.7680
vn 0.2752 0.8978 0.3438
vn 0.2167 0.8990 0.3804
vn 0.2386 0.9693 -0.0594
vn 0.1765 0.9834 -0.0413
vn 0.2946 0.6054 0.7393
vn 0.3357 0.8930 0.2996
vn 0.3068 0.9475 -0.0895
vn 0.1425 0.1211 0.9823
vn 0.1665 0.1319 0.9772
vn 0.1417 0.5447 0.8265
vn 0.1051 0.9276 0.3585
vn 0.0531 0.9863 -0.1559
vn 0.0894 0.8913 -0.4445
vn 0.0304 0.8922 -0.4505
vn 0.1559 0.8856 -0.4375
vn 0.2317 0.8663 -0.4425
vn 0.3898 0.9115 -0.1310
vn 0.3187 0.8265 -0.4640
vn 0.4103 0.8764 0.2519
vn 0.3433 0.6187 0.7066
vn 0.1718 0.1510 0.9735
vn 0.1724 0.1739 0.9695
vn 0.1721 0.1397 0.9751
vn 0.3257 -0.6359 0.6997
vn 0.2939 -0.5739 0.7643
vn 0.2911 -0.8995 0.3258
vn 0.3323 -0.9090 0.2515
vn 0.2241 -0.9693 -0.1007
vn 0.2691 -0.9486 -0.1667
vn 0.2674 -0.4957 0.8263
vn 0.2593 -0.8789 0.4003
vn 0.1906 -0.9808 -0.0410
vn 0.2517 -0.3050 0.9185
vn 0.2284 -0.2232 0.9476
vn 0.3695 -0.6756 0.6380
vn 0.3924 -0.9007 0.1864
vn 0.3347 -0.9139 -0.2298
vn 0.1986 -0.0457 0.9790
vn 0.2112 -0.1322 0.9684
vn -0.0747 0.3182 0.9451
vn -0.0898 0.3361 0.9375
vn -0.0675 0.3477 0.9351
vn -0.0537 0.3598 0.9315
vn -0.0221 0.3517 0.9359
vn -0.0037 0.3818 0.9242
vn -0.0875 0.3286 0.9404
vn -0.0663 0.3127 0.9475
vn -0.0329 0.3022 0.9527
vn -0.0528 0.2314 0.9714
vn -0.0858 0.2897 0.9532
vn -0.0453 0.2883 0.9565
vn -0.0267 0.3489 0.9367
vn 0.0193 0.3849 0.9227
vn 0.0837 0.3574 0.9301
vn 0.1031 0.3745 0.9215
vn 0.0537 0.3187 0.9463
vn 0.0221 0.2700 0.9626
vn -0.0289 0.2507 0.9676
vn -0.0006 0.2361 0.9717
vn -0.0530 0.2712 0.9610
vn -0.0712 0.2982 0.9518
vn -0.1057 0.3627 0.9259
vn -0.0855 0.3346 0.9385
vn -0.1063 0.3442 0.9328
vn 0.0591 -0.1988 -0.9782
vn 0.1201 -0.2833 -0.9515
vn 0.0832 -0.2910 -0.9531
vn 0.0183 -0.1971 -0.9802
vn 0.0274 -0.2994 -0.9537
vn -0.0375 -0.1950 -0.9801
vn 0.2292 -0.4371 -0.8697
vn 0.1996 -0.4633 -0.8634
vn 0.1494 -0.4983 -0.8540
vn 0.0518 -0.1647 -0.9850
vn 0.0791 -0.2003 -0.9765
vn 0.0283 -0.1583 -0.9870
vn -0.0133 -0.1531 -0.9881
vn -0.0664 -0.1494 -0.9865
vn 0.2963 -0.7272 -0.6191
vn 0.3456 -0.6759 -0.6509
vn 0.3744 -0.6389 -0.6720
vn 0.2354 -0.4224 -0.8753
vn 0.3809 -0.6211 -0.6849
vn 0.1333 -0.2779 -0.9513
vn 0.4940 -0.7155 0.4939
vn 0.4626 -0.7076 0.5341
vn 0.5123 -0.8542 0.0890
vn 0.5472 -0.8350 0.0581
vn 0.4613 -0.8264 -0.3228
vn 0.4959 -0.7952 -0.3489
vn 0.4190 -0.6962 0.5828
vn 0.4590 -0.8785 0.1322
vn 0.4062 -0.8689 -0.2828
vn 0.3533 -0.4900 0.7969
vn 0.3386 -0.4606 0.8205
vn 0.5078 -0.7242 0.4665
vn 0.5607 -0.8270 0.0410
vn 0.5082 -0.7814 -0.3620
vn 0.2805 -0.3701 0.8856
vn 0.3115 -0.4211 0.8518
vn -0.1824 0.4163 0.8907
vn -0.2432 0.5989 0.7630
vn -0.1780 0.4780 0.8601
vn -0.1339 0.3385 0.9314
vn -0.1326 0.3899 0.9112
vn -0.1027 0.2947 0.9500
vn -0.2329 0.6418 0.7306
vn -0.1746 0.5213 0.8353
vn -0.1322 0.4257 0.8951
vn -0.1246 0.2437 0.9618
vn -0.2478 0.5135 0.8215
vn -0.0936 0.2085 0.9735
vn -0.0727 0.1907 0.9789
vn -0.0602 0.1972 0.9785
vn -0.1024 0.3832 0.9179
vn -0.1267 0.4464 0.8858
vn -0.1600 0.5246 0.8361
vn -0.3005 0.7630 0.5723
vn -0.2018 0.6133 0.7636
vn -0.3212 0.7240 0.6105
vn -0.1384 0.1964 -0.9707
vn -0.1632 0.1594 -0.9736
vn -0.2081 0.1432 -0.9676
vn -0.1886 0.1773 -0.9659
vn -0.2544 0.1337 -0.9578
vn -0.2407 0.1669 -0.9561
vn -0.1829 0.1017 -0.9778
vn -0.2223 0.0887 -0.9709
vn -0.2635 0.0799 -0.9613
vn -0.0493 0.2391 -0.9697
vn -0.0748 0.2198 -0.9727
vn -0.1161 0.2128 -0.9702
vn -0.1702 0.1915 -0.9666
vn -0.2274 0.1807 -0.9569
vn -0.3214 0.1704 -0.9315
vn -0.3164 0.1865 -0.9301
vn -0.3264 0.1347 -0.9356
vn -0.3283 0.0776 -0.9414
vn -0.2652 0.0077 -0.9641
vn -0.3258 0.0005 -0.9454
vn -0.2275 0.0172 -0.9736
vn -0.1923 0.0279 -0.9809
vn -0.1325 0.1167 -0.9843
vn -0.1482 0.0388 -0.9882
vn -0.1054 0.1789 -0.9782
vn -0.4691 0.1922 -0.8620
vn -0.4600 0.1502 -0.8751
vn -0.7648 0.1795 -0.6188
vn -0.7744 0.2302 -0.5893
vn -0.9389 0.1014 0.3287
vn -0.9448 0.1560 0.2882
vn -0.4498 0.0846 -0.8891
vn -0.7750 0.0999 -0.6240
vn -0.8745 0.0269 0.4842
vn -0.4774 0.2137 -0.8523
vn -0.7905 0.2586 -0.5551
vn -0.9312 0.1840 0.3146
vn -0.3403 -0.0557 0.9387
vn -0.3582 -0.0384 0.9328
vn -0.2361 -0.0783 0.9685
vn -0.0799 -0.0718 0.9942
vn -0.8308 -0.0129 0.5563
vn 0.0513 -0.0219 0.9984
vn -0.7826 -0.0049 -0.6225
vn -0.4397 -0.0036 -0.8981
vn -0.0141 -0.8621 0.5064
vn 0.0110 -0.9231 0.3844
vn 0.0107 -0.9497 0.3128
vn -0.0081 -0.8904 0.4550
vn 0.0143 -0.9618 0.2733
vn 0.0050 -0.9051 0.4252
vn 0.0383 -0.8910 0.4523
vn 0.0337 -0.9279 0.3712
vn 0.0266 -0.9466 0.3211
vn -0.0345 -0.6222 0.7821
vn -0.0148 -0.8169 0.5765
vn -0.0303 -0.6537 0.7561
vn -0.0202 -0.6778 0.7350
vn -0.0060 -0.6950 0.7190
vn 0.0212 -0.9083 0.4178
vn 0.0070 -0.7052 0.7089
vn 0.0223 -0.9639 0.2654
vn 0.0218 -0.9533 0.3012
vn 0.0394 -0.8175 0.5746
vn 0.0241 -0.8373 0.5461
vn 0.0522 -0.7848 0.6175
vn 0.0558 -0.7334 0.6774
vn 0.0378 -0.8287 0.5584
vn 0.0510 -0.6605 0.7491
vn 0.0121 -0.8750 0.4839
vn 0.1097 0.2748 -0.9552
vn 0.0693 0.2284 -0.9711
vn 0.0247 0.2147 -0.9763
vn 0.0646 0.2611 -0.9631
vn -0.0378 0.1980 -0.9795
vn -0.0016 0.2424 -0.9702
vn 0.0228 0.1551 -0.9876
vn -0.0179 0.1439 -0.9894
vn -0.0732 0.1310 -0.9886
vn 0.1382 0.3038 -0.9426
vn 0.1183 0.2848 -0.9513
vn 0.1346 0.2963 -0.9456
vn 0.0922 0.2836 -0.9545
vn 0.0260 0.2641 -0.9641
vn -0.0969 0.0483 -0.9941
vn -0.0491 0.0562 -0.9972
vn -0.0133 0.0625 -0.9979
vn 0.0358 0.1643 -0.9857
vn 0.0004 0.0664 -0.9978
vn 0.0811 0.2395 -0.9675
vn 0.1305 -0.4057 0.9046
vn 0.1207 -0.4091 0.9044
vn 0.0961 -0.4483 0.8887
vn 0.0925 -0.4353 0.8955
vn 0.0782 -0.4960 0.8648
vn 0.0690 -0.4811 0.8739
vn 0.1059 -0.3760 0.9205
vn 0.0893 -0.4071 0.9090
vn 0.0760 -0.4440 0.8928
vn 0.2367 -0.3106 0.9206
vn 0.1986 -0.3507 0.9152
vn 0.1368 -0.3657 0.9206
vn 0.0831 -0.3823 0.9203
vn 0.0530 -0.4125 0.9094
vn 0.0475 -0.5428 0.8385
vn 0.0291 -0.4571 0.8889
vn 0.0602 -0.5570 0.8283
vn 0.0622 -0.4928 0.8679
vn 0.0646 -0.3446 0.9365
vn 0.0544 -0.3762 0.9249
vn 0.0750 -0.3209 0.9441
vn 0.0866 -0.2988 0.9503
vn 0.1261 -0.3141 0.9409
vn 0.0999 -0.2799 0.9548
vn 0.1591 -0.3465 0.9244
vn 0.0054 -0.3358 0.9419
vn 0.0242 -0.2801 0.9596
vn 0.0774 -0.2670 0.9606
vn 0.0729 -0.3148 0.9463
vn 0.1206 -0.2383 0.9637
vn 0.1295 -0.2762 0.9523
vn 0.0693 -0.1544 0.9856
vn 0.1031 -0.1499 0.9833
vn 0.1276 -0.1337 0.9828
vn -0.0839 -0.3637 0.9277
vn -0.0683 -0.3329 0.9405
vn 0.0015 -0.3563 0.9344
vn 0.0809 -0.3229 0.9429
vn 0.1449 -0.2732 0.9510
vn 0.1721 -0.2346 0.9567
vn 0.1877 -0.2279 0.9554
vn 0.1522 -0.2056 0.9667
vn 0.1390 -0.1159 0.9835
vn 0.0301 -0.1399 0.9897
vn -0.0357 -0.2716 0.9617
vn -0.1829 -0.2663 0.9464
vn -0.1155 -0.1785 0.9771
vn -0.1136 -0.2113 0.9708
vn -0.1690 -0.2871 0.9428
vn -0.0867 -0.2452 0.9656
vn -0.1311 -0.3123 0.9409
vn 0.0088 -0.0204 0.9997
vn -0.0077 -0.0650 0.9978
vn -0.0004 -0.1077 0.9942
vn -0.2318 -0.3473 0.9086
vn -0.1716 -0.2542 0.9518
vn -0.2286 -0.3388 0.9126
vn -0.2033 -0.3419 0.9174
vn -0.1563 -0.3535 0.9223
vn 0.1820 0.2087 0.9609
vn 0.2077 0.2525 0.9450
vn 0.2466 0.2972 0.9224
vn 0.0464 0.0173 0.9987
vn -0.0921 -0.1531 0.9839
vn 0.1997 -0.1643 0.9660
vn 0.1472 -0.1631 0.9756
vn 0.1578 -0.1418 0.9772
vn 0.1936 -0.1317 0.9722
vn 0.1500 -0.0987 0.9837
vn 0.1671 -0.0771 0.9829
vn 0.0198 -0.1397 0.9900
vn 0.0616 -0.1314 0.9894
vn 0.0946 -0.0993 0.9905
vn 0.2295 -0.1648 0.9592
vn 0.2113 -0.1721 0.9621
vn 0.2143 -0.1480 0.9655
vn 0.1930 -0.1056 0.9755
vn 0.1523 -0.0498 0.9871
vn 0.1162 -0.0197 0.9930
vn 0.1005 -0.0062 0.9949
vn 0.1115 -0.0466 0.9926
vn 0.0975 -0.0589 0.9935
vn 0.0124 -0.1365 0.9905
vn 0.1522 -0.1657 0.9743
vn 0.0030 0.1574 0.9875
vn 0.0047 0.1774 0.9841
vn 0.0173 0.2948 0.9554
vn 0.0128 0.2698 0.9628
vn 0.0334 0.4719 0.8810
vn 0.0244 0.4398 0.8977
vn -0.0102 0.1936 0.9810
vn 0.0049 0.3176 0.9482
vn 0.0280 0.5007 0.8651
vn -0.0140 0.0596 0.9981
vn -0.0060 0.0825 0.9966
vn -0.0063 0.1353 0.9908
vn 0.0013 0.2436 0.9698
vn 0.0108 0.4034 0.9149
vn 0.0381 0.6514 0.7577
vn 0.0244 0.6036 0.7969
vn 0.0510 0.6873 0.7246
vn 0.0549 0.7150 0.6970
vn 0.0103 0.5280 0.8492
vn 0.0485 0.7377 0.6734
vn -0.0202 0.3385 0.9407
vn -0.0372 0.2057 0.9779
vn -0.0190 0.1109 0.9936
vn -0.0438 0.1157 0.9923
vn -0.0049 0.0998 0.9950
vn 0.0705 0.0199 0.9973
vn 0.0668 -0.0051 0.9977
vn 0.0390 0.0245 0.9989
vn 0.0456 0.0540 0.9975
vn 0.0221 0.0591 0.9980
vn 0.0312 0.1041 0.9940
vn 0.0636 -0.0350 0.9973
vn 0.0344 -0.0202 0.9992
vn 0.0168 -0.0010 0.9998
vn 0.0665 0.0202 0.9976
vn 0.0519 0.0609 0.9968
vn 0.0440 0.1354 0.9898
vn 0.0204 0.1724 0.9848
vn 0.0367 0.2413 0.9697
vn 0.0102 0.1023 0.9947
vn 0.0045 0.0259 0.9996
vn 0.0161 -0.0766 0.9969
vn 0.0022 -0.0610 0.9981
vn 0.0357 -0.0757 0.9965
vn 0.0704 -0.0572 0.9958
vn 0.3857 0.2299 0.8935
vn 0.3578 0.2357 0.9036
vn 0.2940 0.2710 0.9165
vn 0.3207 0.2741 0.9066
vn 0.2016 0.3119 0.9284
vn 0.2141 0.3304 0.9192
vn 0.2634 0.2179 0.9398
vn 0.2272 0.2325 0.9457
vn 0.1831 0.2471 0.9515
vn 0.3732 0.1873 0.9087
vn 0.3941 0.2112 0.8944
vn 0.3669 0.2092 0.9064
vn 0.3122 0.2569 0.9146
vn 0.2120 0.3226 0.9225
vn 0.1151 0.3674 0.9229
vn 0.1273 0.3327 0.9344
vn 0.1473 0.2466 0.9578
vn 0.2707 0.2090 0.9397
vn 0.3678 0.2203 0.9034
vn 0.0472 0.3645 0.9300
vn 0.0819 0.3163 0.9451
vn 0.0595 0.2624 0.9631
vn 0.0114 0.3193 0.9475
vn 0.0504 0.1851 0.9814
vn -0.0037 0.2492 0.9684
vn 0.1280 0.2118 0.9689
vn 0.1215 0.1445 0.9820
vn 0.1228 0.0583 0.9907
vn -0.0099 0.1765 0.9842
vn 0.0472 0.1034 0.9935
vn 0.1285 -0.0299 0.9912
vn -0.0417 0.0566 0.9975
vn 0.0584 -0.0973 0.9935
vn 0.0195 -0.0938 0.9954
vn -0.0886 0.0671 0.9938
vn -0.0747 -0.0748 0.9944
vn -0.1911 0.0917 0.9773
vn 0.1788 -0.2701 0.9461
vn 0.1357 -0.2700 0.9532
vn 0.0130 -0.2434 0.9698
vn -0.0225 0.0532 0.9983
vn -0.1738 0.2878 0.9418
vn -0.2610 0.3421 0.9027
vn -0.4129 0.4420 0.7963
vn -0.3189 0.1930 0.9279
vn -0.5626 0.7812 0.2705
vn -0.1696 -0.0174 0.9854
vn -0.0870 -0.1626 0.9828
vn 0.2029 -0.5291 0.8239
vn 0.0360 -0.4127 0.9101
vn 0.3113 -0.5228 0.7935
vn 0.3487 -0.5105 0.7860
vn 0.1857 -0.2519 0.9497
vn 0.0679 -0.0866 0.9939
vn -0.0376 -0.3544 0.9343
vn -0.0342 -0.1742 0.9841
vn -0.0265 -0.2060 0.9782
vn -0.0259 -0.3587 0.9331
vn -0.0122 -0.2335 0.9723
vn -0.0076 -0.3583 0.9335
vn -0.0263 -0.0532 0.9982
vn -0.0218 -0.0915 0.9955
vn -0.0115 -0.1282 0.9917
vn -0.0390 -0.3514 0.9354
vn -0.0295 -0.5847 0.8107
vn -0.0147 -0.5445 0.8386
vn 0.0058 -0.5026 0.8644
vn 0.0140 -0.3467 0.9378
vn 0.0059 -0.2467 0.9691
vn 0.0025 -0.1533 0.9882
vn -0.0085 -0.0335 0.9994
vn -0.0160 -0.0007 0.9998
vn -0.0186 0.0315 0.9993
vn -0.0229 -0.0205 0.9995
vn -0.0325 -0.1469 0.9886
vn 0.0382 -0.3262 0.9445
vn 0.0273 -0.2418 0.9699
vn 0.0566 -0.2215 0.9735
vn 0.0713 -0.3069 0.9491
vn 0.1108 -0.1825 0.9769
vn 0.1322 -0.2852 0.9493
vn 0.0198 -0.1592 0.9870
vn 0.0433 -0.1425 0.9888
vn 0.0857 -0.1002 0.9912
vn 0.2466 -0.2122 0.9456
vn 0.2163 -0.0982 0.9714
vn 0.1731 -0.0233 0.9846
vn 0.0014 0.0143 0.9999
vn -0.0199 0.1329 0.9909
vn -0.0225 0.0996 0.9948
vn 0.0008 -0.0233 0.9997
vn -0.0386 0.0776 0.9962
vn -0.0097 -0.0489 0.9987
vn -0.0974 0.3702 0.9238
vn -0.1189 0.3910 0.9127
vn -0.1518 0.4211 0.8942
vn 0.0019 -0.0201 0.9998
vn -0.0062 0.0583 0.9983
vn 0.0053 -0.0501 0.9987
vn 0.0026 -0.0718 0.9974
vn -0.0063 -0.0826 0.9966
vn -0.0269 -0.0575 0.9980
vn -0.0192 -0.0814 0.9965
vn -0.0647 0.0765 0.9949
vn -0.1899 0.4675 0.8633
vn -0.3251 0.8381 0.4380
vn -0.3334 0.8863 0.3215
vn -0.2946 0.7769 0.5564
vn -0.2492 0.7011 0.6681
vn -0.0862 0.3544 0.9311
vn -0.0270 0.1694 0.9851
vn 0.0288 0.1306 0.9910
vn 0.0095 0.1743 0.9846
vn -0.0144 0.1946 0.9808
vn 0.0046 0.1444 0.9895
vn -0.0301 0.2150 0.9761
vn -0.0115 0.1571 0.9875
vn -0.0115 0.2107 0.9774
vn -0.0343 0.2338 0.9717
vn -0.0502 0.2591 0.9645
vn 0.0796 0.0717 0.9942
vn 0.0662 0.1221 0.9903
vn 0.0443 0.0699 0.9966
vn 0.0214 0.0728 0.9971
vn 0.0060 0.0756 0.9971
vn -0.0212 0.1628 0.9864
vn -0.0037 0.0736 0.9973
vn -0.0393 0.2300 0.9724
vn -0.0603 0.2846 0.9567
vn 0.0245 0.1983 0.9798
vn 0.0471 0.1612 0.9858
vn 0.0592 -0.0883 0.9943
vn 0.0851 0.0378 0.9956
vn 0.0951 0.0601 0.9936
vn 0.0653 -0.1042 0.9924
vn 0.0878 0.0951 0.9916
vn 0.0542 -0.1076 0.9927
vn 0.1115 0.2898 0.9505
vn 0.1241 0.3631 0.9234
vn 0.1194 0.4396 0.8902
vn 0.0346 -0.0791 0.9962
vn 0.0496 -0.0596 0.9970
vn 0.0403 -0.1312 0.9905
vn 0.0447 -0.1681 0.9847
vn 0.0325 -0.1899 0.9813
vn 0.0229 -0.1041 0.9943
vn -0.0021 -0.2059 0.9785
vn 0.0635 0.1454 0.9873
vn 0.1013 0.5247 0.8452
vn 0.1234 0.7620 0.6357
vn 0.1105 0.8161 0.5672
vn 0.1276 0.6973 0.7053
vn 0.1187 0.6140 0.7803
vn 0.0920 0.2208 0.9709
vn 0.1023 0.5092 0.8545
vn 0.0700 0.0275 0.9972
vn 0.1085 0.0443 0.9931
vn 0.1057 0.0808 0.9911
vn 0.1033 0.0875 0.9908
vn 0.1002 0.0609 0.9931
vn 0.0951 0.0803 0.9922
vn 0.0895 0.0640 0.9939
vn 0.1025 0.0908 0.9906
vn 0.1049 0.0981 0.9896
vn 0.1007 0.0992 0.9899
vn 0.1302 -0.0502 0.9902
vn 0.1187 0.0146 0.9928
vn 0.1138 -0.0132 0.9934
vn 0.1017 0.0217 0.9946
vn 0.0897 0.0480 0.9948
vn 0.0757 0.0551 0.9956
vn 0.0755 0.0595 0.9954
vn 0.0818 0.0651 0.9945
vn 0.0897 0.0991 0.9910
vn 0.1016 0.1248 0.9870
vn 0.0949 0.1648 0.9817
vn 0.1009 0.0961 0.9902
vn 0.0957 0.0780 0.9923
vn 0.0968 0.0727 0.9926
vn 0.0914 0.0688 0.9934
vn 0.1068 0.0580 0.9926
vn 0.3143 0.1023 0.9438
vn 0.2259 0.0573 0.9724
vn 0.2297 -0.0571 0.9716
vn 0.3220 -0.0220 0.9465
vn 0.2055 -0.2202 0.9536
vn 0.2826 -0.2091 0.9362
vn 0.1443 0.0234 0.9893
vn 0.1488 -0.0744 0.9861
vn 0.1431 -0.2056 0.9681
vn 0.3088 0.1511 0.9390
vn 0.3786 0.1483 0.9136
vn 0.3929 0.0325 0.9190
vn 0.3498 -0.1552 0.9239
vn 0.0999 -0.1888 0.9769
vn 0.0945 -0.0866 0.9917
vn 0.0883 0.0022 0.9961
vn 0.1377 0.0844 0.9868
vn 0.2206 0.1125 0.9688
vn 0.0610 0.1564 0.9858
vn 0.0796 0.1635 0.9833
vn 0.0748 0.0680 0.9949
vn 0.0609 0.0592 0.9964
vn 0.0707 0.0205 0.9973
vn 0.0638 0.0098 0.9979
vn 0.0945 0.1512 0.9839
vn 0.0899 0.0842 0.9924
vn 0.0835 0.0487 0.9953
vn 0.0579 0.2920 0.9546
vn 0.0807 -0.0056 0.9967
vn 0.0760 0.0118 0.9970
vn 0.0826 0.0431 0.9956
vn 0.0920 0.2441 0.9654
vn 0.0784 0.2947 0.9524
vn 0.0381 0.6758 0.7360
vn 0.0609 0.7059 0.7056
vn 0.0649 0.5819 0.8106
vn 0.0425 0.5690 0.8213
vn 0.0720 0.4398 0.8952
vn 0.0505 0.4373 0.8979
vn 0.0819 0.6139 0.7851
vn 0.0817 0.4822 0.8722
vn 0.0858 0.3558 0.9306
vn 0.0420 0.7546 0.6548
vn 0.0181 0.5401 0.8414
vn 0.0210 0.4578 0.8888
vn 0.0284 0.3559 0.9341
vn 0.0869 0.2199 0.9716
vn 0.0842 0.2961 0.9514
vn 0.0890 0.3959 0.9139
vn 0.0885 0.7305 0.6771
vn 0.0639 0.7995 0.5972
vn 0.2257 -0.1594 0.9610
vn 0.1969 -0.1467 0.9694
vn 0.1956 -0.1591 0.9677
vn 0.2201 -0.1683 0.9608
vn 0.1936 -0.1621 0.9676
vn 0.2087 -0.1787 0.9615
vn 0.1667 -0.1289 0.9775
vn 0.1741 -0.1457 0.9739
vn 0.1818 -0.1464 0.9724
vn 0.2190 -0.1455 0.9648
vn 0.2405 -0.1686 0.9559
vn 0.2360 -0.1770 0.9555
vn 0.2166 -0.1961 0.9563
vn 0.1930 -0.1990 0.9608
vn 0.1917 -0.1672 0.9671
vn 0.1883 -0.1412 0.9719
vn 0.1737 -0.1235 0.9770
vn 0.1834 -0.1214 0.9755
vn 0.1589 -0.1212 0.9798
vn 0.1433 -0.1014 0.9845
vn 0.1562 -0.0848 0.9840
vn 0.1900 -0.1171 0.9748
vn -0.3117 0.9160 -0.2524
vn -0.3054 0.9116 -0.2752
vn -0.3628 0.9212 0.1403
vn -0.3368 0.9164 0.2163
vn -0.3762 0.8568 -0.3527
vn -0.4888 0.8690 -0.0766
vn -0.3927 0.8867 -0.2442
vn -0.3579 0.9175 -0.1732
vn -0.1215 0.1129 0.9861
vn -0.2466 0.5365 0.8071
vn -0.3469 0.6130 0.7099
vn -0.2691 0.2188 0.9379
vn -0.3943 0.9019 -0.1764
vn -0.4059 0.9095 0.0894
vn -0.3342 0.8592 -0.3873
vn -0.2771 0.8088 -0.5186
vn -0.2518 0.8132 -0.5246
vn -0.2454 0.7891 -0.5632
vn -0.2934 -0.8989 -0.3254
vn -0.4093 -0.9096 -0.0708
vn -0.4009 -0.9116 -0.0902
vn -0.2947 -0.9056 -0.3048
vn -0.3079 -0.5192 0.7972
vn -0.3736 -0.6731 0.6381
vn -0.4269 -0.7766 0.4633
vn -0.3461 -0.5954 0.7250
vn -0.4601 -0.8608 0.2176
vn -0.4233 -0.7122 0.5599
vn -0.3680 -0.7305 0.5753
vn -0.4162 -0.8411 0.3454
vn -0.4293 -0.8971 0.1043
vn -0.2889 -0.4607 0.8392
vn -0.2217 -0.3653 0.9040
vn -0.2206 -0.3911 0.8935
vn -0.2629 -0.4386 0.8593
vn -0.4658 -0.8521 0.2385
vn -0.4207 -0.6823 0.5979
vn -0.4302 -0.9021 -0.0345
vn -0.3979 -0.9139 -0.0796
vn -0.3476 -0.8646 0.3627
vn -0.3525 -0.9132 0.2045
vn -0.3191 -0.7697 0.5528
vn -0.2712 -0.6250 0.7320
vn -0.3074 -0.5827 0.7523
vn -0.2130 -0.4505 0.8669
vn -0.3271 -0.5672 0.7558
vn 0.1603 -0.2395 0.9575
vn 0.1716 -0.1923 0.9662
vn 0.1187 -0.2356 0.9645
vn 0.0974 -0.2961 0.9502
vn 0.0399 -0.2773 0.9600
vn 0.0116 -0.3424 0.9395
vn 0.1770 -0.1433 0.9737
vn 0.1407 -0.1525 0.9782
vn 0.0817 -0.1662 0.9827
vn -0.0830 -0.3655 0.9271
vn -0.0550 -0.3110 0.9488
vn 0.0005 -0.1896 0.9818
vn 0.1139 -0.0650 0.9913
vn 0.0547 -0.0598 0.9967
vn 0.1525 -0.0844 0.9847
vn 0.1742 -0.1057 0.9790
vn 0.3978 0.6293 0.6676
vn 0.4501 0.6409 0.6218
vn 0.5472 0.8230 0.1522
vn 0.4871 0.8498 0.2014
vn 0.5290 0.8191 -0.2218
vn 0.4711 0.8639 -0.1780
vn 0.4950 0.6519 0.5744
vn 0.5866 0.8021 0.1116
vn 0.5614 0.7872 -0.2552
vn 0.3985 0.7713 -0.4962
vn 0.4502 0.7198 -0.5282
vn 0.4735 0.6847 -0.5540
vn -0.1334 -0.2065 -0.9693
vn -0.0978 -0.2823 -0.9543
vn 0.0661 -0.2790 -0.9580
vn 0.0251 -0.2051 -0.9784
vn 0.1209 -0.2764 -0.9534
vn 0.0738 -0.2023 -0.9765
vn -0.0060 -0.4490 -0.8935
vn 0.1609 -0.4306 -0.8881
vn 0.2177 -0.4204 -0.8808
vn -0.2700 -0.1845 -0.9450
vn -0.2501 -0.2039 -0.9465
vn -0.1527 -0.1856 -0.9707
vn 0.0057 -0.1803 -0.9836
vn 0.0511 -0.1722 -0.9837
vn 0.3659 -0.6234 -0.6910
vn 0.3184 -0.6460 -0.6937
vn 0.1695 -0.6932 -0.7005
vn -0.1389 -0.4355 -0.8894
vn 0.0265 -0.6861 -0.7270
vn -0.2184 -0.2760 -0.9360
vn 0.3747 -0.7855 0.4924
vn 0.4721 -0.7521 0.4598
vn 0.5248 -0.8498 0.0491
vn 0.4267 -0.9014 0.0730
vn 0.4650 -0.8116 -0.3536
vn 0.3487 -0.8719 -0.3436
vn 0.5024 -0.7356 0.4543
vn 0.5541 -0.8315 0.0382
vn 0.4996 -0.7866 -0.3628
vn 0.2852 -0.7815 0.5549
vn 0.3398 -0.9366 0.0858
vn 0.2341 -0.8992 -0.3695
vn -0.5304 0.8051 0.2656
vn -0.4585 0.8871 -0.0525
vn -0.4587 0.8700 0.1808
vn -0.4415 0.7062 0.5534
vn -0.3999 0.8191 0.4113
vn -0.3332 0.6119 0.7173
vn -0.4015 0.9153 -0.0311
vn -0.4046 0.9004 0.1599
vn -0.3640 0.8537 0.3723
vn 0.0254 -0.6114 0.7909
vn 0.0419 -0.6312 0.7745
vn 0.0268 -0.7164 0.6972
vn 0.0058 -0.6836 0.7298
vn 0.0164 -0.8029 0.5958
vn -0.0085 -0.7550 0.6556
vn 0.0494 -0.5595 0.8273
vn 0.0410 -0.6453 0.7628
vn 0.0372 -0.7415 0.6699
vn 0.0450 -0.5735 0.8180
vn 0.0432 -0.4899 0.8707
vn 0.0463 -0.4231 0.9048
vn -0.2417 0.2910 -0.9257
vn -0.2524 0.2480 -0.9353
vn -0.0411 0.2543 -0.9662
vn -0.0195 0.2978 -0.9544
vn 0.0508 0.2488 -0.9672
vn 0.0815 0.2927 -0.9527
vn -0.2614 0.1675 -0.9506
vn -0.0670 0.1740 -0.9825
vn 0.0125 0.1714 -0.9851
vn -0.3819 0.2880 -0.8781
vn -0.3868 0.2768 -0.8796
vn -0.2358 0.3023 -0.9236
vn -0.0114 0.3105 -0.9505
vn 0.0952 0.3085 -0.9464
vn -0.0157 0.0674 -0.9976
vn -0.0820 0.0641 -0.9945
vn -0.2597 0.0563 -0.9640
vn -0.3904 0.1578 -0.9070
vn -0.3804 0.0501 -0.9234
vn -0.3909 0.2353 -0.8898
vn -0.1174 -0.2585 0.9588
vn -0.0187 -0.1459 0.9891
vn -0.0206 -0.1368 0.9904
vn -0.1168 -0.2533 0.9603
vn -0.0535 -0.1388 0.9889
vn -0.1432 -0.2510 0.9573
vn 0.0910 0.0215 0.9956
vn 0.1209 0.0445 0.9916
vn 0.0921 0.0408 0.9949
vn -0.1724 -0.3020 0.9376
vn 0.0360 -0.0548 0.9978
vn -0.0543 -0.1822 0.9817
vn 0.0115 0.2454 0.9693
vn 0.0013 0.1467 0.9892
vn -0.0046 0.1849 0.9827
vn 0.0050 0.3094 0.9509
vn -0.0057 0.2162 0.9763
vn 0.0034 0.3611 0.9325
vn -0.0046 0.0565 0.9984
vn -0.0107 0.0856 0.9962
vn -0.0121 0.1116 0.9937
vn -0.0125 0.1183 0.9929
vn 0.0489 0.0324 0.9983
vn 0.0559 -0.0225 0.9982
vn -0.0131 0.0799 0.9967
vn 0.0640 -0.0618 0.9960
vn -0.0155 0.0594 0.9981
vn 0.1396 -0.1072 0.9844
vn 0.1569 -0.1698 0.9729
vn 0.1748 -0.2182 0.9601
vn -0.0319 -0.3518 0.9355
vn -0.0227 -0.3565 0.9340
vn -0.0189 -0.1184 0.9928
vn -0.0245 -0.1280 0.9915
vn -0.0126 0.0183 0.9997
vn -0.0151 0.0034 0.9999
vn -0.0169 -0.3659 0.9305
vn -0.0226 -0.1180 0.9927
vn -0.0229 0.0249 0.9994
vn -0.0431 0.0233 0.9988
vn -0.0349 -0.1264 0.9914
vn -0.0170 -0.3798 0.9249
vn -0.0250 0.1562 0.9874
vn -0.0430 0.2340 0.9713
vn -0.0418 0.2246 0.9735
vn -0.0229 0.1354 0.9905
vn -0.0360 0.2020 0.9787
vn -0.0160 0.1012 0.9947
vn -0.0674 0.3070 0.9493
vn -0.0736 0.3252 0.9427
vn -0.0796 0.3403 0.9369
vn -0.0081 0.0628 0.9980
vn -0.0077 0.0420 0.9991
vn -0.0037 0.0128 0.9999
vn 0.0624 0.0365 0.9974
vn 0.0692 0.0489 0.9964
vn 0.0619 0.0358 0.9974
vn 0.0525 0.0097 0.9986
vn 0.0614 0.0278 0.9977
vn 0.0470 -0.0240 0.9986
vn 0.0787 0.1056 0.9913
vn 0.0743 0.1258 0.9893
vn 0.0781 0.1640 0.9833
vn 0.0610 0.0519 0.9968
vn 0.0481 0.0240 0.9985
vn 0.0376 -0.0225 0.9990
vn -0.1651 -0.3743 0.9125
vn -0.1447 -0.3447 0.9275
vn -0.2168 -0.3948 0.8928
vn -0.2235 -0.3875 0.8943
vn -0.2773 -0.4704 0.8377
vn -0.2643 -0.4158 0.8701
vn -0.0851 -0.2334 0.9686
vn -0.1633 -0.3123 0.9358
vn -0.2384 -0.4328 0.8694
vn -0.1465 -0.2839 0.9476
vn -0.0779 -0.1585 0.9843
vn -0.0121 -0.0858 0.9962
vn 0.0923 0.6176 -0.7811
vn -0.0363 0.3459 -0.9376
vn -0.1090 0.3153 -0.9427
vn 0.0093 0.6085 -0.7935
vn -0.1825 0.3023 -0.9356
vn -0.0736 0.5907 -0.8035
vn -0.0918 0.2371 -0.9671
vn -0.1514 0.2120 -0.9655
vn -0.2144 0.2005 -0.9559
vn 0.1832 0.6074 -0.7730
vn -0.1493 0.6703 -0.7269
vn -0.2818 0.3453 -0.8951
vn -0.3110 0.2130 -0.9262
vn -0.0197 0.2670 -0.9635
vn 0.0481 0.3729 -0.9266
vn -0.1949 0.8645 -0.4633
vn -0.4426 0.4979 -0.7457
vn -0.6805 0.7151 -0.1596
vn -0.2640 0.9577 0.1140
vn -0.6350 0.4646 0.6171
vn -0.1379 0.5755 0.8061
vn -0.4834 0.2615 -0.8354
vn -0.8109 0.3594 -0.4617
vn -0.8672 0.2597 0.4248
vn 0.0515 0.1048 0.9931
vn -0.1571 0.0501 0.9863
vn -0.3138 -0.0132 0.9494
vn 0.3431 0.5279 -0.7768
vn 0.2280 0.3933 -0.8907
vn 0.1954 0.3926 -0.8987
vn 0.3196 0.5492 -0.7721
vn 0.1320 0.3874 -0.9124
vn 0.2652 0.5791 -0.7709
vn 0.1627 0.3219 -0.9327
vn 0.1243 0.3115 -0.9421
vn 0.0587 0.2932 -0.9543
vn 0.3287 0.5208 -0.7879
vn 0.1601 0.3269 -0.9314
vn 0.2183 0.3941 -0.8928
vn 0.2039 -0.2011 0.9581
vn 0.1720 -0.1794 0.9686
vn 0.1787 -0.1659 0.9698
vn 0.2253 -0.1799 0.9575
vn 0.1697 -0.1632 0.9719
vn 0.2267 -0.1719 0.9587
vn 0.1265 -0.1057 0.9863
vn 0.0805 -0.1139 0.9902
vn 0.0345 -0.1284 0.9911
vn -0.1290 -0.4057 0.9048
vn -0.0320 -0.2412 0.9699
vn -0.0383 -0.3286 0.9437
vn -0.1581 -0.5405 0.8263
vn -0.0578 -0.3972 0.9159
vn -0.1910 -0.6499 0.7356
vn 0.0168 -0.1611 0.9868
vn 0.0193 -0.2168 0.9760
vn 0.0064 -0.2544 0.9671
vn -0.0962 -0.2589 0.9611
vn -0.2303 -0.7312 0.6421
vn -0.1000 -0.4556 0.8845
vn -0.0305 -0.2842 0.9583
vn 0.0160 -0.0884 0.9959
vn -0.0223 -0.1390 0.9900
vn 0.1634 -0.0909 0.9823
vn 0.1459 -0.0829 0.9858
vn 0.1310 -0.0350 0.9908
vn 0.1471 -0.0524 0.9877
vn 0.1119 0.0148 0.9936
vn 0.1210 -0.0111 0.9926
vn 0.1267 -0.0614 0.9900
vn 0.1129 -0.0136 0.9935
vn 0.0985 0.0321 0.9946
vn 0.0811 0.0184 0.9965
vn 0.0851 0.0521 0.9950
vn 0.0804 0.0629 0.9948
vn 0.1208 -0.0256 0.9923
vn 0.0999 0.0069 0.9950
vn 0.1377 -0.0229 0.9902
vn 0.1671 -0.0684 0.9836
vn 0.1703 -0.0710 0.9828
vn 0.2001 -0.1150 0.9730
vn 0.0940 0.0433 0.9946
vn 0.1161 0.0221 0.9930
vn 0.1392 -0.0252 0.9899
vn -0.0729 -0.0401 0.9965
vn -0.2030 0.0116 0.9791
vn -0.0602 -0.0644 0.9961
vn -0.1808 -0.0374 0.9828
vn -0.4375 0.0731 0.8962
vn -0.3987 -0.0388 0.9162
vn -0.5043 0.3812 0.7748
vn -0.4958 0.7305 0.4696
vn -0.1701 -0.5190 0.8377
vn -0.1011 -0.3226 0.9411
vn -0.2355 -0.3780 0.8954
vn -0.2850 -0.6043 0.7440
vn -0.0475 0.5683 -0.8214
vn -0.1801 0.3991 -0.8990
vn 0.0448 0.4017 -0.9146
vn 0.1654 0.5473 -0.8204
vn 0.1617 0.3971 -0.9034
vn 0.2733 0.5282 -0.8039
vn -0.2262 0.3200 -0.9200
vn -0.0023 0.3291 -0.9443
vn 0.1100 0.3292 -0.9378
vn -0.2186 0.5318 -0.8182
vn -0.3706 0.3036 -0.8777
vn -0.3301 0.3747 -0.8664
vn 0.0361 0.0164 0.9992
vn 0.0558 0.0596 0.9966
vn 0.0276 0.0285 0.9992
vn -0.0081 -0.0303 0.9995
vn -0.0008 -0.0414 0.9991
vn -0.0543 -0.1254 0.9906
vn 0.0613 0.0674 0.9958
vn 0.0431 0.0411 0.9982
vn 0.0258 -0.0144 0.9995
vn -0.1922 -0.0419 -0.9804
vn -0.1884 -0.0920 -0.9778
vn -0.2242 -0.1022 -0.9691
vn -0.2261 -0.0519 -0.9727
vn -0.2634 -0.1160 -0.9577
vn -0.2632 -0.0634 -0.9626
vn -0.1839 -0.1262 -0.9748
vn -0.2236 -0.1362 -0.9651
vn -0.2670 -0.1514 -0.9517
vn -0.1507 -0.0338 -0.9880
vn -0.3233 -0.0767 -0.9432
vn -0.3267 -0.1347 -0.9355
vn -0.3359 -0.1740 -0.9257
vn -0.1362 -0.1209 -0.9832
vn -0.1451 -0.0854 -0.9857
vn -0.4356 -0.0925 -0.8954
vn -0.4437 -0.1603 -0.8817
vn -0.7291 -0.1970 -0.6554
vn -0.7527 -0.1124 -0.6487
vn -0.9045 -0.0952 0.4157
vn -0.8574 -0.0420 0.5129
vn -0.4613 -0.2065 -0.8628
vn -0.7446 -0.2524 -0.6178
vn -0.9058 -0.1423 0.3992
vn 0.0666 0.0686 0.9954
vn 0.0158 0.1204 0.9926
vn -0.0563 0.1315 0.9897
vn -0.0253 -0.0244 -0.9994
vn -0.0147 -0.0869 -0.9961
vn -0.0506 -0.0830 -0.9952
vn -0.0591 -0.0250 -0.9979
vn -0.0961 -0.0825 -0.9919
vn -0.1032 -0.0282 -0.9942
vn 0.0062 -0.1288 -0.9916
vn -0.0334 -0.1228 -0.9919
vn -0.0827 -0.1200 -0.9893
vn -0.0094 -0.0269 -0.9996
vn 0.0293 -0.1378 -0.9900
vn 0.0049 -0.0944 -0.9955
vn 0.3663 -0.0611 0.9285
vn 0.3326 0.0238 0.9427
vn 0.3792 0.1346 0.9154
vn 0.4101 0.0923 0.9073
vn 0.3706 0.1993 0.9071
vn 0.3974 0.1825 0.8993
vn 0.2633 0.0679 0.9623
vn 0.2956 0.1503 0.9434
vn 0.2774 0.1949 0.9408
vn 0.0504 -0.4695 0.8815
vn 0.0307 -0.2495 0.9679
vn 0.0279 -0.2580 0.9657
vn 0.0486 -0.5044 0.8621
vn 0.0185 -0.2587 0.9658
vn 0.0370 -0.5287 0.8480
vn 0.0129 -0.1195 0.9927
vn 0.0090 -0.1253 0.9921
vn 0.0003 -0.1222 0.9925
vn 0.0446 -0.4218 0.9056
vn 0.0198 -0.5492 0.8354
vn 0.0046 -0.2582 0.9661
vn -0.0115 -0.1127 0.9936
vn 0.0119 -0.1041 0.9945
vn 0.0280 -0.2301 0.9727
vn 0.0731 -0.1996 0.9771
vn 0.0645 -0.1023 0.9926
vn 0.0475 -0.1167 0.9920
vn 0.0602 -0.2182 0.9740
vn 0.0362 -0.1276 0.9911
vn 0.0502 -0.2336 0.9710
vn 0.0557 -0.0105 0.9984
vn 0.0354 -0.0183 0.9992
vn 0.0219 -0.0240 0.9995
vn 0.0418 -0.2514 0.9670
vn 0.0281 -0.1385 0.9899
vn 0.0131 -0.0310 0.9994
vn 0.1847 0.2939 0.9378
vn 0.1330 0.2532 0.9582
vn 0.1859 0.1906 0.9639
vn 0.2632 0.2255 0.9380
vn 0.2124 0.1464 0.9661
vn 0.3027 0.1780 0.9363
vn 0.0744 0.2152 0.9737
vn 0.1068 0.1658 0.9803
vn 0.1269 0.1260 0.9839
vn -0.2747 -0.7892 0.5492
vn -0.3246 -0.8240 0.4643
vn -0.3434 -0.9324 0.1128
vn -0.3414 -0.9358 0.0877
vn -0.0705 -0.2293 0.9708
vn -0.2029 -0.2455 0.9479
vn -0.3921 -0.8642 0.3152
vn -0.3534 -0.9314 0.0873
vn -0.4236 -0.6850 0.5928
vn -0.4325 -0.4013 0.8074
vn -0.4059 -0.1592 0.8999
vn -0.3584 -0.9118 -0.2002
vn -0.3500 -0.9232 -0.1586
vn -0.3241 -0.9345 -0.1471
vn -0.3053 -0.9198 -0.2463
vn -0.2410 -0.0526 -0.9691
vn -0.2104 -0.1293 -0.9690
vn -0.0484 -0.1191 -0.9917
vn -0.0747 -0.0431 -0.9962
vn 0.0011 -0.1057 -0.9944
vn -0.0188 -0.0334 -0.9992
vn -0.1778 -0.1712 -0.9690
vn -0.0174 -0.1622 -0.9866
vn 0.0288 -0.1495 -0.9883
vn -0.3579 -0.0563 -0.9320
vn -0.2954 -0.1719 -0.9398
vn -0.3270 -0.1315 -0.9358
vn 0.0363 -0.2778 0.9599
vn 0.0234 -0.1539 0.9878
vn 0.0223 -0.1759 0.9841
vn 0.0351 -0.3167 0.9479
vn 0.0242 -0.2031 0.9788
vn 0.0381 -0.3671 0.9294
vn 0.0085 -0.0428 0.9990
vn 0.0075 -0.0604 0.9981
vn 0.0091 -0.0824 0.9966
vn -0.7221 0.2756 -0.6344
vn -0.9771 0.2126 -0.0013
vn -0.8045 0.5806 -0.1255
vn -0.5601 0.5640 -0.6067
vn -0.5177 0.8053 -0.2888
vn -0.3808 0.7427 -0.5507
vn -0.7733 0.1445 0.6173
vn -0.7369 0.5300 0.4195
vn -0.5684 0.8160 0.1051
vn -0.5072 0.1409 -0.8502
vn -0.7756 0.0598 -0.6283
vn -0.4673 0.3152 -0.8260
vn -0.3864 0.5646 -0.7293
vn -0.3027 0.7288 -0.6141
vn -0.7219 -0.0793 0.6875
vn -0.9951 -0.0646 0.0738
vn -0.7959 0.1622 -0.5832
vn -0.8762 0.4751 0.0807
vn -0.3546 0.9055 0.2332
vn -0.6249 0.6060 -0.4922
vn -0.0217 0.9427 0.3329
vn -0.3789 0.9215 -0.0847
vn -0.5268 0.5088 0.6809
vn -0.1389 0.8490 0.5098
vn 0.0239 0.9291 0.3690
vn -0.4323 -0.4160 -0.8000
vn -0.7194 -0.3095 -0.6218
vn -0.4624 -0.3085 -0.8312
vn -0.6199 0.2205 -0.7530
vn -0.2077 0.9310 0.3001
vn 0.0117 0.8979 0.4400
vn 0.0216 0.7917 0.6105
vn 0.0613 0.9327 0.3553
vn 0.0715 0.9435 0.3235
vn 0.0315 0.8800 0.4738
vn 0.0752 0.9312 0.3566
vn -0.0967 0.6847 0.7224
vn -0.3159 0.2636 0.9114
vn -0.7143 0.0071 0.6998
vn -0.9958 -0.0450 0.0797
vn -0.3432 -0.8783 -0.3327
vn -0.4180 -0.9001 -0.1232
vn -0.6211 -0.7826 -0.0429
vn -0.4634 -0.7729 -0.4334
vn -0.8945 -0.4439 0.0531
vn -0.6348 -0.5413 -0.5513
vn -0.4288 -0.8963 0.1126
vn -0.5598 -0.7481 0.3562
vn -0.7028 -0.4055 0.5844
vn -0.2633 -0.8979 -0.3529
vn -0.2868 -0.9073 -0.3076
vn -0.2934 -0.8787 -0.3765
vn -0.3480 -0.7797 -0.5205
vn -0.4068 -0.5752 -0.7097
vn -0.3528 -0.9340 -0.0563
vn -0.3252 -0.9253 -0.1950
vn -0.5150 -0.8562 -0.0403
vn -0.2650 -0.8796 0.3951
vn -0.6470 -0.7066 0.2865
vn -0.7295 -0.5770 -0.3672
vn -0.9253 -0.3467 0.1537
vn -0.8151 -0.1995 -0.5438
vn -0.2078 -0.8193 0.5343
vn -0.4414 -0.6100 0.6580
vn -0.6547 -0.2907 0.6977
vn -0.0634 -0.7335 0.6767
vn -0.1309 -0.8841 0.4486
vn -0.4334 -0.8796 0.1961
vn -0.6501 -0.3249 -0.6868
vn -0.5462 0.0147 -0.8375
vn -0.3744 -0.1692 0.9117
vn -0.2834 -0.4556 0.8438
vn -0.1614 -0.7191 0.6758
vn -0.0776 -0.9046 0.4190
vn -0.0749 -0.8607 0.5036
vn -0.0702 -0.9124 0.4031
vn -0.0332 -0.2685 0.9627
vn -0.0509 -0.0998 0.9937
vn -0.1688 -0.1043 0.9801
vn -0.1345 -0.3266 0.9355
vn -0.0128 -0.5773 0.8164
vn -0.0776 -0.6234 0.7780
vn 0.0032 -0.8493 0.5278
vn -0.0329 -0.8561 0.5158
vn 0.0187 0.2352 0.9717
vn 0.0749 0.6386 0.7659
vn 0.0502 0.7644 0.6428
vn -0.0449 0.4517 0.8910
vn -0.0390 -0.0937 0.9948
vn -0.1602 0.0009 0.9871
vn 0.0964 0.8682 0.4868
vn 0.0847 0.9089 0.4082
vn 0.0250 -0.9547 0.2965
vn 0.0144 -0.9496 0.3132
vn -0.0108 -0.9369 0.3494
vn 0.0031 -0.9336 0.3582
vn 0.0299 -0.8965 0.4419
vn 0.0136 -0.8713 0.4906
vn 0.0132 -0.7040 0.7101
vn 0.0027 -0.6835 0.7299
vn 0.0730 0.8824 0.4647
vn 0.0841 0.9311 0.3550
vn 0.0901 0.9309 0.3540
vn 0.0759 0.8831 0.4630
vn 0.0895 0.9432 0.3198
vn 0.0960 0.9335 0.3454
vn 0.0434 0.7633 0.6446
vn 0.0420 0.7579 0.6510
vn 0.0772 0.8758 0.4764
vn 0.0916 0.9263 0.3654
vn 0.1015 0.9195 0.3798
vn -0.0476 -0.1441 0.9884
vn -0.0204 -0.3955 0.9182
vn -0.0254 -0.3961 0.9178
vn -0.0523 -0.1622 0.9854
vn 0.0755 0.8626 0.5002
vn 0.0898 0.9157 0.3917
vn 0.0827 0.8959 0.4364
vn 0.0665 0.8415 0.5361
vn 0.0728 0.8603 0.5045
vn 0.0535 0.8077 0.5871
vn 0.1058 0.8995 0.4239
vn 0.1050 0.8676 0.4860
vn 0.0983 0.8148 0.5714
vn -0.0621 0.0115 0.9980
vn -0.0725 -0.0076 0.9973
vn -0.0817 0.1021 0.9914
vn -0.0669 0.1125 0.9914
vn -0.0748 -0.0190 0.9970
vn -0.0868 0.0927 0.9919
vn -0.0523 -0.1648 0.9849
vn -0.0290 -0.3845 0.9226
vn -0.0430 0.3591 0.9323
vn -0.0620 0.2135 0.9749
vn -0.0762 0.2162 0.9734
vn -0.0501 0.3733 0.9264
vn -0.0054 0.5563 0.8309
vn -0.0053 0.5706 0.8212
vn -0.0015 0.5633 0.8262
vn -0.0506 0.3680 0.9284
vn -0.0809 0.2115 0.9740
usemtl BowtieMat
s 1
f 2098/1273/1227 2101/1274/1228 2100/1275/1229 2097/1276/1230
f 1809/1277/1231 1810/1278/1232 1813/1279/1233 1812/1280/1234
f 1810/1278/1232 1811/1281/1235 1814/1282/1236 1813/1279/1233
f 1812/1280/1234 1813/1279/1233 1816/1283/1237 1815/1284/1238
f 1813/1279/1233 1814/1282/1236 1817/1285/1239 1816/1283/1237
f 1299/1286/1240 1591/1287/1241 1809/1277/1231 1380/1288/1242
f 1591/1287/1241 1590/1289/1243 1810/1278/1232 1809/1277/1231
f 1590/1289/1243 1589/1290/1244 1811/1281/1235 1810/1278/1232
f 1589/1290/1244 1296/1291/1245 1371/1292/1246 1811/1281/1235
f 1811/1281/1235 1371/1292/1246 1372/1293/1247 1814/1282/1236
f 1814/1282/1236 1372/1293/1247 1373/1294/1248 1817/1285/1239
f 1817/1285/1239 1373/1294/1248 1264/1295/1249 1233/1296/1250
f 1816/1283/1237 1817/1285/1239 1233/1296/1250 1344/1297/1251
f 1815/1284/1238 1816/1283/1237 1344/1297/1251 1234/1298/1252
f 1382/1299/1253 1815/1284/1238 1234/1298/1252 1261/1300/1254
f 1381/1301/1255 1812/1280/1234 1815/1284/1238 1382/1299/1253
f 1380/1288/1242 1809/1277/1231 1812/1280/1234 1381/1301/1255
f 1818/1302/1256 1819/1303/1257 1822/1304/1258 1821/1305/1259
f 1819/1303/1257 1820/1306/1260 1823/1307/1261 1822/1304/1258
f 1821/1305/1259 1822/1304/1258 1825/1308/1262 1824/1309/1263
f 1822/1304/1258 1823/1307/1261 1826/1310/1264 1825/1308/1262
f 1323/1311/1265 1716/1312/1266 1818/1302/1256 1386/1313/1267
f 1716/1312/1266 1715/1314/1268 1819/1303/1257 1818/1302/1256
f 1715/1314/1268 1714/1315/1269 1820/1306/1260 1819/1303/1257
f 1714/1315/1269 1321/1316/1270 1348/1317/1271 1820/1306/1260
f 1820/1306/1260 1348/1317/1271 1349/1318/1272 1823/1307/1261
f 1823/1307/1261 1349/1318/1272 1350/1319/1273 1826/1310/1264
f 1826/1310/1264 1350/1319/1273 1262/1320/1274 1365/1321/1275
f 1825/1308/1262 1826/1310/1264 1365/1321/1275 1364/1322/1276
f 1824/1309/1263 1825/1308/1262 1364/1322/1276 1363/1323/1277
f 1388/1324/1278 1824/1309/1263 1363/1323/1277 1269/1325/1279
f 1387/1326/1280 1821/1305/1259 1824/1309/1263 1388/1324/1278
f 1386/1313/1267 1818/1302/1256 1821/1305/1259 1387/1326/1280
f 1827/1327/1281 1828/1328/1282 1831/1329/1283 1830/1330/1284
f 1828/1328/1282 1829/1331/1285 1832/1332/1286 1831/1329/1283
f 1830/1330/1284 1831/1329/1283 1834/1333/1287 1833/1334/1288
f 1831/1329/1283 1832/1332/1286 1835/1335/1289 1834/1333/1287
f 1321/1336/1270 1719/1337/1290 1827/1327/1281 1348/1338/1271
f 1719/1337/1290 1718/1339/1291 1828/1328/1282 1827/1327/1281
f 1718/1339/1291 1717/1340/1292 1829/1331/1285 1828/1328/1282
f 1717/1340/1292 1322/1341/1293 1354/1342/1294 1829/1331/1285
f 1829/1331/1285 1354/1342/1294 1355/1343/1295 1832/1332/1286
f 1832/1332/1286 1355/1343/1295 1356/1344/1296 1835/1335/1289
f 1835/1335/1289 1356/1344/1296 1263/1345/1297 1357/1346/1298
f 1834/1333/1287 1835/1335/1289 1357/1346/1298 1358/1347/1299
f 1833/1334/1288 1834/1333/1287 1358/1347/1299 1359/1348/1300
f 1350/1349/1273 1833/1334/1288 1359/1348/1300 1262/1350/1274
f 1349/1351/1272 1830/1330/1284 1833/1334/1288 1350/1349/1273
f 1348/1338/1271 1827/1327/1281 1830/1330/1284 1349/1351/1272
f 1836/1352/1301 1837/1353/1302 1840/1354/1303 1839/1355/1304
f 1837/1353/1302 1838/1356/1305 1841/1357/1306 1840/1354/1303
f 1839/1355/1304 1840/1354/1303 1843/1358/1307 1842/1359/1308
f 1840/1354/1303 1841/1357/1306 1844/1360/1309 1843/1358/1307
f 1266/1361/1310 1353/1362/1311 1836/1352/1301 1368/1363/1312
f 1353/1362/1311 1352/1364/1313 1837/1353/1302 1836/1352/1301
f 1352/1364/1313 1351/1365/1314 1838/1356/1305 1837/1353/1302
f 1351/1365/1314 1265/1366/1315 1347/1367/1316 1838/1356/1305
f 1838/1356/1305 1347/1367/1316 1346/1368/1317 1841/1357/1306
f 1841/1357/1306 1346/1368/1317 1345/1369/1318 1844/1360/1309
f 1844/1360/1309 1345/1369/1318 1267/1370/1319 1383/1371/1320
f 1843/1358/1307 1844/1360/1309 1383/1371/1320 1384/1372/1321
f 1842/1359/1308 1843/1358/1307 1384/1372/1321 1385/1373/1322
f 1366/1374/1323 1842/1359/1308 1385/1373/1322 1270/1375/1324
f 1367/1376/1325 1839/1355/1304 1842/1359/1308 1366/1374/1323
f 1368/1363/1312 1836/1352/1301 1839/1355/1304 1367/1376/1325
f 1845/1377/1326 1846/1378/1327 1849/1379/1328 1848/1380/1329
f 1846/1378/1327 1847/1381/1330 1850/1382/1331 1849/1379/1328
f 1848/1380/1329 1849/1379/1328 1852/1383/1332 1851/1384/1333
f 1849/1379/1328 1850/1382/1331 1853/1385/1334 1852/1383/1332
f 1268/1386/1335 1391/1387/1336 1845/1377/1326 1360/1388/1337
f 1391/1387/1336 1390/1389/1338 1846/1378/1327 1845/1377/1326
f 1390/1389/1338 1389/1390/1339 1847/1381/1330 1846/1378/1327
f 1389/1390/1339 1269/1391/1279 1363/1392/1277 1847/1381/1330
f 1847/1381/1330 1363/1392/1277 1364/1393/1276 1850/1382/1331
f 1850/1382/1331 1364/1393/1276 1365/1394/1275 1853/1385/1334
f 1853/1385/1334 1365/1394/1275 1262/1395/1274 1359/1396/1300
f 1852/1383/1332 1853/1385/1334 1359/1396/1300 1358/1397/1299
f 1851/1384/1333 1852/1383/1332 1358/1397/1299 1357/1398/1298
f 1362/1399/1340 1851/1384/1333 1357/1398/1298 1263/1400/1297
f 1361/1401/1341 1848/1380/1329 1851/1384/1333 1362/1399/1340
f 1360/1388/1337 1845/1377/1326 1848/1380/1329 1361/1401/1341
f 1854/1402/1342 1855/1403/1343 1858/1404/1344 1857/1405/1345
f 1855/1403/1343 1856/1406/1346 1859/1407/1347 1858/1404/1344
f 1857/1405/1345 1858/1404/1344 1861/1408/1348 1860/1409/1349
f 1858/1404/1344 1859/1407/1347 1862/1410/1350 1861/1408/1348
f 1282/1411/1351 1456/1412/1352 1854/1402/1342 1530/1413/1353
f 1456/1412/1352 1457/1414/1354 1855/1403/1343 1854/1402/1342
f 1457/1414/1354 1458/1415/1355 1856/1406/1346 1855/1403/1343
f 1458/1415/1355 1281/1416/1356 1533/1417/1357 1856/1406/1346
f 1856/1406/1346 1533/1417/1357 1534/1418/1358 1859/1407/1347
f 1859/1407/1347 1534/1418/1358 1535/1419/1359 1862/1410/1350
f 1862/1410/1350 1535/1419/1359 1294/1420/1360 1514/1421/1361
f 1861/1408/1348 1862/1410/1350 1514/1421/1361 1513/1422/1362
f 1860/1409/1349 1861/1408/1348 1513/1422/1362 1512/1423/1363
f 1532/1424/1364 1860/1409/1349 1512/1423/1363 1295/1425/1365
f 1531/1426/1366 1857/1405/1345 1860/1409/1349 1532/1424/1364
f 1530/1413/1353 1854/1402/1342 1857/1405/1345 1531/1426/1366
f 1863/1427/1367 1864/1428/1368 1867/1429/1369 1866/1430/1370
f 1864/1428/1368 1865/1431/1371 1868/1432/1372 1867/1429/1369
f 1866/1430/1370 1867/1429/1369 1870/1433/1373 1869/1434/1374
f 1867/1429/1369 1868/1432/1372 1871/1435/1375 1870/1433/1373
f 1328/1436/1376 1722/1437/1377 1863/1427/1367 1592/1438/1378
f 1722/1437/1377 1721/1439/1379 1864/1428/1368 1863/1427/1367
f 1721/1439/1379 1720/1440/1380 1865/1431/1371 1864/1428/1368
f 1720/1440/1380 1323/1311/1265 1386/1313/1267 1865/1431/1371
f 1865/1431/1371 1386/1313/1267 1387/1326/1280 1868/1432/1372
f 1868/1432/1372 1387/1326/1280 1388/1324/1278 1871/1435/1375
f 1871/1435/1375 1388/1324/1278 1269/1325/1279 1561/1441/1381
f 1870/1433/1373 1871/1435/1375 1561/1441/1381 1560/1442/1382
f 1869/1434/1374 1870/1433/1373 1560/1442/1382 1559/1443/1383
f 1594/1444/1384 1869/1434/1374 1559/1443/1383 1298/1445/1385
f 1593/1446/1386 1866/1430/1370 1869/1434/1374 1594/1444/1384
f 1592/1438/1378 1863/1427/1367 1866/1430/1370 1593/1446/1386
f 1872/1447/1387 1873/1448/1388 1876/1449/1389 1875/1450/1390
f 1873/1448/1388 1874/1451/1391 1877/1452/1392 1876/1449/1389
f 1875/1450/1390 1876/1449/1389 1879/1453/1393 1878/1454/1394
f 1876/1449/1389 1877/1452/1392 1880/1455/1395 1879/1453/1393
f 1297/1456/1396 1597/1457/1397 1872/1447/1387 1556/1458/1398
f 1597/1457/1397 1596/1459/1399 1873/1448/1388 1872/1447/1387
f 1596/1459/1399 1595/1460/1400 1874/1451/1391 1873/1448/1388
f 1595/1460/1400 1298/1461/1385 1559/1462/1383 1874/1451/1391
f 1874/1451/1391 1559/1462/1383 1560/1463/1382 1877/1452/1392
f 1877/1452/1392 1560/1463/1382 1561/1464/1381 1880/1455/1395
f 1880/1455/1395 1561/1464/1381 1269/1391/1279 1389/1390/1339
f 1879/1453/1393 1880/1455/1395 1389/1390/1339 1390/1389/1338
f 1878/1454/1394 1879/1453/1393 1390/1389/1338 1391/1387/1336
f 1558/1465/1401 1878/1454/1394 1391/1387/1336 1268/1386/1335
f 1557/1466/1402 1875/1450/1390 1878/1454/1394 1558/1465/1401
f 1556/1458/1398 1872/1447/1387 1875/1450/1390 1557/1466/1402
f 1881/1467/1403 1882/1468/1404 1885/1469/1405 1884/1470/1406
f 1882/1468/1404 1883/1471/1407 1886/1472/1408 1885/1469/1405
f 1884/1470/1406 1885/1469/1405 1888/1473/1409 1887/1474/1410
f 1885/1469/1405 1886/1472/1408 1889/1475/1411 1888/1473/1409
f 1304/1476/1412 1571/1477/1413 1881/1467/1403 1598/1478/1414
f 1571/1477/1413 1572/1479/1415 1882/1468/1404 1881/1467/1403
f 1572/1479/1415 1573/1480/1416 1883/1471/1407 1882/1468/1404
f 1573/1480/1416 1282/1411/1351 1530/1413/1353 1883/1471/1407
f 1883/1471/1407 1530/1413/1353 1531/1426/1366 1886/1472/1408
f 1886/1472/1408 1531/1426/1366 1532/1424/1364 1889/1475/1411
f 1889/1475/1411 1532/1424/1364 1295/1425/1365 1585/1481/1417
f 1888/1473/1409 1889/1475/1411 1585/1481/1417 1584/1482/1418
f 1887/1474/1410 1888/1473/1409 1584/1482/1418 1583/1483/1419
f 1600/1484/1420 1887/1474/1410 1583/1483/1419 1308/1485/1421
f 1599/1486/1422 1884/1470/1406 1887/1474/1410 1600/1484/1420
f 1598/1478/1414 1881/1467/1403 1884/1470/1406 1599/1486/1422
f 1890/1487/1423 1891/1488/1424 1894/1489/1425 1893/1490/1426
f 1891/1488/1424 1892/1491/1427 1895/1492/1428 1894/1489/1425
f 1893/1490/1426 1894/1489/1425 1897/1493/1429 1896/1494/1430
f 1894/1489/1425 1895/1492/1428 1898/1495/1431 1897/1493/1429
f 1313/1496/1432 1660/1497/1433 1890/1487/1423 1637/1498/1434
f 1660/1497/1433 1659/1499/1435 1891/1488/1424 1890/1487/1423
f 1659/1499/1435 1658/1500/1436 1892/1491/1427 1891/1488/1424
f 1658/1500/1436 1311/1501/1437 1631/1502/1438 1892/1491/1427
f 1892/1491/1427 1631/1502/1438 1632/1503/1439 1895/1492/1428
f 1895/1492/1428 1632/1503/1439 1633/1504/1440 1898/1495/1431
f 1898/1495/1431 1633/1504/1440 1271/1505/1441 1409/1506/1442
f 1897/1493/1429 1898/1495/1431 1409/1506/1442 1410/1507/1443
f 1896/1494/1430 1897/1493/1429 1410/1507/1443 1411/1508/1444
f 1639/1509/1445 1896/1494/1430 1411/1508/1444 1273/1510/1446
f 1638/1511/1447 1893/1490/1426 1896/1494/1430 1639/1509/1445
f 1637/1498/1434 1890/1487/1423 1893/1490/1426 1638/1511/1447
f 1899/1512/1448 1900/1513/1449 1903/1514/1450 1902/1515/1451
f 1900/1513/1449 1901/1516/1452 1904/1517/1453 1903/1514/1450
f 1902/1515/1451 1903/1514/1450 1906/1518/1454 1905/1519/1455
f 1903/1514/1450 1904/1517/1453 1907/1520/1456 1906/1518/1454
f 1311/1521/1437 1663/1522/1457 1899/1512/1448 1631/1523/1438
f 1663/1522/1457 1662/1524/1458 1900/1513/1449 1899/1512/1448
f 1662/1524/1458 1661/1525/1459 1901/1516/1452 1900/1513/1449
f 1661/1525/1459 1312/1526/1460 1634/1527/1461 1901/1516/1452
f 1901/1516/1452 1634/1527/1461 1635/1528/1462 1904/1517/1453
f 1904/1517/1453 1635/1528/1462 1636/1529/1463 1907/1520/1456
f 1907/1520/1456 1636/1529/1463 1272/1530/1464 1412/1531/1465
f 1906/1518/1454 1907/1520/1456 1412/1531/1465 1413/1532/1466
f 1905/1519/1455 1906/1518/1454 1413/1532/1466 1414/1533/1467
f 1633/1534/1440 1905/1519/1455 1414/1533/1467 1271/1535/1441
f 1632/1536/1439 1902/1515/1451 1905/1519/1455 1633/1534/1440
f 1631/1523/1438 1899/1512/1448 1902/1515/1451 1632/1536/1439
f 1908/1537/1468 1909/1538/1469 1912/1539/1470 1911/1540/1471
f 1909/1538/1469 1910/1541/1472 1913/1542/1473 1912/1539/1470
f 1911/1540/1471 1912/1539/1470 1915/1543/1474 1914/1544/1475
f 1912/1539/1470 1913/1542/1473 1916/1545/1476 1915/1543/1474
f 1305/1546/1477 1801/1547/1478 1908/1537/1468 1601/1548/1479
f 1801/1547/1478 1802/1549/1480 1909/1538/1469 1908/1537/1468
f 1802/1549/1480 1803/1550/1481 1910/1541/1472 1909/1538/1469
f 1803/1550/1481 1341/1551/1482 1524/1552/1483 1910/1541/1472
f 1910/1541/1472 1524/1552/1483 1525/1553/1484 1913/1542/1473
f 1913/1542/1473 1525/1553/1484 1526/1554/1485 1916/1545/1476
f 1916/1545/1476 1526/1554/1485 1291/1555/1486 1588/1556/1487
f 1915/1543/1474 1916/1545/1476 1588/1556/1487 1587/1557/1488
f 1914/1544/1475 1915/1543/1474 1587/1557/1488 1586/1558/1489
f 1603/1559/1490 1914/1544/1475 1586/1558/1489 1309/1560/1491
f 1602/1561/1492 1911/1540/1471 1914/1544/1475 1603/1559/1490
f 1601/1548/1479 1908/1537/1468 1911/1540/1471 1602/1561/1492
f 1917/1562/1493 1918/1563/1494 1921/1564/1495 1920/1565/1496
f 1918/1563/1494 1919/1566/1497 1922/1567/1498 1921/1564/1495
f 1920/1565/1496 1921/1564/1495 1924/1568/1499 1923/1569/1500
f 1921/1564/1495 1922/1567/1498 1925/1570/1501 1924/1568/1499
f 1318/1571/1502 1666/1572/1503 1917/1562/1493 1604/1573/1504
f 1666/1572/1503 1665/1574/1505 1918/1563/1494 1917/1562/1493
f 1665/1574/1505 1664/1575/1506 1919/1566/1497 1918/1563/1494
f 1664/1575/1506 1313/1496/1432 1637/1498/1434 1919/1566/1497
f 1919/1566/1497 1637/1498/1434 1638/1511/1447 1922/1567/1498
f 1922/1567/1498 1638/1511/1447 1639/1509/1445 1925/1570/1501
f 1925/1570/1501 1639/1509/1445 1273/1510/1446 1567/1576/1507
f 1924/1568/1499 1925/1570/1501 1567/1576/1507 1566/1577/1508
f 1923/1569/1500 1924/1568/1499 1566/1577/1508 1565/1578/1509
f 1606/1579/1510 1923/1569/1500 1565/1578/1509 1301/1580/1511
f 1605/1581/1512 1920/1565/1496 1923/1569/1500 1606/1579/1510
f 1604/1573/1504 1917/1562/1493 1920/1565/1496 1605/1581/1512
f 1926/1582/1513 1927/1583/1514 1930/1584/1515 1929/1585/1516
f 1927/1583/1514 1928/1586/1517 1931/1587/1518 1930/1584/1515
f 1929/1585/1516 1930/1584/1515 1933/1588/1519 1932/1589/1520
f 1930/1584/1515 1931/1587/1518 1934/1590/1521 1933/1588/1519
f 1280/1591/1522 1467/1592/1523 1926/1582/1513 1408/1593/1524
f 1467/1592/1523 1466/1594/1525 1927/1583/1514 1926/1582/1513
f 1466/1594/1525 1465/1595/1526 1928/1586/1517 1927/1583/1514
f 1465/1595/1526 1274/1596/1527 1392/1597/1528 1928/1586/1517
f 1928/1586/1517 1392/1597/1528 1393/1598/1529 1931/1587/1518
f 1931/1587/1518 1393/1598/1529 1394/1599/1530 1934/1590/1521
f 1934/1590/1521 1394/1599/1530 1284/1600/1531 1521/1601/1532
f 1933/1588/1519 1934/1590/1521 1521/1601/1532 1522/1602/1533
f 1932/1589/1520 1933/1588/1519 1522/1602/1533 1523/1603/1534
f 1406/1604/1535 1932/1589/1520 1523/1603/1534 1293/1605/1536
f 1407/1606/1537 1929/1585/1516 1932/1589/1520 1406/1604/1535
f 1408/1593/1524 1926/1582/1513 1929/1585/1516 1407/1606/1537
f 1935/1607/1538 1936/1608/1539 1939/1609/1540 1938/1610/1541
f 1936/1608/1539 1937/1611/1542 1940/1612/1543 1939/1609/1540
f 1938/1610/1541 1939/1609/1540 1942/1613/1544 1941/1614/1545
f 1939/1609/1540 1940/1612/1543 1943/1615/1546 1942/1613/1544
f 1275/1616/1547 1424/1617/1548 1935/1607/1538 1441/1618/1549
f 1424/1617/1548 1425/1619/1550 1936/1608/1539 1935/1607/1538
f 1425/1619/1550 1426/1620/1551 1937/1611/1542 1936/1608/1539
f 1426/1620/1551 1276/1621/1552 1442/1622/1553 1937/1611/1542
f 1937/1611/1542 1442/1622/1553 1443/1623/1554 1940/1612/1543
f 1940/1612/1543 1443/1623/1554 1444/1624/1555 1943/1615/1546
f 1943/1615/1546 1444/1624/1555 1266/1361/1310 1368/1363/1312
f 1942/1613/1544 1943/1615/1546 1368/1363/1312 1367/1376/1325
f 1941/1614/1545 1942/1613/1544 1367/1376/1325 1366/1374/1323
f 1439/1625/1556 1941/1614/1545 1366/1374/1323 1270/1375/1324
f 1440/1626/1557 1938/1610/1541 1941/1614/1545 1439/1625/1556
f 1441/1618/1549 1935/1607/1538 1938/1610/1541 1440/1626/1557
f 1944/1627/1558 1945/1628/1559 1948/1629/1560 1947/1630/1561
f 1945/1628/1559 1946/1631/1562 1949/1632/1563 1948/1629/1560
f 1947/1630/1561 1948/1629/1560 1951/1633/1564 1950/1634/1565
f 1948/1629/1560 1949/1632/1563 1952/1635/1566 1951/1633/1564
f 1302/1636/1567 1568/1637/1568 1944/1627/1558 1607/1638/1569
f 1568/1637/1568 1569/1639/1570 1945/1628/1559 1944/1627/1558
f 1569/1639/1570 1570/1640/1571 1946/1631/1562 1945/1628/1559
f 1570/1640/1571 1275/1616/1547 1441/1618/1549 1946/1631/1562
f 1946/1631/1562 1441/1618/1549 1440/1626/1557 1949/1632/1563
f 1949/1632/1563 1440/1626/1557 1439/1625/1556 1952/1635/1566
f 1952/1635/1566 1439/1625/1556 1270/1375/1324 1564/1641/1572
f 1951/1633/1564 1952/1635/1566 1564/1641/1572 1563/1642/1573
f 1950/1634/1565 1951/1633/1564 1563/1642/1573 1562/1643/1574
f 1609/1644/1575 1950/1634/1565 1562/1643/1574 1299/1286/1240
f 1608/1645/1576 1947/1630/1561 1950/1634/1565 1609/1644/1575
f 1607/1638/1569 1944/1627/1558 1947/1630/1561 1608/1645/1576
f 1953/1646/1577 1954/1647/1578 1957/1648/1579 1956/1649/1580
f 1954/1647/1578 1955/1650/1581 1958/1651/1582 1957/1648/1579
f 1956/1649/1580 1957/1648/1579 1960/1652/1583 1959/1653/1584
f 1957/1648/1579 1958/1651/1582 1961/1654/1585 1960/1652/1583
f 1314/1655/1586 1640/1656/1587 1953/1646/1577 1667/1657/1588
f 1640/1656/1587 1641/1658/1589 1954/1647/1578 1953/1646/1577
f 1641/1658/1589 1642/1659/1590 1955/1650/1581 1954/1647/1578
f 1642/1659/1590 1278/1660/1591 1447/1661/1592 1955/1650/1581
f 1955/1650/1581 1447/1661/1592 1448/1662/1593 1958/1651/1582
f 1958/1651/1582 1448/1662/1593 1449/1663/1594 1961/1654/1585
f 1961/1654/1585 1449/1663/1594 1272/1530/1464 1636/1529/1463
f 1960/1652/1583 1961/1654/1585 1636/1529/1463 1635/1528/1462
f 1959/1653/1584 1960/1652/1583 1635/1528/1462 1634/1527/1461
f 1669/1664/1595 1959/1653/1584 1634/1527/1461 1312/1526/1460
f 1668/1665/1596 1956/1649/1580 1959/1653/1584 1669/1664/1595
f 1667/1657/1588 1953/1646/1577 1956/1649/1580 1668/1665/1596
f 1962/1666/1597 1963/1667/1598 1966/1668/1599 1965/1669/1600
f 1963/1667/1598 1964/1670/1601 1967/1671/1602 1966/1668/1599
f 1965/1669/1600 1966/1668/1599 1969/1672/1603 1968/1673/1604
f 1966/1668/1599 1967/1671/1602 1970/1674/1605 1969/1672/1603
f 1300/1675/1606 1612/1676/1607 1962/1666/1597 1796/1677/1608
f 1612/1676/1607 1611/1678/1609 1963/1667/1598 1962/1666/1597
f 1611/1678/1609 1610/1679/1610 1964/1670/1601 1963/1667/1598
f 1610/1679/1610 1303/1680/1611 1795/1681/1612 1964/1670/1601
f 1964/1670/1601 1795/1681/1612 1794/1682/1613 1967/1671/1602
f 1967/1671/1602 1794/1682/1613 1793/1683/1614 1970/1674/1605
f 1970/1674/1605 1793/1683/1614 1340/1684/1615 1804/1685/1616
f 1969/1672/1603 1970/1674/1605 1804/1685/1616 1805/1686/1617
f 1968/1673/1604 1969/1672/1603 1805/1686/1617 1806/1687/1618
f 1798/1688/1619 1968/1673/1604 1806/1687/1618 1342/1689/1620
f 1797/1690/1621 1965/1669/1600 1968/1673/1604 1798/1688/1619
f 1796/1677/1608 1962/1666/1597 1965/1669/1600 1797/1690/1621
f 1971/1691/1622 1972/1692/1623 1975/1693/1624 1974/1694/1625
f 1972/1692/1623 1973/1695/1626 1976/1696/1627 1975/1693/1624
f 1974/1694/1625 1975/1693/1624 1978/1697/1628 1977/1698/1629
f 1975/1693/1624 1976/1696/1627 1979/1699/1630 1978/1697/1628
f 1278/1660/1591 1438/1700/1631 1971/1691/1622 1447/1661/1592
f 1438/1700/1631 1437/1701/1632 1972/1692/1623 1971/1691/1622
f 1437/1701/1632 1436/1702/1633 1973/1695/1626 1972/1692/1623
f 1436/1702/1633 1279/1703/1634 1452/1704/1635 1973/1695/1626
f 1973/1695/1626 1452/1704/1635 1451/1705/1636 1976/1696/1627
f 1976/1696/1627 1451/1705/1636 1450/1706/1637 1979/1699/1630
f 1979/1699/1630 1450/1706/1637 1283/1707/1638 1421/1708/1639
f 1978/1697/1628 1979/1699/1630 1421/1708/1639 1422/1709/1640
f 1977/1698/1629 1978/1697/1628 1422/1709/1640 1423/1710/1641
f 1449/1663/1594 1977/1698/1629 1423/1710/1641 1272/1530/1464
f 1448/1662/1593 1974/1694/1625 1977/1698/1629 1449/1663/1594
f 1447/1661/1592 1971/1691/1622 1974/1694/1625 1448/1662/1593
f 1980/1711/1642 1981/1712/1643 1984/1713/1644 1983/1714/1645
f 1981/1712/1643 1982/1715/1646 1985/1716/1647 1984/1713/1644
f 1983/1714/1645 1984/1713/1644 1987/1717/1648 1986/1718/1649
f 1984/1713/1644 1985/1716/1647 1988/1719/1650 1987/1717/1648
f 1324/1720/1651 1453/1721/1652 1980/1711/1642 1723/1722/1653
f 1453/1721/1652 1454/1723/1654 1981/1712/1643 1980/1711/1642
f 1454/1723/1654 1455/1724/1655 1982/1715/1646 1981/1712/1643
f 1455/1724/1655 1281/1725/1356 1473/1726/1656 1982/1715/1646
f 1982/1715/1646 1473/1726/1656 1474/1727/1657 1985/1716/1647
f 1985/1716/1647 1474/1727/1657 1475/1728/1658 1988/1719/1650
f 1988/1719/1650 1475/1728/1658 1263/1345/1297 1356/1344/1296
f 1987/1717/1648 1988/1719/1650 1356/1344/1296 1355/1343/1295
f 1986/1718/1649 1987/1717/1648 1355/1343/1295 1354/1342/1294
f 1725/1729/1659 1986/1718/1649 1354/1342/1294 1322/1341/1293
f 1724/1730/1660 1983/1714/1645 1986/1718/1649 1725/1729/1659
f 1723/1722/1653 1980/1711/1642 1983/1714/1645 1724/1730/1660
f 1989/1731/1661 1990/1732/1662 1993/1733/1663 1992/1734/1664
f 1990/1732/1662 1991/1735/1665 1994/1736/1666 1993/1733/1663
f 1992/1734/1664 1993/1733/1663 1996/1737/1667 1995/1738/1668
f 1993/1733/1663 1994/1736/1666 1997/1739/1669 1996/1737/1667
f 1281/1416/1356 1458/1415/1355 1989/1731/1661 1473/1740/1656
f 1458/1415/1355 1457/1414/1354 1990/1732/1662 1989/1731/1661
f 1457/1414/1354 1456/1412/1352 1991/1735/1665 1990/1732/1662
f 1456/1412/1352 1282/1411/1351 1476/1741/1670 1991/1735/1665
f 1991/1735/1665 1476/1741/1670 1477/1742/1671 1994/1736/1666
f 1994/1736/1666 1477/1742/1671 1478/1743/1672 1997/1739/1669
f 1997/1739/1669 1478/1743/1672 1268/1386/1335 1360/1388/1337
f 1996/1737/1667 1997/1739/1669 1360/1388/1337 1361/1401/1341
f 1995/1738/1668 1996/1737/1667 1361/1401/1341 1362/1399/1340
f 1475/1744/1658 1995/1738/1668 1362/1399/1340 1263/1400/1297
f 1474/1745/1657 1992/1734/1664 1995/1738/1668 1475/1744/1658
f 1473/1740/1656 1989/1731/1661 1992/1734/1664 1474/1745/1657
f 1998/1746/1673 1999/1747/1674 2002/1748/1675 2001/1749/1676
f 1999/1747/1674 2000/1750/1677 2003/1751/1678 2002/1748/1675
f 2001/1749/1676 2002/1748/1675 2005/1752/1679 2004/1753/1680
f 2002/1748/1675 2003/1751/1678 2006/1754/1681 2005/1752/1679
f 1304/1476/1412 1459/1755/1682 1998/1746/1673 1613/1756/1683
f 1459/1755/1682 1460/1757/1684 1999/1747/1674 1998/1746/1673
f 1460/1757/1684 1461/1758/1685 2000/1750/1677 1999/1747/1674
f 1461/1758/1685 1230/1759/1686 1469/1760/1687 2000/1750/1677
f 2000/1750/1677 1469/1760/1687 1468/1761/1688 2003/1751/1678
f 2003/1751/1678 1468/1761/1688 1241/1762/1689 2006/1754/1681
f 2006/1754/1681 1241/1762/1689 1228/1763/1690 1376/1764/1691
f 2005/1752/1679 2006/1754/1681 1376/1764/1691 1375/1765/1692
f 2004/1753/1680 2005/1752/1679 1375/1765/1692 1374/1766/1693
f 1615/1767/1694 2004/1753/1680 1374/1766/1693 1297/1456/1396
f 1614/1768/1695 2001/1749/1676 2004/1753/1680 1615/1767/1694
f 1613/1756/1683 1998/1746/1673 2001/1749/1676 1614/1768/1695
f 2007/1769/1696 2008/1770/1697 2011/1771/1698 2010/1772/1699
f 2008/1770/1697 2009/1773/1700 2012/1774/1701 2011/1771/1698
f 2010/1772/1699 2011/1771/1698 2014/1775/1702 2013/1776/1703
f 2011/1771/1698 2012/1774/1701 2015/1777/1704 2014/1775/1702
f 1305/1546/1477 1462/1778/1705 2007/1769/1696 1616/1779/1706
f 1462/1778/1705 1463/1780/1707 2008/1770/1697 2007/1769/1696
f 1463/1780/1707 1464/1781/1708 2009/1773/1700 2008/1770/1697
f 1464/1781/1708 1274/1596/1527 1479/1782/1709 2009/1773/1700
f 2009/1773/1700 1479/1782/1709 1480/1783/1710 2012/1774/1701
f 2012/1774/1701 1480/1783/1710 1481/1784/1711 2015/1777/1704
f 2015/1777/1704 1481/1784/1711 1283/1707/1638 1417/1785/1712
f 2014/1775/1702 2015/1777/1704 1417/1785/1712 1416/1786/1713
f 2013/1776/1703 2014/1775/1702 1416/1786/1713 1415/1787/1714
f 1618/1788/1715 2013/1776/1703 1415/1787/1714 1300/1675/1606
f 1617/1789/1716 2010/1772/1699 2013/1776/1703 1618/1788/1715
f 1616/1779/1706 2007/1769/1696 2010/1772/1699 1617/1789/1716
f 2016/1790/1717 2017/1791/1718 2020/1792/1719 2019/1793/1720
f 2017/1791/1718 2018/1794/1721 2021/1795/1722 2020/1792/1719
f 2019/1793/1720 2020/1792/1719 2023/1796/1723 2022/1797/1724
f 2020/1792/1719 2021/1795/1722 2024/1798/1725 2023/1796/1723
f 1274/1596/1527 1465/1595/1526 2016/1790/1717 1479/1782/1709
f 1465/1595/1526 1466/1594/1525 2017/1791/1718 2016/1790/1717
f 1466/1594/1525 1467/1592/1523 2018/1794/1721 2017/1791/1718
f 1467/1592/1523 1280/1591/1522 1472/1799/1726 2018/1794/1721
f 2018/1794/1721 1472/1799/1726 1471/1800/1727 2021/1795/1722
f 2021/1795/1722 1471/1800/1727 1470/1801/1728 2024/1798/1725
f 2024/1798/1725 1470/1801/1728 1272/1530/1464 1423/1710/1641
f 2023/1796/1723 2024/1798/1725 1423/1710/1641 1422/1709/1640
f 2022/1797/1724 2023/1796/1723 1422/1709/1640 1421/1708/1639
f 1481/1784/1711 2022/1797/1724 1421/1708/1639 1283/1707/1638
f 1480/1783/1710 2019/1793/1720 2022/1797/1724 1481/1784/1711
f 1479/1782/1709 2016/1790/1717 2019/1793/1720 1480/1783/1710
f 2025/1802/1729 2026/1803/1730 2029/1804/1731 2028/1805/1732
f 2026/1803/1730 2027/1806/1733 2030/1807/1734 2029/1804/1731
f 2028/1805/1732 2029/1804/1731 2032/1808/1735 2031/1809/1736
f 2029/1804/1731 2030/1807/1734 2033/1810/1737 2032/1808/1735
f 1329/1811/1738 1728/1812/1739 2025/1802/1729 1619/1813/1740
f 1728/1812/1739 1727/1814/1741 2026/1803/1730 2025/1802/1729
f 1727/1814/1741 1726/1815/1742 2027/1806/1733 2026/1803/1730
f 1726/1815/1742 1326/1816/1743 1506/1817/1744 2027/1806/1733
f 2027/1806/1733 1506/1817/1744 1507/1818/1745 2030/1807/1734
f 2030/1807/1734 1507/1818/1745 1508/1819/1746 2033/1810/1737
f 2033/1810/1737 1508/1819/1746 1292/1820/1747 1517/1821/1748
f 2032/1808/1735 2033/1810/1737 1517/1821/1748 1516/1822/1749
f 2031/1809/1736 2032/1808/1735 1516/1822/1749 1515/1823/1750
f 1621/1824/1751 2031/1809/1736 1515/1823/1750 1308/1485/1421
f 1620/1825/1752 2028/1805/1732 2031/1809/1736 1621/1824/1751
f 1619/1813/1740 2025/1802/1729 2028/1805/1732 1620/1825/1752
f 2034/1826/1753 2035/1827/1754 2038/1828/1755 2037/1829/1756
f 2035/1827/1754 2036/1830/1757 2039/1831/1758 2038/1828/1755
f 2037/1829/1756 2038/1828/1755 2041/1832/1759 2040/1833/1760
f 2038/1828/1755 2039/1831/1758 2042/1834/1761 2041/1832/1759
f 1327/1835/1762 1731/1836/1763 2034/1826/1753 1509/1837/1764
f 1731/1836/1763 1730/1838/1765 2035/1827/1754 2034/1826/1753
f 1730/1838/1765 1729/1839/1766 2036/1830/1757 2035/1827/1754
f 1729/1839/1766 1325/1840/1767 1482/1841/1768 2036/1830/1757
f 2036/1830/1757 1482/1841/1768 1483/1842/1769 2039/1831/1758
f 2039/1831/1758 1483/1842/1769 1484/1843/1770 2042/1834/1761
f 2042/1834/1761 1484/1843/1770 1295/1425/1365 1512/1423/1363
f 2041/1832/1759 2042/1834/1761 1512/1423/1363 1513/1422/1362
f 2040/1833/1760 2041/1832/1759 1513/1422/1362 1514/1421/1361
f 1511/1844/1771 2040/1833/1760 1514/1421/1361 1294/1420/1360
f 1510/1845/1772 2037/1829/1756 2040/1833/1760 1511/1844/1771
f 1509/1837/1764 2034/1826/1753 2037/1829/1756 1510/1845/1772
f 2043/1846/1773 2044/1847/1774 2047/1848/1775 2046/1849/1776
f 2044/1847/1774 2045/1850/1777 2048/1851/1778 2047/1848/1775
f 2046/1849/1776 2047/1848/1775 2050/1852/1779 2049/1853/1780
f 2047/1848/1775 2048/1851/1778 2051/1854/1781 2050/1852/1779
f 1319/1855/1782 1672/1856/1783 2043/1846/1773 1622/1857/1784
f 1672/1856/1783 1671/1858/1785 2044/1847/1774 2043/1846/1773
f 1671/1858/1785 1670/1859/1786 2045/1850/1777 2044/1847/1774
f 1670/1859/1786 1316/1860/1787 1646/1861/1788 2045/1850/1777
f 2045/1850/1777 1646/1861/1788 1647/1862/1789 2048/1851/1778
f 2048/1851/1778 1647/1862/1789 1648/1863/1790 2051/1854/1781
f 2051/1854/1781 1648/1863/1790 1288/1864/1791 1582/1865/1792
f 2050/1852/1779 2051/1854/1781 1582/1865/1792 1581/1866/1793
f 2049/1853/1780 2050/1852/1779 1581/1866/1793 1580/1867/1794
f 1624/1868/1795 2049/1853/1780 1580/1867/1794 1307/1869/1796
f 1623/1870/1797 2046/1849/1776 2049/1853/1780 1624/1868/1795
f 1622/1857/1784 2043/1846/1773 2046/1849/1776 1623/1870/1797
f 2052/1871/1798 2053/1872/1799 2056/1873/1800 2055/1874/1801
f 2053/1872/1799 2054/1875/1802 2057/1876/1803 2056/1873/1800
f 2055/1874/1801 2056/1873/1800 2059/1877/1804 2058/1878/1805
f 2056/1873/1800 2057/1876/1803 2060/1879/1806 2059/1877/1804
f 1317/1880/1807 1675/1881/1808 2052/1871/1798 1649/1882/1809
f 1675/1881/1808 1674/1883/1810 2053/1872/1799 2052/1871/1798
f 1674/1883/1810 1673/1884/1811 2054/1875/1802 2053/1872/1799
f 1673/1884/1811 1315/1885/1812 1643/1886/1813 2054/1875/1802
f 2054/1875/1802 1643/1886/1813 1644/1887/1814 2057/1876/1803
f 2057/1876/1803 1644/1887/1814 1645/1888/1815 2060/1879/1806
f 2060/1879/1806 1645/1888/1815 1290/1889/1816 1503/1890/1817
f 2059/1877/1804 2060/1879/1806 1503/1890/1817 1504/1891/1818
f 2058/1878/1805 2059/1877/1804 1504/1891/1818 1505/1892/1819
f 1651/1893/1820 2058/1878/1805 1505/1892/1819 1289/1894/1821
f 1650/1895/1822 2055/1874/1801 2058/1878/1805 1651/1893/1820
f 1649/1882/1809 2052/1871/1798 2055/1874/1801 1650/1895/1822
f 2061/1896/1823 2062/1897/1824 2065/1898/1825 2064/1899/1826
f 2062/1897/1824 2063/1900/1827 2066/1901/1828 2065/1898/1825
f 2064/1899/1826 2065/1898/1825 2068/1902/1829 2067/1903/1830
f 2065/1898/1825 2066/1901/1828 2069/1904/1831 2068/1902/1829
f 1324/1720/1651 1696/1905/1832 2061/1896/1823 1732/1906/1833
f 1696/1905/1832 1697/1907/1834 2062/1897/1824 2061/1896/1823
f 1697/1907/1834 1698/1908/1835 2063/1900/1827 2062/1897/1824
f 1698/1908/1835 1280/1591/1522 1408/1593/1524 2063/1900/1827
f 2063/1900/1827 1408/1593/1524 1407/1606/1537 2066/1901/1828
f 2066/1901/1828 1407/1606/1537 1406/1604/1535 2069/1904/1831
f 2069/1904/1831 1406/1604/1535 1293/1605/1536 1707/1909/1836
f 2068/1902/1829 2069/1904/1831 1707/1909/1836 1706/1910/1837
f 2067/1903/1830 2068/1902/1829 1706/1910/1837 1705/1911/1838
f 1734/1912/1839 2067/1903/1830 1705/1911/1838 1327/1835/1762
f 1733/1913/1840 2064/1899/1826 2067/1903/1830 1734/1912/1839
f 1732/1906/1833 2061/1896/1823 2064/1899/1826 1733/1913/1840
f 2070/1914/1841 2071/1915/1842 2074/1916/1843 2073/1917/1844
f 2071/1915/1842 2072/1918/1845 2075/1919/1846 2074/1916/1843
f 2073/1917/1844 2074/1916/1843 2077/1920/1847 2076/1921/1848
f 2074/1916/1843 2075/1919/1846 2078/1922/1849 2077/1920/1847
f 1279/1703/1634 1436/1702/1633 2070/1914/1841 1538/1923/1850
f 1436/1702/1633 1437/1701/1632 2071/1915/1842 2070/1914/1841
f 1437/1701/1632 1438/1700/1631 2072/1918/1845 2071/1915/1842
f 1438/1700/1631 1278/1660/1591 1539/1924/1851 2072/1918/1845
f 2072/1918/1845 1539/1924/1851 1540/1925/1852 2075/1919/1846
f 2075/1919/1846 1540/1925/1852 1541/1926/1853 2078/1922/1849
f 2078/1922/1849 1541/1926/1853 1289/1894/1821 1505/1892/1819
f 2077/1920/1847 2078/1922/1849 1505/1892/1819 1504/1891/1818
f 2076/1921/1848 2077/1920/1847 1504/1891/1818 1503/1890/1817
f 1536/1927/1854 2076/1921/1848 1503/1890/1817 1290/1889/1816
f 1537/1928/1855 2073/1917/1844 2076/1921/1848 1536/1927/1854
f 1538/1923/1850 2070/1914/1841 2073/1917/1844 1537/1928/1855
f 2079/1929/1856 2080/1930/1857 2083/1931/1858 2082/1932/1859
f 2080/1930/1857 2081/1933/1860 2084/1934/1861 2083/1931/1858
f 2082/1932/1859 2083/1931/1858 2086/1935/1862 2085/1936/1863
f 2083/1931/1858 2084/1934/1861 2087/1937/1864 2086/1935/1862
f 1303/1680/1611 1433/1938/1865 2079/1929/1856 1625/1939/1866
f 1433/1938/1865 1434/1940/1867 2080/1930/1857 2079/1929/1856
f 1434/1940/1867 1435/1941/1868 2081/1933/1860 2080/1930/1857
f 1435/1941/1868 1279/1703/1634 1538/1923/1850 2081/1933/1860
f 2081/1933/1860 1538/1923/1850 1537/1928/1855 2084/1934/1861
f 2084/1934/1861 1537/1928/1855 1536/1927/1854 2087/1937/1864
f 2087/1937/1864 1536/1927/1854 1290/1889/1816 1502/1942/1869
f 2086/1935/1862 2087/1937/1864 1502/1942/1869 1501/1943/1870
f 2085/1936/1863 2086/1935/1862 1501/1943/1870 1500/1944/1871
f 1627/1945/1872 2085/1936/1863 1500/1944/1871 1307/1869/1796
f 1626/1946/1873 2082/1932/1859 2085/1936/1863 1627/1945/1872
f 1625/1939/1866 2079/1929/1856 2082/1932/1859 1626/1946/1873
f 2088/1947/1874 2089/1948/1875 2092/1949/1876 2091/1950/1877
f 2089/1948/1875 2090/1951/1878 2093/1952/1879 2092/1949/1876
f 2091/1950/1877 2092/1949/1876 2095/1953/1880 2094/1954/1881
f 2092/1949/1876 2093/1952/1879 2096/1955/1882 2095/1953/1880
f 1314/1655/1586 1430/1956/1883 2088/1947/1874 1676/1957/1884
f 1430/1956/1883 1431/1958/1885 2089/1948/1875 2088/1947/1874
f 1431/1958/1885 1432/1959/1886 2090/1951/1878 2089/1948/1875
f 1432/1959/1886 1276/1960/1552 1544/1961/1887 2090/1951/1878
f 2090/1951/1878 1544/1961/1887 1545/1962/1888 2093/1952/1879
f 2093/1952/1879 1545/1962/1888 1546/1963/1889 2096/1955/1882
f 2096/1955/1882 1546/1963/1889 1286/1964/1890 1499/1965/1891
f 2095/1953/1880 2096/1955/1882 1499/1965/1891 1498/1966/1892
f 2094/1954/1881 2095/1953/1880 1498/1966/1892 1497/1967/1893
f 1678/1968/1894 2094/1954/1881 1497/1967/1893 1317/1880/1807
f 1677/1969/1895 2091/1950/1877 2094/1954/1881 1678/1968/1894
f 1676/1957/1884 2088/1947/1874 2091/1950/1877 1677/1969/1895
f 2099/1970/1896 2102/1971/1897 2101/1274/1228 2098/1273/1227
f 1781/1972/1898 2102/1971/1897 2099/1970/1896 1782/1973/1899
f 1230/1759/1686 1529/1974/1900 2097/1276/1230 1255/1975/1901
f 1529/1974/1900 1528/1976/1902 2098/1273/1227 2097/1276/1230
f 1528/1976/1902 1527/1977/1903 2099/1970/1896 2098/1273/1227
f 1527/1977/1903 1292/1820/1747 1782/1973/1899 2099/1970/1896
f 2302/1978/1904 2305/1979/1905 2304/1980/1906 2301/1981/1907
f 2102/1971/1897 1781/1972/1898 1336/1982/1908 1755/1983/1909
f 2101/1274/1228 2102/1971/1897 1755/1983/1909 1756/1984/1910
f 2100/1275/1229 2101/1274/1228 1756/1984/1910 1757/1985/1911
f 1254/1986/1912 2100/1275/1229 1757/1985/1911 1332/1987/1913
f 1256/1988/1914 2453/1989/1915 2450/1990/1916 1783/1991/1917
f 2103/1992/1918 2104/1993/1919 2107/1994/1920 2106/1995/1921
f 2104/1993/1919 2105/1996/1922 2108/1997/1923 2107/1994/1920
f 2106/1995/1921 2107/1994/1920 2110/1998/1924 2109/1999/1925
f 2107/1994/1920 2108/1997/1923 2111/2000/1926 2110/1998/1924
f 1302/1636/1567 1427/2001/1927 2103/1992/1918 1628/2002/1928
f 1427/2001/1927 1428/2003/1929 2104/1993/1919 2103/1992/1918
f 1428/2003/1929 1429/2004/1930 2105/1996/1922 2104/1993/1919
f 1429/2004/1930 1277/2005/1931 1549/2006/1932 2105/1996/1922
f 2105/1996/1922 1549/2006/1932 1548/2007/1933 2108/1997/1923
f 2108/1997/1923 1548/2007/1933 1547/2008/1934 2111/2000/1926
f 2111/2000/1926 1547/2008/1934 1287/2009/1935 1493/2010/1936
f 2110/1998/1924 2111/2000/1926 1493/2010/1936 1492/2011/1937
f 2109/1999/1925 2110/1998/1924 1492/2011/1937 1491/2012/1938
f 1630/2013/1939 2109/1999/1925 1491/2012/1938 1306/2014/1940
f 1629/2015/1941 2106/1995/1921 2109/1999/1925 1630/2013/1939
f 1628/2002/1928 2103/1992/1918 2106/1995/1921 1629/2015/1941
f 2112/2016/1942 2113/2017/1943 2116/2018/1944 2115/2019/1945
f 2113/2017/1943 2114/2020/1946 2117/2021/1947 2116/2018/1944
f 2115/2019/1945 2116/2018/1944 2119/2022/1948 2118/2023/1949
f 2116/2018/1944 2117/2021/1947 2120/2024/1950 2119/2022/1948
f 1276/1621/1552 1426/1620/1551 2112/2016/1942 1544/2025/1887
f 1426/1620/1551 1425/1619/1550 2113/2017/1943 2112/2016/1942
f 1425/1619/1550 1424/1617/1548 2114/2020/1946 2113/2017/1943
f 1424/1617/1548 1275/1616/1547 1552/2026/1951 2114/2020/1946
f 2114/2020/1946 1552/2026/1951 1551/2027/1952 2117/2021/1947
f 2117/2021/1947 1551/2027/1952 1550/2028/1953 2120/2024/1950
f 2120/2024/1950 1550/2028/1953 1285/2029/1954 1488/2030/1955
f 2119/2022/1948 2120/2024/1950 1488/2030/1955 1489/2031/1956
f 2118/2023/1949 2119/2022/1948 1489/2031/1956 1490/2032/1957
f 1546/2033/1889 2118/2023/1949 1490/2032/1957 1286/1964/1890
f 1545/2034/1888 2115/2019/1945 2118/2023/1949 1546/2033/1889
f 1544/2025/1887 2112/2016/1942 2115/2019/1945 1545/2034/1888
f 2121/2035/1958 2122/2036/1959 2125/2037/1960 2124/2038/1961
f 2122/2036/1959 2123/2039/1962 2126/2040/1963 2125/2037/1960
f 2124/2038/1961 2125/2037/1960 2128/2041/1964 2127/2042/1965
f 2125/2037/1960 2126/2040/1963 2129/2043/1966 2128/2041/1964
f 1270/1375/1324 1385/1373/1322 2121/2035/1958 1564/1641/1572
f 1385/1373/1322 1384/1372/1321 2122/2036/1959 2121/2035/1958
f 1384/1372/1321 1383/1371/1320 2123/2039/1962 2122/2036/1959
f 1383/1371/1320 1267/1370/1319 1555/2044/1967 2123/2039/1962
f 2123/2039/1962 1555/2044/1967 1554/2045/1968 2126/2040/1963
f 2126/2040/1963 1554/2045/1968 1553/2046/1969 2129/2043/1966
f 2129/2043/1966 1553/2046/1969 1296/1291/1245 1589/1290/1244
f 2128/2041/1964 2129/2043/1966 1589/1290/1244 1590/1289/1243
f 2127/2042/1965 2128/2041/1964 1590/1289/1243 1591/1287/1241
f 1562/1643/1574 2127/2042/1965 1591/1287/1241 1299/1286/1240
f 1563/1642/1573 2124/2038/1961 2127/2042/1965 1562/1643/1574
f 1564/1641/1572 2121/2035/1958 2124/2038/1961 1563/1642/1573
f 2130/2047/1970 2131/2048/1971 2134/2049/1972 2133/2050/1973
f 2131/2048/1971 2132/2051/1974 2135/2052/1975 2134/2049/1972
f 2133/2050/1973 2134/2049/1972 2137/2053/1976 2136/2054/1977
f 2134/2049/1972 2135/2052/1975 2138/2055/1978 2137/2053/1976
f 1320/2056/1979 1739/2057/1980 2130/2047/1970 1235/2058/1981
f 1739/2057/1980 1738/2059/1982 2131/2048/1971 2130/2047/1970
f 1738/2059/1982 1737/2060/1983 2132/2051/1974 2131/2048/1971
f 1737/2060/1983 1328/1436/1376 1592/1438/1378 2132/2051/1974
f 2132/2051/1974 1592/1438/1378 1593/1446/1386 2135/2052/1975
f 2135/2052/1975 1593/1446/1386 1594/1444/1384 2138/2055/1978
f 2138/2055/1978 1594/1444/1384 1298/1445/1385 1377/2061/1984
f 2137/2053/1976 2138/2055/1978 1377/2061/1984 1378/2062/1985
f 2136/2054/1977 2137/2053/1976 1378/2062/1985 1379/2063/1986
f 1237/2064/1987 2136/2054/1977 1379/2063/1986 1227/2065/1988
f 1236/2066/1989 2133/2050/1973 2136/2054/1977 1237/2064/1987
f 1235/2058/1981 2130/2047/1970 2133/2050/1973 1236/2066/1989
f 2139/2067/1990 2140/2068/1991 2143/2069/1992 2142/2070/1993
f 2140/2068/1991 2141/2071/1994 2144/2072/1995 2143/2069/1992
f 2142/2070/1993 2143/2069/1992 2146/2073/1996 2145/2074/1997
f 2143/2069/1992 2144/2072/1995 2147/2075/1998 2146/2073/1996
f 1228/1763/1690 1370/2076/1999 2139/2067/1990 1376/1764/1691
f 1370/2076/1999 1238/2077/2000 2140/2068/1991 2139/2067/1990
f 1238/2077/2000 1369/2078/2001 2141/2071/1994 2140/2068/1991
f 1369/2078/2001 1227/2079/1988 1379/2080/1986 2141/2071/1994
f 2141/2071/1994 1379/2080/1986 1378/2081/1985 2144/2072/1995
f 2144/2072/1995 1378/2081/1985 1377/2082/1984 2147/2075/1998
f 2147/2075/1998 1377/2082/1984 1298/1461/1385 1595/1460/1400
f 2146/2073/1996 2147/2075/1998 1595/1460/1400 1596/1459/1399
f 2145/2074/1997 2146/2073/1996 1596/1459/1399 1597/1457/1397
f 1374/1766/1693 2145/2074/1997 1597/1457/1397 1297/1456/1396
f 1375/1765/1692 2142/2070/1993 2145/2074/1997 1374/1766/1693
f 1376/1764/1691 2139/2067/1990 2142/2070/1993 1375/1765/1692
f 2148/2083/2002 2149/2084/2003 2152/2085/2004 2151/2086/2005
f 2149/2084/2003 2150/2087/2006 2153/2088/2007 2152/2085/2004
f 2151/2086/2005 2152/2085/2004 2155/2089/2008 2154/2090/2009
f 2152/2085/2004 2153/2088/2007 2156/2091/2010 2155/2089/2008
f 1230/1759/1686 1461/1758/1685 2148/2083/2002 1529/1974/1900
f 1461/1758/1685 1460/1757/1684 2149/2084/2003 2148/2083/2002
f 1460/1757/1684 1459/1755/1682 2150/2087/2006 2149/2084/2003
f 1459/1755/1682 1304/1476/1412 1598/1478/1414 2150/2087/2006
f 2150/2087/2006 1598/1478/1414 1599/1486/1422 2153/2088/2007
f 2153/2088/2007 1599/1486/1422 1600/1484/1420 2156/2091/2010
f 2156/2091/2010 1600/1484/1420 1308/1485/1421 1515/1823/1750
f 2155/2089/2008 2156/2091/2010 1515/1823/1750 1516/1822/1749
f 2154/2090/2009 2155/2089/2008 1516/1822/1749 1517/1821/1748
f 1527/1977/1903 2154/2090/2009 1517/1821/1748 1292/1820/1747
f 1528/1976/1902 2151/2086/2005 2154/2090/2009 1527/1977/1903
f 1529/1974/1900 2148/2083/2002 2151/2086/2005 1528/1976/1902
f 2157/2092/2011 2158/2093/2012 2161/2094/2013 2160/2095/2014
f 2158/2093/2012 2159/2096/2015 2162/2097/2016 2161/2094/2013
f 2160/2095/2014 2161/2094/2013 2164/2098/2017 2163/2099/2018
f 2161/2094/2013 2162/2097/2016 2165/2100/2019 2164/2098/2017
f 1274/1596/1527 1464/1781/1708 2157/2092/2011 1392/1597/1528
f 1464/1781/1708 1463/1780/1707 2158/2093/2012 2157/2092/2011
f 1463/1780/1707 1462/1778/1705 2159/2096/2015 2158/2093/2012
f 1462/1778/1705 1305/1546/1477 1601/1548/1479 2159/2096/2015
f 2159/2096/2015 1601/1548/1479 1602/1561/1492 2162/2097/2016
f 2162/2097/2016 1602/1561/1492 1603/1559/1490 2165/2100/2019
f 2165/2100/2019 1603/1559/1490 1309/1560/1491 1518/2101/2020
f 2164/2098/2017 2165/2100/2019 1518/2101/2020 1519/2102/2021
f 2163/2099/2018 2164/2098/2017 1519/2102/2021 1520/2103/2022
f 1394/1599/1530 2163/2099/2018 1520/2103/2022 1284/1600/1531
f 1393/1598/1529 2160/2095/2014 2163/2099/2018 1394/1599/1530
f 1392/1597/1528 2157/2092/2011 2160/2095/2014 1393/1598/1529
f 2166/2104/2023 2167/2105/2024 2170/2106/2025 2169/2107/2026
f 2167/2105/2024 2168/2108/2027 2171/2109/2028 2170/2106/2025
f 2169/2107/2026 2170/2106/2025 2173/2110/2029 2172/2111/2030
f 2170/2106/2025 2171/2109/2028 2174/2112/2031 2173/2110/2029
f 1310/2113/2032 1683/2114/2033 2166/2104/2023 1242/2115/2034
f 1683/2114/2033 1682/2116/2035 2167/2105/2024 2166/2104/2023
f 1682/2116/2035 1681/2117/2036 2168/2108/2027 2167/2105/2024
f 1681/2117/2036 1318/1571/1502 1604/1573/1504 2168/2108/2027
f 2168/2108/2027 1604/1573/1504 1605/1581/1512 2171/2109/2028
f 2171/2109/2028 1605/1581/1512 1606/1579/1510 2174/2112/2031
f 2174/2112/2031 1606/1579/1510 1301/1580/1511 1418/2118/2037
f 2173/2110/2029 2174/2112/2031 1418/2118/2037 1419/2119/2038
f 2172/2111/2030 2173/2110/2029 1419/2119/2038 1420/2120/2039
f 1244/2121/2040 2172/2111/2030 1420/2120/2039 1229/2122/2041
f 1243/2123/2042 2169/2107/2026 2172/2111/2030 1244/2121/2040
f 1242/2115/2034 2166/2104/2023 2169/2107/2026 1243/2123/2042
f 2175/2124/2043 2176/2125/2044 2179/2126/2045 2178/2127/2046
f 2176/2125/2044 2177/2128/2047 2180/2129/2048 2179/2126/2045
f 2178/2127/2046 2179/2126/2045 2182/2130/2049 2181/2131/2050
f 2179/2126/2045 2180/2129/2048 2183/2132/2051 2182/2130/2049
f 1277/2005/1931 1429/2004/1930 2175/2124/2043 1240/2133/2052
f 1429/2004/1930 1428/2003/1929 2176/2125/2044 2175/2124/2043
f 1428/2003/1929 1427/2001/1927 2177/2128/2047 2176/2125/2044
f 1427/2001/1927 1302/1636/1567 1607/1638/1569 2177/2128/2047
f 2177/2128/2047 1607/1638/1569 1608/1645/1576 2180/2129/2048
f 2180/2129/2048 1608/1645/1576 1609/1644/1575 2183/2132/2051
f 2183/2132/2051 1609/1644/1575 1299/1286/1240 1380/1288/1242
f 2182/2130/2049 2183/2132/2051 1380/1288/1242 1381/1301/1255
f 2181/2131/2050 2182/2130/2049 1381/1301/1255 1382/1299/1253
f 1445/2134/2053 2181/2131/2050 1382/1299/1253 1261/1300/1254
f 1446/2135/2054 2178/2127/2046 2181/2131/2050 1445/2134/2053
f 1240/2133/2052 2175/2124/2043 2178/2127/2046 1446/2135/2054
f 2184/2136/2055 2185/2137/2056 2188/2138/2057 2187/2139/2058
f 2185/2137/2056 2186/2140/2059 2189/2141/2060 2188/2138/2057
f 2187/2139/2058 2188/2138/2057 2191/2142/2061 2190/2143/2062
f 2188/2138/2057 2189/2141/2060 2192/2144/2063 2191/2142/2061
f 1279/1703/1634 1435/1941/1868 2184/2136/2055 1452/1704/1635
f 1435/1941/1868 1434/1940/1867 2185/2137/2056 2184/2136/2055
f 1434/1940/1867 1433/1938/1865 2186/2140/2059 2185/2137/2056
f 1433/1938/1865 1303/1680/1611 1610/1679/1610 2186/2140/2059
f 2186/2140/2059 1610/1679/1610 1611/1678/1609 2189/2141/2060
f 2189/2141/2060 1611/1678/1609 1612/1676/1607 2192/2144/2063
f 2192/2144/2063 1612/1676/1607 1300/1675/1606 1415/1787/1714
f 2191/2142/2061 2192/2144/2063 1415/1787/1714 1416/1786/1713
f 2190/2143/2062 2191/2142/2061 1416/1786/1713 1417/1785/1712
f 1450/1706/1637 2190/2143/2062 1417/1785/1712 1283/1707/1638
f 1451/1705/1636 2187/2139/2058 2190/2143/2062 1450/1706/1637
f 1452/1704/1635 2184/2136/2055 2187/2139/2058 1451/1705/1636
f 2193/2145/2064 2194/2146/2065 2197/2147/2066 2196/2148/2067
f 2194/2146/2065 2195/2149/2068 2198/2150/2069 2197/2147/2066
f 2196/2148/2067 2197/2147/2066 2200/2151/2070 2199/2152/2071
f 2197/2147/2066 2198/2150/2069 2201/2153/2072 2200/2151/2070
f 1282/1411/1351 1573/1480/1416 2193/2145/2064 1476/1741/1670
f 1573/1480/1416 1572/1479/1415 2194/2146/2065 2193/2145/2064
f 1572/1479/1415 1571/1477/1413 2195/2149/2068 2194/2146/2065
f 1571/1477/1413 1304/1476/1412 1613/1756/1683 2195/2149/2068
f 2195/2149/2068 1613/1756/1683 1614/1768/1695 2198/2150/2069
f 2198/2150/2069 1614/1768/1695 1615/1767/1694 2201/2153/2072
f 2201/2153/2072 1615/1767/1694 1297/1456/1396 1556/1458/1398
f 2200/2151/2070 2201/2153/2072 1556/1458/1398 1557/1466/1402
f 2199/2152/2071 2200/2151/2070 1557/1466/1402 1558/1465/1401
f 1478/1743/1672 2199/2152/2071 1558/1465/1401 1268/1386/1335
f 1477/1742/1671 2196/2148/2067 2199/2152/2071 1478/1743/1672
f 1476/1741/1670 2193/2145/2064 2196/2148/2067 1477/1742/1671
f 2202/2154/2073 2203/2155/2074 2206/2156/2075 2205/2157/2076
f 2203/2155/2074 2204/2158/2077 2207/2159/2078 2206/2156/2075
f 2205/2157/2076 2206/2156/2075 2209/2160/2079 2208/2161/2080
f 2206/2156/2075 2207/2159/2078 2210/2162/2081 2209/2160/2079
f 1305/1546/1477 1616/1779/1706 2202/2154/2073 1801/1547/1478
f 1616/1779/1706 1617/1789/1716 2203/2155/2074 2202/2154/2073
f 1617/1789/1716 1618/1788/1715 2204/2158/2077 2203/2155/2074
f 1618/1788/1715 1300/1675/1606 1796/1677/1608 2204/2158/2077
f 2204/2158/2077 1796/1677/1608 1797/1690/1621 2207/2159/2078
f 2207/2159/2078 1797/1690/1621 1798/1688/1619 2210/2162/2081
f 2210/2162/2081 1798/1688/1619 1342/1689/1620 1576/2163/2082
f 2209/2160/2079 2210/2162/2081 1576/2163/2082 1575/2164/2083
f 2208/2161/2080 2209/2160/2079 1575/2164/2083 1574/2165/2084
f 1803/1550/1481 2208/2161/2080 1574/2165/2084 1341/1551/1482
f 1802/1549/1480 2205/2157/2076 2208/2161/2080 1803/1550/1481
f 1801/1547/1478 2202/2154/2073 2205/2157/2076 1802/1549/1480
f 2211/2166/2085 2212/2167/2086 2215/2168/2087 2214/2169/2088
f 2212/2167/2086 2213/2170/2089 2216/2171/2090 2215/2168/2087
f 2214/2169/2088 2215/2168/2087 2218/2172/2091 2217/2173/2092
f 2215/2168/2087 2216/2171/2090 2219/2174/2093 2218/2172/2091
f 1325/1840/1767 1742/2175/2094 2211/2166/2085 1482/1841/1768
f 1742/2175/2094 1741/2176/2095 2212/2167/2086 2211/2166/2085
f 1741/2176/2095 1740/2177/2096 2213/2170/2089 2212/2167/2086
f 1740/2177/2096 1329/1811/1738 1619/1813/1740 2213/2170/2089
f 2213/2170/2089 1619/1813/1740 1620/1825/1752 2216/2171/2090
f 2216/2171/2090 1620/1825/1752 1621/1824/1751 2219/2174/2093
f 2219/2174/2093 1621/1824/1751 1308/1485/1421 1583/1483/1419
f 2218/2172/2091 2219/2174/2093 1583/1483/1419 1584/1482/1418
f 2217/2173/2092 2218/2172/2091 1584/1482/1418 1585/1481/1417
f 1484/1843/1770 2217/2173/2092 1585/1481/1417 1295/1425/1365
f 1483/1842/1769 2214/2169/2088 2217/2173/2092 1484/1843/1770
f 1482/1841/1768 2211/2166/2085 2214/2169/2088 1483/1842/1769
f 2220/2178/2097 2221/2179/2098 2224/2180/2099 2223/2181/2100
f 2221/2179/2098 2222/2182/2101 2225/2183/2102 2224/2180/2099
f 2223/2181/2100 2224/2180/2099 2227/2184/2103 2226/2185/2104
f 2224/2180/2099 2225/2183/2102 2228/2186/2105 2227/2184/2103
f 1315/1885/1812 1686/2187/2106 2220/2178/2097 1643/1886/1813
f 1686/2187/2106 1685/2188/2107 2221/2179/2098 2220/2178/2097
f 1685/2188/2107 1684/2189/2108 2222/2182/2101 2221/2179/2098
f 1684/2189/2108 1319/1855/1782 1622/1857/1784 2222/2182/2101
f 2222/2182/2101 1622/1857/1784 1623/1870/1797 2225/2183/2102
f 2225/2183/2102 1623/1870/1797 1624/1868/1795 2228/2186/2105
f 2228/2186/2105 1624/1868/1795 1307/1869/1796 1500/1944/1871
f 2227/2184/2103 2228/2186/2105 1500/1944/1871 1501/1943/1870
f 2226/2185/2104 2227/2184/2103 1501/1943/1870 1502/1942/1869
f 1645/1888/1815 2226/2185/2104 1502/1942/1869 1290/1889/1816
f 1644/1887/1814 2223/2181/2100 2226/2185/2104 1645/1888/1815
f 1643/1886/1813 2220/2178/2097 2223/2181/2100 1644/1887/1814
f 2229/2190/2109 2230/2191/2110 2233/2192/2111 2232/2193/2112
f 2230/2191/2110 2231/2194/2113 2234/2195/2114 2233/2192/2111
f 2232/2193/2112 2233/2192/2111 2236/2196/2115 2235/2197/2116
f 2233/2192/2111 2234/2195/2114 2237/2198/2117 2236/2196/2115
f 1275/1616/1547 1570/1640/1571 2229/2190/2109 1552/2026/1951
f 1570/1640/1571 1569/1639/1570 2230/2191/2110 2229/2190/2109
f 1569/1639/1570 1568/1637/1568 2231/2194/2113 2230/2191/2110
f 1568/1637/1568 1302/1636/1567 1628/2002/1928 2231/2194/2113
f 2231/2194/2113 1628/2002/1928 1629/2015/1941 2234/2195/2114
f 2234/2195/2114 1629/2015/1941 1630/2013/1939 2237/2198/2117
f 2237/2198/2117 1630/2013/1939 1306/2014/1940 1577/2199/2118
f 2236/2196/2115 2237/2198/2117 1577/2199/2118 1578/2200/2119
f 2235/2197/2116 2236/2196/2115 1578/2200/2119 1579/2201/2120
f 1550/2028/1953 2235/2197/2116 1579/2201/2120 1285/2029/1954
f 1551/2027/1952 2232/2193/2112 2235/2197/2116 1550/2028/1953
f 1552/2026/1951 2229/2190/2109 2232/2193/2112 1551/2027/1952
f 2238/2202/2121 2239/2203/2122 2242/2204/2123 2241/2205/2124
f 2239/2203/2122 2240/2206/2125 2243/2207/2126 2242/2204/2123
f 2241/2205/2124 2242/2204/2123 2245/2208/2127 2244/2209/2128
f 2242/2204/2123 2243/2207/2126 2246/2210/2129 2245/2208/2127
f 1267/2211/1319 1345/2212/1318 2238/2202/2121 1405/2213/2130
f 1345/2212/1318 1346/2214/1317 2239/2203/2122 2238/2202/2121
f 1346/2214/1317 1347/2215/1316 2240/2206/2125 2239/2203/2122
f 1347/2215/1316 1265/2216/1315 1399/2217/2131 2240/2206/2125
f 2240/2206/2125 1399/2217/2131 1398/2218/2132 2243/2207/2126
f 2243/2207/2126 1398/2218/2132 1397/2219/2133 2246/2210/2129
f 2246/2210/2129 1397/2219/2133 1311/1501/1437 1658/1500/1436
f 2245/2208/2127 2246/2210/2129 1658/1500/1436 1659/1499/1435
f 2244/2209/2128 2245/2208/2127 1659/1499/1435 1660/1497/1433
f 1403/2220/2134 2244/2209/2128 1660/1497/1433 1313/1496/1432
f 1404/2221/2135 2241/2205/2124 2244/2209/2128 1403/2220/2134
f 1405/2213/2130 2238/2202/2121 2241/2205/2124 1404/2221/2135
f 2247/2222/2136 2248/2223/2137 2251/2224/2138 2250/2225/2139
f 2248/2223/2137 2249/2226/2140 2252/2227/2141 2251/2224/2138
f 2250/2225/2139 2251/2224/2138 2254/2228/2142 2253/2229/2143
f 2251/2224/2138 2252/2227/2141 2255/2230/2144 2254/2228/2142
f 1265/2231/1315 1351/2232/1314 2247/2222/2136 1399/2233/2131
f 1351/2232/1314 1352/2234/1313 2248/2223/2137 2247/2222/2136
f 1352/2234/1313 1353/2235/1311 2249/2226/2140 2248/2223/2137
f 1353/2235/1311 1266/2236/1310 1402/2237/2145 2249/2226/2140
f 2249/2226/2140 1402/2237/2145 1401/2238/2146 2252/2227/2141
f 2252/2227/2141 1401/2238/2146 1400/2239/2147 2255/2230/2144
f 2255/2230/2144 1400/2239/2147 1312/1526/1460 1661/1525/1459
f 2254/2228/2142 2255/2230/2144 1661/1525/1459 1662/1524/1458
f 2253/2229/2143 2254/2228/2142 1662/1524/1458 1663/1522/1457
f 1397/2240/2133 2253/2229/2143 1663/1522/1457 1311/1521/1437
f 1398/2241/2132 2250/2225/2139 2253/2229/2143 1397/2240/2133
f 1399/2233/2131 2247/2222/2136 2250/2225/2139 1398/2241/2132
f 2256/2242/2148 2257/2243/2149 2260/2244/2150 2259/2245/2151
f 2257/2243/2149 2258/2246/2152 2261/2247/2153 2260/2244/2150
f 2259/2245/2151 2260/2244/2150 2263/2248/2154 2262/2249/2155
f 2260/2244/2150 2261/2247/2153 2264/2250/2156 2263/2248/2154
f 1296/2251/1245 1553/2252/1969 2256/2242/2148 1654/2253/2157
f 1553/2252/1969 1554/2254/1968 2257/2243/2149 2256/2242/2148
f 1554/2254/1968 1555/2255/1967 2258/2246/2152 2257/2243/2149
f 1555/2255/1967 1267/2211/1319 1405/2213/2130 2258/2246/2152
f 2258/2246/2152 1405/2213/2130 1404/2221/2135 2261/2247/2153
f 2261/2247/2153 1404/2221/2135 1403/2220/2134 2264/2250/2156
f 2264/2250/2156 1403/2220/2134 1313/1496/1432 1664/1575/1506
f 2263/2248/2154 2264/2250/2156 1664/1575/1506 1665/1574/1505
f 2262/2249/2155 2263/2248/2154 1665/1574/1505 1666/1572/1503
f 1652/2256/2158 2262/2249/2155 1666/1572/1503 1318/1571/1502
f 1653/2257/2159 2259/2245/2151 2262/2249/2155 1652/2256/2158
f 1654/2253/2157 2256/2242/2148 2259/2245/2151 1653/2257/2159
f 2265/2258/2160 2266/2259/2161 2269/2260/2162 2268/2261/2163
f 2266/2259/2161 2267/2262/2164 2270/2263/2165 2269/2260/2162
f 2268/2261/2163 2269/2260/2162 2272/2264/2166 2271/2265/2167
f 2269/2260/2162 2270/2263/2165 2273/2266/2168 2272/2264/2166
f 1276/1960/1552 1432/1959/1886 2265/2258/2160 1442/2267/1553
f 1432/1959/1886 1431/1958/1885 2266/2259/2161 2265/2258/2160
f 1431/1958/1885 1430/1956/1883 2267/2262/2164 2266/2259/2161
f 1430/1956/1883 1314/1655/1586 1667/1657/1588 2267/2262/2164
f 2267/2262/2164 1667/1657/1588 1668/1665/1596 2270/2263/2165
f 2270/2263/2165 1668/1665/1596 1669/1664/1595 2273/2266/2168
f 2273/2266/2168 1669/1664/1595 1312/1526/1460 1400/2239/2147
f 2272/2264/2166 2273/2266/2168 1400/2239/2147 1401/2238/2146
f 2271/2265/2167 2272/2264/2166 1401/2238/2146 1402/2237/2145
f 1444/2268/1555 2271/2265/2167 1402/2237/2145 1266/2236/1310
f 1443/2269/1554 2268/2261/2163 2271/2265/2167 1444/2268/1555
f 1442/2267/1553 2265/2258/2160 2268/2261/2163 1443/2269/1554
f 2274/2270/2169 2275/2271/2170 2278/2272/2171 2277/2273/2172
f 2275/2271/2170 2276/2274/2173 2279/2275/2174 2278/2272/2171
f 2277/2273/2172 2278/2272/2171 2281/2276/2175 2280/2277/2176
f 2278/2272/2171 2279/2275/2174 2282/2278/2177 2281/2276/2175
f 1306/2014/1940 1491/2012/1938 2274/2270/2169 1657/2279/2178
f 1491/2012/1938 1492/2011/1937 2275/2271/2170 2274/2270/2169
f 1492/2011/1937 1493/2010/1936 2276/2274/2173 2275/2271/2170
f 1493/2010/1936 1287/2009/1935 1496/2280/2179 2276/2274/2173
f 2276/2274/2173 1496/2280/2179 1495/2281/2180 2279/2275/2174
f 2279/2275/2174 1495/2281/2180 1494/2282/2181 2282/2278/2177
f 2282/2278/2177 1494/2282/2181 1316/1860/1787 1670/1859/1786
f 2281/2276/2175 2282/2278/2177 1670/1859/1786 1671/1858/1785
f 2280/2277/2176 2281/2276/2175 1671/1858/1785 1672/1856/1783
f 1655/2283/2182 2280/2277/2176 1672/1856/1783 1319/1855/1782
f 1656/2284/2183 2277/2273/2172 2280/2277/2176 1655/2283/2182
f 1657/2279/2178 2274/2270/2169 2277/2273/2172 1656/2284/2183
f 2283/2285/2184 2284/2286/2185 2287/2287/2186 2286/2288/2187
f 2284/2286/2185 2285/2289/2188 2288/2290/2189 2287/2287/2186
f 2286/2288/2187 2287/2287/2186 2290/2291/2190 2289/2292/2191
f 2287/2287/2186 2288/2290/2189 2291/2293/2192 2290/2291/2190
f 1286/1964/1890 1490/2032/1957 2283/2285/2184 1499/1965/1891
f 1490/2032/1957 1489/2031/1956 2284/2286/2185 2283/2285/2184
f 1489/2031/1956 1488/2030/1955 2285/2289/2188 2284/2286/2185
f 1488/2030/1955 1285/2029/1954 1487/2294/2193 2285/2289/2188
f 2285/2289/2188 1487/2294/2193 1486/2295/2194 2288/2290/2189
f 2288/2290/2189 1486/2295/2194 1485/2296/2195 2291/2293/2192
f 2291/2293/2192 1485/2296/2195 1315/1885/1812 1673/1884/1811
f 2290/2291/2190 2291/2293/2192 1673/1884/1811 1674/1883/1810
f 2289/2292/2191 2290/2291/2190 1674/1883/1810 1675/1881/1808
f 1497/1967/1893 2289/2292/2191 1675/1881/1808 1317/1880/1807
f 1498/1966/1892 2286/2288/2187 2289/2292/2191 1497/1967/1893
f 1499/1965/1891 2283/2285/2184 2286/2288/2187 1498/1966/1892
f 2292/2297/2196 2293/2298/2197 2296/2299/2198 2295/2300/2199
f 2293/2298/2197 2294/2301/2200 2297/2302/2201 2296/2299/2198
f 2295/2300/2199 2296/2299/2198 2299/2303/2202 2298/2304/2203
f 2296/2299/2198 2297/2302/2201 2300/2305/2204 2299/2303/2202
f 1278/1660/1591 1642/1659/1590 2292/2297/2196 1539/1924/1851
f 1642/1659/1590 1641/1658/1589 2293/2298/2197 2292/2297/2196
f 1641/1658/1589 1640/1656/1587 2294/2301/2200 2293/2298/2197
f 1640/1656/1587 1314/1655/1586 1676/1957/1884 2294/2301/2200
f 2294/2301/2200 1676/1957/1884 1677/1969/1895 2297/2302/2201
f 2297/2302/2201 1677/1969/1895 1678/1968/1894 2300/2305/2204
f 2300/2305/2204 1678/1968/1894 1317/1880/1807 1649/1882/1809
f 2299/2303/2202 2300/2305/2204 1649/1882/1809 1650/1895/1822
f 2298/2304/2203 2299/2303/2202 1650/1895/1822 1651/1893/1820
f 1541/1926/1853 2298/2304/2203 1651/1893/1820 1289/1894/1821
f 1540/1925/1852 2295/2300/2199 2298/2304/2203 1541/1926/1853
f 1539/1924/1851 2292/2297/2196 2295/2300/2199 1540/1925/1852
f 2303/2306/2205 2306/2307/2206 2305/1979/1905 2302/1978/1904
f 1779/2308/2207 1780/2309/2208 2306/2307/2206 2303/2306/2205
f 1292/1820/1747 1508/1819/1746 2301/1981/1907 1782/1973/1899
f 1508/1819/1746 1507/1818/1745 2302/1978/1904 2301/1981/1907
f 1507/1818/1745 1506/1817/1744 2303/2306/2205 2302/1978/1904
f 1506/1817/1744 1326/1816/1743 1779/2308/2207 2303/2306/2205
f 1782/1973/1899 2301/1981/1907 2304/1980/1906 1781/1972/1898
f 2306/2307/2206 1780/2309/2208 1335/2310/2209 1749/2311/2210
f 2305/1979/1905 2306/2307/2206 1749/2311/2210 1750/2312/2211
f 2304/1980/1906 2305/1979/1905 1750/2312/2211 1751/2313/2212
f 1781/1972/1898 2304/1980/1906 1751/2313/2212 1336/1982/1908
f 2389/2314/2213 2392/2315/2214 2391/2316/2215 2388/2317/2216
f 2307/2318/2217 2308/2319/2218 2311/2320/2219 2310/2321/2220
f 2308/2319/2218 2309/2322/2221 2312/2323/2222 2311/2320/2219
f 2310/2321/2220 2311/2320/2219 2314/2324/2223 2313/2325/2224
f 2311/2320/2219 2312/2323/2222 2315/2326/2225 2314/2324/2223
f 1264/2327/1249 1373/2328/1248 2307/2318/2217 1239/2329/2226
f 1373/2328/1248 1372/2330/1247 2308/2319/2218 2307/2318/2217
f 1372/2330/1247 1371/2331/1246 2309/2322/2221 2308/2319/2218
f 1371/2331/1246 1296/2251/1245 1654/2253/2157 2309/2322/2221
f 2309/2322/2221 1654/2253/2157 1653/2257/2159 2312/2323/2222
f 2312/2323/2222 1653/2257/2159 1652/2256/2158 2315/2326/2225
f 2315/2326/2225 1652/2256/2158 1318/1571/1502 1681/2117/2036
f 2314/2324/2223 2315/2326/2225 1681/2117/2036 1682/2116/2035
f 2313/2325/2224 2314/2324/2223 1682/2116/2035 1683/2114/2033
f 1395/2332/2227 2313/2325/2224 1683/2114/2033 1310/2113/2032
f 1396/2333/2228 2310/2321/2220 2313/2325/2224 1395/2332/2227
f 1239/2329/2226 2307/2318/2217 2310/2321/2220 1396/2333/2228
f 2316/2334/2229 2317/2335/2230 2320/2336/2231 2319/2337/2232
f 2317/2335/2230 2318/2338/2233 2321/2339/2234 2320/2336/2231
f 2319/2337/2232 2320/2336/2231 2323/2340/2235 2322/2341/2236
f 2320/2336/2231 2321/2339/2234 2324/2342/2237 2323/2340/2235
f 1285/2029/1954 1579/2201/2120 2316/2334/2229 1487/2294/2193
f 1579/2201/2120 1578/2200/2119 2317/2335/2230 2316/2334/2229
f 1578/2200/2119 1577/2199/2118 2318/2338/2233 2317/2335/2230
f 1577/2199/2118 1306/2014/1940 1657/2279/2178 2318/2338/2233
f 2318/2338/2233 1657/2279/2178 1656/2284/2183 2321/2339/2234
f 2321/2339/2234 1656/2284/2183 1655/2283/2182 2324/2342/2237
f 2324/2342/2237 1655/2283/2182 1319/1855/1782 1684/2189/2108
f 2323/2340/2235 2324/2342/2237 1684/2189/2108 1685/2188/2107
f 2322/2341/2236 2323/2340/2235 1685/2188/2107 1686/2187/2106
f 1485/2296/2195 2322/2341/2236 1686/2187/2106 1315/1885/1812
f 1486/2295/2194 2319/2337/2232 2322/2341/2236 1485/2296/2195
f 1487/2294/2193 2316/2334/2229 2319/2337/2232 1486/2295/2194
f 2325/2343/2238 2326/2344/2239 2329/2345/2240 2328/2346/2241
f 2326/2344/2239 2327/2347/2242 2330/2348/2243 2329/2345/2240
f 2328/2346/2241 2329/2345/2240 2332/2349/2244 2331/2350/2245
f 2329/2345/2240 2330/2348/2243 2333/2351/2246 2332/2349/2244
f 1273/1510/1446 1411/1508/1444 2325/2343/2238 1695/2352/2247
f 1411/1508/1444 1410/1507/1443 2326/2344/2239 2325/2343/2238
f 1410/1507/1443 1409/1506/1442 2327/2347/2242 2326/2344/2239
f 1409/1506/1442 1271/1505/1441 1689/2353/2248 2327/2347/2242
f 2327/2347/2242 1689/2353/2248 1688/2354/2249 2330/2348/2243
f 2330/2348/2243 1688/2354/2249 1687/2355/2250 2333/2351/2246
f 2333/2351/2246 1687/2355/2250 1321/1316/1270 1714/1315/1269
f 2332/2349/2244 2333/2351/2246 1714/1315/1269 1715/1314/1268
f 2331/2350/2245 2332/2349/2244 1715/1314/1268 1716/1312/1266
f 1693/2356/2251 2331/2350/2245 1716/1312/1266 1323/1311/1265
f 1694/2357/2252 2328/2346/2241 2331/2350/2245 1693/2356/2251
f 1695/2352/2247 2325/2343/2238 2328/2346/2241 1694/2357/2252
f 2334/2358/2253 2335/2359/2254 2338/2360/2255 2337/2361/2256
f 2335/2359/2254 2336/2362/2257 2339/2363/2258 2338/2360/2255
f 2337/2361/2256 2338/2360/2255 2341/2364/2259 2340/2365/2260
f 2338/2360/2255 2339/2363/2258 2342/2366/2261 2341/2364/2259
f 1271/1535/1441 1414/1533/1467 2334/2358/2253 1689/2367/2248
f 1414/1533/1467 1413/1532/1466 2335/2359/2254 2334/2358/2253
f 1413/1532/1466 1412/1531/1465 2336/2362/2257 2335/2359/2254
f 1412/1531/1465 1272/1530/1464 1692/2368/2262 2336/2362/2257
f 2336/2362/2257 1692/2368/2262 1691/2369/2263 2339/2363/2258
f 2339/2363/2258 1691/2369/2263 1690/2370/2264 2342/2366/2261
f 2342/2366/2261 1690/2370/2264 1322/1341/1293 1717/1340/1292
f 2341/2364/2259 2342/2366/2261 1717/1340/1292 1718/1339/1291
f 2340/2365/2260 2341/2364/2259 1718/1339/1291 1719/1337/1290
f 1687/2371/2250 2340/2365/2260 1719/1337/1290 1321/1336/1270
f 1688/2372/2249 2337/2361/2256 2340/2365/2260 1687/2371/2250
f 1689/2367/2248 2334/2358/2253 2337/2361/2256 1688/2372/2249
f 2343/2373/2265 2344/2374/2266 2347/2375/2267 2346/2376/2268
f 2344/2374/2266 2345/2377/2269 2348/2378/2270 2347/2375/2267
f 2346/2376/2268 2347/2375/2267 2350/2379/2271 2349/2380/2272
f 2347/2375/2267 2348/2378/2270 2351/2381/2273 2350/2379/2271
f 1301/1580/1511 1565/1578/1509 2343/2373/2265 1710/2382/2274
f 1565/1578/1509 1566/1577/1508 2344/2374/2266 2343/2373/2265
f 1566/1577/1508 1567/1576/1507 2345/2377/2269 2344/2374/2266
f 1567/1576/1507 1273/1510/1446 1695/2352/2247 2345/2377/2269
f 2345/2377/2269 1695/2352/2247 1694/2357/2252 2348/2378/2270
f 2348/2378/2270 1694/2357/2252 1693/2356/2251 2351/2381/2273
f 2351/2381/2273 1693/2356/2251 1323/1311/1265 1720/1440/1380
f 2350/2379/2271 2351/2381/2273 1720/1440/1380 1721/1439/1379
f 2349/2380/2272 2350/2379/2271 1721/1439/1379 1722/1437/1377
f 1708/2383/2275 2349/2380/2272 1722/1437/1377 1328/1436/1376
f 1709/2384/2276 2346/2376/2268 2349/2380/2272 1708/2383/2275
f 1710/2382/2274 2343/2373/2265 2346/2376/2268 1709/2384/2276
f 2352/2385/2277 2353/2386/2278 2356/2387/2279 2355/2388/2280
f 2353/2386/2278 2354/2389/2281 2357/2390/2282 2356/2387/2279
f 2355/2388/2280 2356/2387/2279 2359/2391/2283 2358/2392/2284
f 2356/2387/2279 2357/2390/2282 2360/2393/2285 2359/2391/2283
f 1280/1591/1522 1698/1908/1835 2352/2385/2277 1472/1799/1726
f 1698/1908/1835 1697/1907/1834 2353/2386/2278 2352/2385/2277
f 1697/1907/1834 1696/1905/1832 2354/2389/2281 2353/2386/2278
f 1696/1905/1832 1324/1720/1651 1723/1722/1653 2354/2389/2281
f 2354/2389/2281 1723/1722/1653 1724/1730/1660 2357/2390/2282
f 2357/2390/2282 1724/1730/1660 1725/1729/1659 2360/2393/2285
f 2360/2393/2285 1725/1729/1659 1322/1341/1293 1690/2370/2264
f 2359/2391/2283 2360/2393/2285 1690/2370/2264 1691/2369/2263
f 2358/2392/2284 2359/2391/2283 1691/2369/2263 1692/2368/2262
f 1470/1801/1728 2358/2392/2284 1692/2368/2262 1272/1530/1464
f 1471/1800/1727 2355/2388/2280 2358/2392/2284 1470/1801/1728
f 1472/1799/1726 2352/2385/2277 2355/2388/2280 1471/1800/1727
f 2361/2394/2286 2362/2395/2287 2365/2396/2288 2364/2397/2289
f 2362/2395/2287 2363/2398/2290 2366/2399/2291 2365/2396/2288
f 2364/2397/2289 2365/2396/2288 2368/2400/2292 2367/2401/2293
f 2365/2396/2288 2366/2399/2291 2369/2402/2294 2368/2400/2292
f 1309/1560/1491 1586/1558/1489 2361/2394/2286 1713/2403/2295
f 1586/1558/1489 1587/1557/1488 2362/2395/2287 2361/2394/2286
f 1587/1557/1488 1588/1556/1487 2363/2398/2290 2362/2395/2287
f 1588/1556/1487 1291/1555/1486 1704/2404/2296 2363/2398/2290
f 2363/2398/2290 1704/2404/2296 1703/2405/2297 2366/2399/2291
f 2366/2399/2291 1703/2405/2297 1702/2406/2298 2369/2402/2294
f 2369/2402/2294 1702/2406/2298 1326/1816/1743 1726/1815/1742
f 2368/2400/2292 2369/2402/2294 1726/1815/1742 1727/1814/1741
f 2367/2401/2293 2368/2400/2292 1727/1814/1741 1728/1812/1739
f 1711/2407/2299 2367/2401/2293 1728/1812/1739 1329/1811/1738
f 1712/2408/2300 2364/2397/2289 2367/2401/2293 1711/2407/2299
f 1713/2403/2295 2361/2394/2286 2364/2397/2289 1712/2408/2300
f 2370/2409/2301 2371/2410/2302 2374/2411/2303 2373/2412/2304
f 2371/2410/2302 2372/2413/2305 2375/2414/2306 2374/2411/2303
f 2373/2412/2304 2374/2411/2303 2377/2415/2307 2376/2416/2308
f 2374/2411/2303 2375/2414/2306 2378/2417/2309 2377/2415/2307
f 1293/1605/1536 1523/1603/1534 2370/2409/2301 1707/1909/1836
f 1523/1603/1534 1522/1602/1533 2371/2410/2302 2370/2409/2301
f 1522/1602/1533 1521/1601/1532 2372/2413/2305 2371/2410/2302
f 1521/1601/1532 1284/1600/1531 1701/2418/2310 2372/2413/2305
f 2372/2413/2305 1701/2418/2310 1700/2419/2311 2375/2414/2306
f 2375/2414/2306 1700/2419/2311 1699/2420/2312 2378/2417/2309
f 2378/2417/2309 1699/2420/2312 1325/1840/1767 1729/1839/1766
f 2377/2415/2307 2378/2417/2309 1729/1839/1766 1730/1838/1765
f 2376/2416/2308 2377/2415/2307 1730/1838/1765 1731/1836/1763
f 1705/1911/1838 2376/2416/2308 1731/1836/1763 1327/1835/1762
f 1706/1910/1837 2373/2412/2304 2376/2416/2308 1705/1911/1838
f 1707/1909/1836 2370/2409/2301 2373/2412/2304 1706/1910/1837
f 2379/2421/2313 2380/2422/2314 2383/2423/2315 2382/2424/2316
f 2380/2422/2314 2381/2425/2317 2384/2426/2318 2383/2423/2315
f 2382/2424/2316 2383/2423/2315 2386/2427/2319 2385/2428/2320
f 2383/2423/2315 2384/2426/2318 2387/2429/2321 2386/2427/2319
f 1281/1725/1356 1455/1724/1655 2379/2421/2313 1533/2430/1357
f 1455/1724/1655 1454/1723/1654 2380/2422/2314 2379/2421/2313
f 1454/1723/1654 1453/1721/1652 2381/2425/2317 2380/2422/2314
f 1453/1721/1652 1324/1720/1651 1732/1906/1833 2381/2425/2317
f 2381/2425/2317 1732/1906/1833 1733/1913/1840 2384/2426/2318
f 2384/2426/2318 1733/1913/1840 1734/1912/1839 2387/2429/2321
f 2387/2429/2321 1734/1912/1839 1327/1835/1762 1509/1837/1764
f 2386/2427/2319 2387/2429/2321 1509/1837/1764 1510/1845/1772
f 2385/2428/2320 2386/2427/2319 1510/1845/1772 1511/1844/1771
f 1535/2431/1359 2385/2428/2320 1511/1844/1771 1294/1420/1360
f 1534/2432/1358 2382/2424/2316 2385/2428/2320 1535/2431/1359
f 1533/2430/1357 2379/2421/2313 2382/2424/2316 1534/2432/1358
f 2390/2433/2322 2393/2434/2323 2392/2315/2214 2389/2314/2213
f 1735/2435/2324 1736/2436/2325 2393/2434/2323 2390/2433/2322
f 1316/1860/1787 1494/2282/2181 2388/2317/2216 1680/2437/2326
f 1494/2282/2181 1495/2281/2180 2389/2314/2213 2388/2317/2216
f 1495/2281/2180 1496/2280/2179 2390/2433/2322 2389/2314/2213
f 1496/2280/2179 1287/2009/1935 1735/2435/2324 2390/2433/2322
f 1680/2437/2326 2388/2317/2216 2391/2316/2215 1679/2438/2327
f 2393/2434/2323 1736/2436/2325 1334/2439/2328 1748/2440/2329
f 2392/2315/2214 2393/2434/2323 1748/2440/2329 1747/2441/2330
f 2391/2316/2215 2392/2315/2214 1747/2441/2330 1746/2442/2331
f 1679/2438/2327 2391/2316/2215 1746/2442/2331 1333/2443/2332
f 2449/2444/2333 2452/2445/2334 2451/2446/2335 2448/2447/2336
f 2394/2448/2337 2395/2449/2338 2398/2450/2339 2397/2451/2340
f 2395/2449/2338 2396/2452/2341 2399/2453/2342 2398/2450/2339
f 2397/2451/2340 2398/2450/2339 2401/2454/2343 2400/2455/2344
f 2398/2450/2339 2399/2453/2342 2402/2456/2345 2401/2454/2343
f 1229/2122/2041 1420/2120/2039 2394/2448/2337 1247/2457/2346
f 1420/2120/2039 1419/2119/2038 2395/2449/2338 2394/2448/2337
f 1419/2119/2038 1418/2118/2037 2396/2452/2341 2395/2449/2338
f 1418/2118/2037 1301/1580/1511 1710/2382/2274 2396/2452/2341
f 2396/2452/2341 1710/2382/2274 1709/2384/2276 2399/2453/2342
f 2399/2453/2342 1709/2384/2276 1708/2383/2275 2402/2456/2345
f 2402/2456/2345 1708/2383/2275 1328/1436/1376 1737/2060/1983
f 2401/2454/2343 2402/2456/2345 1737/2060/1983 1738/2059/1982
f 2400/2455/2344 2401/2454/2343 1738/2059/1982 1739/2057/1980
f 1245/2458/2347 2400/2455/2344 1739/2057/1980 1320/2056/1979
f 1246/2459/2348 2397/2451/2340 2400/2455/2344 1245/2458/2347
f 1247/2457/2346 2394/2448/2337 2397/2451/2340 1246/2459/2348
f 2403/2460/2349 2404/2461/2350 2407/2462/2351 2406/2463/2352
f 2404/2461/2350 2405/2464/2353 2408/2465/2354 2407/2462/2351
f 2406/2463/2352 2407/2462/2351 2410/2466/2355 2409/2467/2356
f 2407/2462/2351 2408/2465/2354 2411/2468/2357 2410/2466/2355
f 1284/1600/1531 1520/2103/2022 2403/2460/2349 1701/2418/2310
f 1520/2103/2022 1519/2102/2021 2404/2461/2350 2403/2460/2349
f 1519/2102/2021 1518/2101/2020 2405/2464/2353 2404/2461/2350
f 1518/2101/2020 1309/1560/1491 1713/2403/2295 2405/2464/2353
f 2405/2464/2353 1713/2403/2295 1712/2408/2300 2408/2465/2354
f 2408/2465/2354 1712/2408/2300 1711/2407/2299 2411/2468/2357
f 2411/2468/2357 1711/2407/2299 1329/1811/1738 1740/2177/2096
f 2410/2466/2355 2411/2468/2357 1740/2177/2096 1741/2176/2095
f 2409/2467/2356 2410/2466/2355 1741/2176/2095 1742/2175/2094
f 1699/2420/2312 2409/2467/2356 1742/2175/2094 1325/1840/1767
f 1700/2419/2311 2406/2463/2352 2409/2467/2356 1699/2420/2312
f 1701/2418/2310 2403/2460/2349 2406/2463/2352 1700/2419/2311
f 2412/2469/2358 2413/2470/2359 2416/2471/2360 2415/2472/2361
f 2413/2470/2359 2414/2473/2362 2417/2474/2363 2416/2471/2360
f 2415/2472/2361 2416/2471/2360 2419/2475/2364 2418/2476/2365
f 2416/2471/2360 2417/2474/2363 2420/2477/2366 2419/2475/2364
f 1331/2478/2367 1745/2479/2368 2412/2469/2358 1776/2480/2369
f 1745/2479/2368 1249/2481/2370 2413/2470/2359 2412/2469/2358
f 1249/2481/2370 1250/2482/2371 2414/2473/2362 2413/2470/2359
f 1250/2482/2371 1332/1987/1913 1757/1985/1911 2414/2473/2362
f 2414/2473/2362 1757/1985/1911 1756/1984/1910 2417/2474/2363
f 2417/2474/2363 1756/1984/1910 1755/1983/1909 2420/2477/2366
f 2420/2477/2366 1755/1983/1909 1336/1982/1908 1751/2313/2212
f 2419/2475/2364 2420/2477/2366 1751/2313/2212 1750/2312/2211
f 2418/2476/2365 2419/2475/2364 1750/2312/2211 1749/2311/2210
f 1778/2483/2372 2418/2476/2365 1749/2311/2210 1335/2310/2209
f 1777/2484/2373 2415/2472/2361 2418/2476/2365 1778/2483/2372
f 1776/2480/2369 2412/2469/2358 2415/2472/2361 1777/2484/2373
f 2421/2485/2374 2422/2486/2375 2425/2487/2376 2424/2488/2377
f 2422/2486/2375 2423/2489/2378 2426/2490/2379 2425/2487/2376
f 2424/2488/2377 2425/2487/2376 2428/2491/2380 2427/2492/2381
f 2425/2487/2376 2426/2490/2379 2429/2493/2382 2428/2491/2380
f 1231/2494/2383 1251/2495/2384 2421/2485/2374 1768/2496/2385
f 1251/2495/2384 1764/2497/2386 2422/2486/2375 2421/2485/2374
f 1764/2497/2386 1252/2498/2387 2423/2489/2378 2422/2486/2375
f 1252/2498/2387 1232/2499/2388 1760/2500/2389 2423/2489/2378
f 2423/2489/2378 1760/2500/2389 1759/2501/2390 2426/2490/2379
f 2426/2490/2379 1759/2501/2390 1758/2502/2391 2429/2493/2382
f 2429/2493/2382 1758/2502/2391 1339/2503/2392 1767/2504/2393
f 2428/2491/2380 2429/2493/2382 1767/2504/2393 1766/2505/2394
f 2427/2492/2381 2428/2491/2380 1766/2505/2394 1765/2506/2395
f 1770/2507/2396 2427/2492/2381 1765/2506/2395 1333/2443/2332
f 1769/2508/2397 2424/2488/2377 2427/2492/2381 1770/2507/2396
f 1768/2496/2385 2421/2485/2374 2424/2488/2377 1769/2508/2397
f 2430/2509/2398 2431/2510/2399 2434/2511/2400 2433/2512/2401
f 2431/2510/2399 2432/2513/2402 2435/2514/2403 2434/2511/2400
f 2433/2512/2401 2434/2511/2400 2437/2515/2404 2436/2516/2405
f 2434/2511/2400 2435/2514/2403 2438/2517/2406 2437/2515/2404
f 1330/2518/2407 1744/2519/2408 2430/2509/2398 1763/2520/2409
f 1744/2519/2408 1248/2521/2410 2431/2510/2399 2430/2509/2398
f 1248/2521/2410 1743/2522/2411 2432/2513/2402 2431/2510/2399
f 1743/2522/2411 1231/2494/2383 1768/2496/2385 2432/2513/2402
f 2432/2513/2402 1768/2496/2385 1769/2508/2397 2435/2514/2403
f 2435/2514/2403 1769/2508/2397 1770/2507/2396 2438/2517/2406
f 2438/2517/2406 1770/2507/2396 1333/2443/2332 1746/2442/2331
f 2437/2515/2404 2438/2517/2406 1746/2442/2331 1747/2441/2330
f 2436/2516/2405 2437/2515/2404 1747/2441/2330 1748/2440/2329
f 1761/2523/2412 2436/2516/2405 1748/2440/2329 1334/2439/2328
f 1762/2524/2413 2433/2512/2401 2436/2516/2405 1761/2523/2412
f 1763/2520/2409 2430/2509/2398 2433/2512/2401 1762/2524/2413
f 2439/2525/2414 2440/2526/2415 2443/2527/2416 2442/2528/2417
f 2440/2526/2415 2441/2529/2418 2444/2530/2419 2443/2527/2416
f 2442/2528/2417 2443/2527/2416 2446/2531/2420 2445/2532/2421
f 2443/2527/2416 2444/2530/2419 2447/2533/2422 2446/2531/2420
f 1337/2534/2423 1253/2535/2424 2439/2525/2414 1752/2536/2425
f 1253/2535/2424 1772/2537/2426 2440/2526/2415 2439/2525/2414
f 1772/2537/2426 1771/2538/2427 2441/2529/2418 2440/2526/2415
f 1771/2538/2427 1331/2478/2367 1776/2480/2369 2441/2529/2418
f 2441/2529/2418 1776/2480/2369 1777/2484/2373 2444/2530/2419
f 2444/2530/2419 1777/2484/2373 1778/2483/2372 2447/2533/2422
f 2447/2533/2422 1778/2483/2372 1335/2310/2209 1773/2539/2428
f 2446/2531/2420 2447/2533/2422 1773/2539/2428 1774/2540/2429
f 2445/2532/2421 2446/2531/2420 1774/2540/2429 1775/2541/2430
f 1754/2542/2431 2445/2532/2421 1775/2541/2430 1338/2543/2432
f 1753/2544/2433 2442/2528/2417 2445/2532/2421 1754/2542/2431
f 1752/2536/2425 2439/2525/2414 2442/2528/2417 1753/2544/2433
f 2450/1990/1916 2453/1989/1915 2452/2445/2334 2449/2444/2333
f 1735/2435/2324 2448/2447/2336 2451/2446/2335 1736/2436/2325
f 1287/2009/1935 1547/2008/1934 2448/2447/2336 1735/2435/2324
f 1547/2008/1934 1548/2007/1933 2449/2444/2333 2448/2447/2336
f 1548/2007/1933 1549/2006/1932 2450/1990/1916 2449/2444/2333
f 1549/2006/1932 1277/2005/1931 1783/1991/1917 2450/1990/1916
f 2453/1989/1915 1256/1988/1914 1330/2518/2407 1763/2520/2409
f 2452/2445/2334 2453/1989/1915 1763/2520/2409 1762/2524/2413
f 2451/2446/2335 2452/2445/2334 1762/2524/2413 1761/2523/2412
f 1736/2436/2325 2451/2446/2335 1761/2523/2412 1334/2439/2328
f 2455/2545/2434 2458/2546/2435 2457/2547/2436 2454/2548/2437
f 2456/2549/2438 2459/2550/2439 2458/2546/2435 2455/2545/2434
f 1784/2551/2440 1785/2552/2441 2459/2550/2439 2456/2549/2438
f 1326/1816/1743 1702/2406/2298 2454/2548/2437 1779/2308/2207
f 1702/2406/2298 1703/2405/2297 2455/2545/2434 2454/2548/2437
f 1703/2405/2297 1704/2404/2296 2456/2549/2438 2455/2545/2434
f 1704/2404/2296 1291/1555/1486 1784/2551/2440 2456/2549/2438
f 1779/2308/2207 2454/2548/2437 2457/2547/2436 1780/2309/2208
f 2459/2550/2439 1785/2552/2441 1338/2543/2432 1775/2541/2430
f 2458/2546/2435 2459/2550/2439 1775/2541/2430 1774/2540/2429
f 2457/2547/2436 2458/2546/2435 1774/2540/2429 1773/2539/2428
f 1780/2309/2208 2457/2547/2436 1773/2539/2428 1335/2310/2209
f 2461/2553/2442 2464/2554/2443 2463/2555/2444 2460/2556/2445
f 2462/2557/2446 2465/2558/2447 2464/2554/2443 2461/2553/2442
f 1679/2438/2327 2465/2558/2447 2462/2557/2446 1680/2437/2326
f 1288/1864/1791 1648/1863/1790 2460/2556/2445 1786/2559/2448
f 1648/1863/1790 1647/1862/1789 2461/2553/2442 2460/2556/2445
f 1647/1862/1789 1646/1861/1788 2462/2557/2446 2461/2553/2442
f 1646/1861/1788 1316/1860/1787 1680/2437/2326 2462/2557/2446
f 1786/2559/2448 2460/2556/2445 2463/2555/2444 1787/2560/2449
f 2465/2558/2447 1679/2438/2327 1333/2443/2332 1765/2506/2395
f 2464/2554/2443 2465/2558/2447 1765/2506/2395 1766/2505/2394
f 2463/2555/2444 2464/2554/2443 1766/2505/2394 1767/2504/2393
f 1787/2560/2449 2463/2555/2444 1767/2504/2393 1339/2503/2392
f 2467/2561/2450 2470/2562/2451 2469/2563/2452 2466/2564/2453
f 2468/2565/2454 2471/2566/2455 2470/2562/2451 2467/2561/2450
f 1799/2567/2456 1800/2568/2457 2471/2566/2455 2468/2565/2454
f 1291/1555/1486 1526/1554/1485 2466/2564/2453 1784/2551/2440
f 1526/1554/1485 1525/1553/1484 2467/2561/2450 2466/2564/2453
f 1525/1553/1484 1524/1552/1483 2468/2565/2454 2467/2561/2450
f 1524/1552/1483 1341/1551/1482 1799/2567/2456 2468/2565/2454
f 1784/2551/2440 2466/2564/2453 2469/2563/2452 1785/2552/2441
f 2471/2566/2455 1800/2568/2457 1337/2534/2423 1752/2536/2425
f 2470/2562/2451 2471/2566/2455 1752/2536/2425 1753/2544/2433
f 2469/2563/2452 2470/2562/2451 1753/2544/2433 1754/2542/2431
f 1785/2552/2441 2469/2563/2452 1754/2542/2431 1338/2543/2432
f 2472/2569/2458 2473/2570/2459 2475/2571/2460 2474/2572/2461
f 2474/2572/2461 2475/2571/2460 2477/2573/2462 2476/2574/2463
f 1791/2575/2464 1792/2576/2465 2473/2570/2459 2472/2569/2458
f 1232/2499/2388 1791/2575/2464 2472/2569/2458 1760/2500/2389
f 2476/2574/2463 2477/2573/2462 1786/2559/2448 1787/2560/2449
f 1792/2576/2465 1340/1684/1615 1790/2577/2466 2473/2570/2459
f 2473/2570/2459 1790/2577/2466 1789/2578/2467 2475/2571/2460
f 2475/2571/2460 1789/2578/2467 1788/2579/2468 2477/2573/2462
f 2477/2573/2462 1788/2579/2468 1288/1864/1791 1786/2559/2448
f 2488/2580/2469 2491/2581/2470 2490/2582/2471 2487/2583/2472
f 1758/2502/2391 2476/2574/2463 1787/2560/2449 1339/2503/2392
f 1759/2501/2390 2474/2572/2461 2476/2574/2463 1758/2502/2391
f 1760/2500/2389 2472/2569/2458 2474/2572/2461 1759/2501/2390
f 2478/2584/2473 2479/2585/2474 2482/2586/2475 2481/2587/2476
f 2479/2585/2474 2480/2588/2477 2483/2589/2478 2482/2586/2475
f 2481/2587/2476 2482/2586/2475 2485/2590/2479 2484/2591/2480
f 2482/2586/2475 2483/2589/2478 2486/2592/2481 2485/2590/2479
f 1340/1684/1615 1793/1683/1614 2478/2584/2473 1790/2577/2466
f 1793/1683/1614 1794/1682/1613 2479/2585/2474 2478/2584/2473
f 1794/1682/1613 1795/1681/1612 2480/2588/2477 2479/2585/2474
f 1795/1681/1612 1303/1680/1611 1625/1939/1866 2480/2588/2477
f 2480/2588/2477 1625/1939/1866 1626/1946/1873 2483/2589/2478
f 2483/2589/2478 1626/1946/1873 1627/1945/1872 2486/2592/2481
f 2486/2592/2481 1627/1945/1872 1307/1869/1796 1580/1867/1794
f 2485/2590/2479 2486/2592/2481 1580/1867/1794 1581/1866/1793
f 2484/2591/2480 2485/2590/2479 1581/1866/1793 1582/1865/1792
f 1788/2579/2468 2484/2591/2480 1582/1865/1792 1288/1864/1791
f 1789/2578/2467 2481/2587/2476 2484/2591/2480 1788/2579/2468
f 1790/2577/2466 2478/2584/2473 2481/2587/2476 1789/2578/2467
f 2489/2593/2482 2492/2594/2483 2491/2581/2470 2488/2580/2469
f 1542/2595/2484 2492/2594/2483 2489/2593/2482 1543/2596/2485
f 1341/1551/1482 1574/2165/2084 2487/2583/2472 1799/2567/2456
f 1574/2165/2084 1575/2164/2083 2488/2580/2469 2487/2583/2472
f 1575/2164/2083 1576/2163/2082 2489/2593/2482 2488/2580/2469
f 1576/2163/2082 1342/1689/1620 1543/2596/2485 2489/2593/2482
f 1799/2567/2456 2487/2583/2472 2490/2582/2471 1800/2568/2457
f 2492/2594/2483 1542/2595/2484 1343/2597/2486 1808/2598/2487
f 2491/2581/2470 2492/2594/2483 1808/2598/2487 1260/2599/2488
f 2490/2582/2471 2491/2581/2470 1260/2599/2488 1259/2600/2489
f 1800/2568/2457 2490/2582/2471 1259/2600/2489 1337/2534/2423
f 2494/2601/2490 2497/2602/2491 2496/2603/2492 2493/2604/2493
f 2495/2605/2494 2498/2606/2495 2497/2602/2491 2494/2601/2490
f 1791/2575/2464 2498/2606/2495 2495/2605/2494 1792/2576/2465
f 1342/1689/1620 1806/1687/1618 2493/2604/2493 1543/2596/2485
f 1806/1687/1618 1805/1686/1617 2494/2601/2490 2493/2604/2493
f 1805/1686/1617 1804/1685/1616 2495/2605/2494 2494/2601/2490
f 1804/1685/1616 1340/1684/1615 1792/2576/2465 2495/2605/2494
f 1543/2596/2485 2493/2604/2493 2496/2603/2492 1542/2595/2484
f 2498/2606/2495 1791/2575/2464 1232/2499/2388 1807/2607/2496
f 2497/2602/2491 2498/2606/2495 1807/2607/2496 1257/2608/2497
f 2496/2603/2492 2497/2602/2491 1257/2608/2497 1258/2609/2498
f 1542/2595/2484 2496/2603/2492 1258/2609/2498 1343/2597/2486
f 1255/1975/1901 2097/1276/1230 2100/1275/1229 1254/1986/1912
f 3370/2610/2499 3369/2611/2500 3372/2612/2501 3373/2613/2502
f 3081/2614/2503 3084/2615/2504 3085/2616/2505 3082/2617/2506
f 3082/2617/2506 3085/2616/2505 3086/2618/2507 3083/2619/2508
f 3084/2615/2504 3087/2620/2509 3088/2621/2510 3085/2616/2505
f 3085/2616/2505 3088/2621/2510 3089/2622/2511 3086/2618/2507
f 2571/2623/2512 2652/2624/2513 3081/2614/2503 2863/2625/2514
f 2863/2625/2514 3081/2614/2503 3082/2617/2506 2862/2626/2515
f 2862/2626/2515 3082/2617/2506 3083/2619/2508 2861/2627/2516
f 2861/2627/2516 3083/2619/2508 2643/2628/2517 2568/2629/2518
f 3083/2619/2508 3086/2618/2507 2644/2630/2519 2643/2628/2517
f 3086/2618/2507 3089/2622/2511 2645/2631/2520 2644/2630/2519
f 3089/2622/2511 2505/2632/2521 2536/2633/2522 2645/2631/2520
f 3088/2621/2510 2616/2634/2523 2505/2632/2521 3089/2622/2511
f 3087/2620/2509 2506/2635/2524 2616/2634/2523 3088/2621/2510
f 2654/2636/2525 2533/2637/2526 2506/2635/2524 3087/2620/2509
f 2653/2638/2527 2654/2636/2525 3087/2620/2509 3084/2615/2504
f 2652/2624/2513 2653/2638/2527 3084/2615/2504 3081/2614/2503
f 3090/2639/2528 3093/2640/2529 3094/2641/2530 3091/2642/2531
f 3091/2642/2531 3094/2641/2530 3095/2643/2532 3092/2644/2533
f 3093/2640/2529 3096/2645/2534 3097/2646/2535 3094/2641/2530
f 3094/2641/2530 3097/2646/2535 3098/2647/2536 3095/2643/2532
f 2595/2648/2537 2658/2649/2538 3090/2639/2528 2988/2650/2539
f 2988/2650/2539 3090/2639/2528 3091/2642/2531 2987/2651/2540
f 2987/2651/2540 3091/2642/2531 3092/2644/2533 2986/2652/2541
f 2986/2652/2541 3092/2644/2533 2620/2653/2542 2593/2654/2543
f 3092/2644/2533 3095/2643/2532 2621/2655/2544 2620/2653/2542
f 3095/2643/2532 3098/2647/2536 2622/2656/2545 2621/2655/2544
f 3098/2647/2536 2637/2657/2546 2534/2658/2547 2622/2656/2545
f 3097/2646/2535 2636/2659/2548 2637/2657/2546 3098/2647/2536
f 3096/2645/2534 2635/2660/2549 2636/2659/2548 3097/2646/2535
f 2660/2661/2550 2541/2662/2551 2635/2660/2549 3096/2645/2534
f 2659/2663/2552 2660/2661/2550 3096/2645/2534 3093/2640/2529
f 2658/2649/2538 2659/2663/2552 3093/2640/2529 3090/2639/2528
f 3099/2664/2553 3102/2665/2554 3103/2666/2555 3100/2667/2556
f 3100/2667/2556 3103/2666/2555 3104/2668/2557 3101/2669/2558
f 3102/2665/2554 3105/2670/2559 3106/2671/2560 3103/2666/2555
f 3103/2666/2555 3106/2671/2560 3107/2672/2561 3104/2668/2557
f 2593/2673/2543 2620/2674/2542 3099/2664/2553 2991/2675/2562
f 2991/2675/2562 3099/2664/2553 3100/2667/2556 2990/2676/2563
f 2990/2676/2563 3100/2667/2556 3101/2669/2558 2989/2677/2564
f 2989/2677/2564 3101/2669/2558 2626/2678/2565 2594/2679/2566
f 3101/2669/2558 3104/2668/2557 2627/2680/2567 2626/2678/2565
f 3104/2668/2557 3107/2672/2561 2628/2681/2568 2627/2680/2567
f 3107/2672/2561 2629/2682/2569 2535/2683/2570 2628/2681/2568
f 3106/2671/2560 2630/2684/2571 2629/2682/2569 3107/2672/2561
f 3105/2670/2559 2631/2685/2572 2630/2684/2571 3106/2671/2560
f 2622/2686/2545 2534/2687/2547 2631/2685/2572 3105/2670/2559
f 2621/2688/2544 2622/2686/2545 3105/2670/2559 3102/2665/2554
f 2620/2674/2542 2621/2688/2544 3102/2665/2554 3099/2664/2553
f 3108/2689/2573 3111/2690/2574 3112/2691/2575 3109/2692/2576
f 3109/2692/2576 3112/2691/2575 3113/2693/2577 3110/2694/2578
f 3111/2690/2574 3114/2695/2579 3115/2696/2580 3112/2691/2575
f 3112/2691/2575 3115/2696/2580 3116/2697/2581 3113/2693/2577
f 2538/2698/2582 2640/2699/2583 3108/2689/2573 2625/2700/2584
f 2625/2700/2584 3108/2689/2573 3109/2692/2576 2624/2701/2585
f 2624/2701/2585 3109/2692/2576 3110/2694/2578 2623/2702/2586
f 2623/2702/2586 3110/2694/2578 2619/2703/2587 2537/2704/2588
f 3110/2694/2578 3113/2693/2577 2618/2705/2589 2619/2703/2587
f 3113/2693/2577 3116/2697/2581 2617/2706/2590 2618/2705/2589
f 3116/2697/2581 2655/2707/2591 2539/2708/2592 2617/2706/2590
f 3115/2696/2580 2656/2709/2593 2655/2707/2591 3116/2697/2581
f 3114/2695/2579 2657/2710/2594 2656/2709/2593 3115/2696/2580
f 2638/2711/2595 2542/2712/2596 2657/2710/2594 3114/2695/2579
f 2639/2713/2597 2638/2711/2595 3114/2695/2579 3111/2690/2574
f 2640/2699/2583 2639/2713/2597 3111/2690/2574 3108/2689/2573
f 3117/2714/2598 3120/2715/2599 3121/2716/2600 3118/2717/2601
f 3118/2717/2601 3121/2716/2600 3122/2718/2602 3119/2719/2603
f 3120/2715/2599 3123/2720/2604 3124/2721/2605 3121/2716/2600
f 3121/2716/2600 3124/2721/2605 3125/2722/2606 3122/2718/2602
f 2540/2723/2607 2632/2724/2608 3117/2714/2598 2663/2725/2609
f 2663/2725/2609 3117/2714/2598 3118/2717/2601 2662/2726/2610
f 2662/2726/2610 3118/2717/2601 3119/2719/2603 2661/2727/2611
f 2661/2727/2611 3119/2719/2603 2635/2728/2549 2541/2729/2551
f 3119/2719/2603 3122/2718/2602 2636/2730/2548 2635/2728/2549
f 3122/2718/2602 3125/2722/2606 2637/2731/2546 2636/2730/2548
f 3125/2722/2606 2631/2732/2572 2534/2733/2547 2637/2731/2546
f 3124/2721/2605 2630/2734/2571 2631/2732/2572 3125/2722/2606
f 3123/2720/2604 2629/2735/2569 2630/2734/2571 3124/2721/2605
f 2634/2736/2612 2535/2737/2570 2629/2735/2569 3123/2720/2604
f 2633/2738/2613 2634/2736/2612 3123/2720/2604 3120/2715/2599
f 2632/2724/2608 2633/2738/2613 3120/2715/2599 3117/2714/2598
f 3126/2739/2614 3129/2740/2615 3130/2741/2616 3127/2742/2617
f 3127/2742/2617 3130/2741/2616 3131/2743/2618 3128/2744/2619
f 3129/2740/2615 3132/2745/2620 3133/2746/2621 3130/2741/2616
f 3130/2741/2616 3133/2746/2621 3134/2747/2622 3131/2743/2618
f 2554/2748/2623 2802/2749/2624 3126/2739/2614 2728/2750/2625
f 2728/2750/2625 3126/2739/2614 3127/2742/2617 2729/2751/2626
f 2729/2751/2626 3127/2742/2617 3128/2744/2619 2730/2752/2627
f 2730/2752/2627 3128/2744/2619 2805/2753/2628 2553/2754/2629
f 3128/2744/2619 3131/2743/2618 2806/2755/2630 2805/2753/2628
f 3131/2743/2618 3134/2747/2622 2807/2756/2631 2806/2755/2630
f 3134/2747/2622 2786/2757/2632 2566/2758/2633 2807/2756/2631
f 3133/2746/2621 2785/2759/2634 2786/2757/2632 3134/2747/2622
f 3132/2745/2620 2784/2760/2635 2785/2759/2634 3133/2746/2621
f 2804/2761/2636 2567/2762/2637 2784/2760/2635 3132/2745/2620
f 2803/2763/2638 2804/2761/2636 3132/2745/2620 3129/2740/2615
f 2802/2749/2624 2803/2763/2638 3129/2740/2615 3126/2739/2614
f 3135/2764/2639 3138/2765/2640 3139/2766/2641 3136/2767/2642
f 3136/2767/2642 3139/2766/2641 3140/2768/2643 3137/2769/2644
f 3138/2765/2640 3141/2770/2645 3142/2771/2646 3139/2766/2641
f 3139/2766/2641 3142/2771/2646 3143/2772/2647 3140/2768/2643
f 2600/2773/2648 2864/2774/2649 3135/2764/2639 2994/2775/2650
f 2994/2775/2650 3135/2764/2639 3136/2767/2642 2993/2776/2651
f 2993/2776/2651 3136/2767/2642 3137/2769/2644 2992/2777/2652
f 2992/2777/2652 3137/2769/2644 2658/2649/2538 2595/2648/2537
f 3137/2769/2644 3140/2768/2643 2659/2663/2552 2658/2649/2538
f 3140/2768/2643 3143/2772/2647 2660/2661/2550 2659/2663/2552
f 3143/2772/2647 2833/2778/2653 2541/2662/2551 2660/2661/2550
f 3142/2771/2646 2832/2779/2654 2833/2778/2653 3143/2772/2647
f 3141/2770/2645 2831/2780/2655 2832/2779/2654 3142/2771/2646
f 2866/2781/2656 2570/2782/2657 2831/2780/2655 3141/2770/2645
f 2865/2783/2658 2866/2781/2656 3141/2770/2645 3138/2765/2640
f 2864/2774/2649 2865/2783/2658 3138/2765/2640 3135/2764/2639
f 3144/2784/2659 3147/2785/2660 3148/2786/2661 3145/2787/2662
f 3145/2787/2662 3148/2786/2661 3149/2788/2663 3146/2789/2664
f 3147/2785/2660 3150/2790/2665 3151/2791/2666 3148/2786/2661
f 3148/2786/2661 3151/2791/2666 3152/2792/2667 3149/2788/2663
f 2569/2793/2668 2828/2794/2669 3144/2784/2659 2869/2795/2670
f 2869/2795/2670 3144/2784/2659 3145/2787/2662 2868/2796/2671
f 2868/2796/2671 3145/2787/2662 3146/2789/2664 2867/2797/2672
f 2867/2797/2672 3146/2789/2664 2831/2798/2655 2570/2799/2657
f 3146/2789/2664 3149/2788/2663 2832/2800/2654 2831/2798/2655
f 3149/2788/2663 3152/2792/2667 2833/2801/2653 2832/2800/2654
f 3152/2792/2667 2661/2727/2611 2541/2729/2551 2833/2801/2653
f 3151/2791/2666 2662/2726/2610 2661/2727/2611 3152/2792/2667
f 3150/2790/2665 2663/2725/2609 2662/2726/2610 3151/2791/2666
f 2830/2802/2673 2540/2723/2607 2663/2725/2609 3150/2790/2665
f 2829/2803/2674 2830/2802/2673 3150/2790/2665 3147/2785/2660
f 2828/2794/2669 2829/2803/2674 3147/2785/2660 3144/2784/2659
f 3153/2804/2675 3156/2805/2676 3157/2806/2677 3154/2807/2678
f 3154/2807/2678 3157/2806/2677 3158/2808/2679 3155/2809/2680
f 3156/2805/2676 3159/2810/2681 3160/2811/2682 3157/2806/2677
f 3157/2806/2677 3160/2811/2682 3161/2812/2683 3158/2808/2679
f 2576/2813/2684 2870/2814/2685 3153/2804/2675 2843/2815/2686
f 2843/2815/2686 3153/2804/2675 3154/2807/2678 2844/2816/2687
f 2844/2816/2687 3154/2807/2678 3155/2809/2680 2845/2817/2688
f 2845/2817/2688 3155/2809/2680 2802/2749/2624 2554/2748/2623
f 3155/2809/2680 3158/2808/2679 2803/2763/2638 2802/2749/2624
f 3158/2808/2679 3161/2812/2683 2804/2761/2636 2803/2763/2638
f 3161/2812/2683 2857/2818/2689 2567/2762/2637 2804/2761/2636
f 3160/2811/2682 2856/2819/2690 2857/2818/2689 3161/2812/2683
f 3159/2810/2681 2855/2820/2691 2856/2819/2690 3160/2811/2682
f 2872/2821/2692 2580/2822/2693 2855/2820/2691 3159/2810/2681
f 2871/2823/2694 2872/2821/2692 3159/2810/2681 3156/2805/2676
f 2870/2814/2685 2871/2823/2694 3156/2805/2676 3153/2804/2675
f 3162/2824/2695 3165/2825/2696 3166/2826/2697 3163/2827/2698
f 3163/2827/2698 3166/2826/2697 3167/2828/2699 3164/2829/2700
f 3165/2825/2696 3168/2830/2701 3169/2831/2702 3166/2826/2697
f 3166/2826/2697 3169/2831/2702 3170/2832/2703 3167/2828/2699
f 2585/2833/2704 2909/2834/2705 3162/2824/2695 2932/2835/2706
f 2932/2835/2706 3162/2824/2695 3163/2827/2698 2931/2836/2707
f 2931/2836/2707 3163/2827/2698 3164/2829/2700 2930/2837/2708
f 2930/2837/2708 3164/2829/2700 2903/2838/2709 2583/2839/2710
f 3164/2829/2700 3167/2828/2699 2904/2840/2711 2903/2838/2709
f 3167/2828/2699 3170/2832/2703 2905/2841/2712 2904/2840/2711
f 3170/2832/2703 2681/2842/2713 2543/2843/2714 2905/2841/2712
f 3169/2831/2702 2682/2844/2715 2681/2842/2713 3170/2832/2703
f 3168/2830/2701 2683/2845/2716 2682/2844/2715 3169/2831/2702
f 2911/2846/2717 2545/2847/2718 2683/2845/2716 3168/2830/2701
f 2910/2848/2719 2911/2846/2717 3168/2830/2701 3165/2825/2696
f 2909/2834/2705 2910/2848/2719 3165/2825/2696 3162/2824/2695
f 3171/2849/2720 3174/2850/2721 3175/2851/2722 3172/2852/2723
f 3172/2852/2723 3175/2851/2722 3176/2853/2724 3173/2854/2725
f 3174/2850/2721 3177/2855/2726 3178/2856/2727 3175/2851/2722
f 3175/2851/2722 3178/2856/2727 3179/2857/2728 3176/2853/2724
f 2583/2858/2710 2903/2859/2709 3171/2849/2720 2935/2860/2729
f 2935/2860/2729 3171/2849/2720 3172/2852/2723 2934/2861/2730
f 2934/2861/2730 3172/2852/2723 3173/2854/2725 2933/2862/2731
f 2933/2862/2731 3173/2854/2725 2906/2863/2732 2584/2864/2733
f 3173/2854/2725 3176/2853/2724 2907/2865/2734 2906/2863/2732
f 3176/2853/2724 3179/2857/2728 2908/2866/2735 2907/2865/2734
f 3179/2857/2728 2684/2867/2736 2544/2868/2737 2908/2866/2735
f 3178/2856/2727 2685/2869/2738 2684/2867/2736 3179/2857/2728
f 3177/2855/2726 2686/2870/2739 2685/2869/2738 3178/2856/2727
f 2905/2871/2712 2543/2872/2714 2686/2870/2739 3177/2855/2726
f 2904/2873/2711 2905/2871/2712 3177/2855/2726 3174/2850/2721
f 2903/2859/2709 2904/2873/2711 3174/2850/2721 3171/2849/2720
f 3180/2874/2740 3183/2875/2741 3184/2876/2742 3181/2877/2743
f 3181/2877/2743 3184/2876/2742 3185/2878/2744 3182/2879/2745
f 3183/2875/2741 3186/2880/2746 3187/2881/2747 3184/2876/2742
f 3184/2876/2742 3187/2881/2747 3188/2882/2748 3185/2878/2744
f 2577/2883/2749 2873/2884/2750 3180/2874/2740 3073/2885/2751
f 3073/2885/2751 3180/2874/2740 3181/2877/2743 3074/2886/2752
f 3074/2886/2752 3181/2877/2743 3182/2879/2745 3075/2887/2753
f 3075/2887/2753 3182/2879/2745 2796/2888/2754 2613/2889/2755
f 3182/2879/2745 3185/2878/2744 2797/2890/2756 2796/2888/2754
f 3185/2878/2744 3188/2882/2748 2798/2891/2757 2797/2890/2756
f 3188/2882/2748 2860/2892/2758 2563/2893/2759 2798/2891/2757
f 3187/2881/2747 2859/2894/2760 2860/2892/2758 3188/2882/2748
f 3186/2880/2746 2858/2895/2761 2859/2894/2760 3187/2881/2747
f 2875/2896/2762 2581/2897/2763 2858/2895/2761 3186/2880/2746
f 2874/2898/2764 2875/2896/2762 3186/2880/2746 3183/2875/2741
f 2873/2884/2750 2874/2898/2764 3183/2875/2741 3180/2874/2740
f 3189/2899/2765 3192/2900/2766 3193/2901/2767 3190/2902/2768
f 3190/2902/2768 3193/2901/2767 3194/2903/2769 3191/2904/2770
f 3192/2900/2766 3195/2905/2771 3196/2906/2772 3193/2901/2767
f 3193/2901/2767 3196/2906/2772 3197/2907/2773 3194/2903/2769
f 2590/2908/2774 2876/2909/2775 3189/2899/2765 2938/2910/2776
f 2938/2910/2776 3189/2899/2765 3190/2902/2768 2937/2911/2777
f 2937/2911/2777 3190/2902/2768 3191/2904/2770 2936/2912/2778
f 2936/2912/2778 3191/2904/2770 2909/2834/2705 2585/2833/2704
f 3191/2904/2770 3194/2903/2769 2910/2848/2719 2909/2834/2705
f 3194/2903/2769 3197/2907/2773 2911/2846/2717 2910/2848/2719
f 3197/2907/2773 2839/2913/2779 2545/2847/2718 2911/2846/2717
f 3196/2906/2772 2838/2914/2780 2839/2913/2779 3197/2907/2773
f 3195/2905/2771 2837/2915/2781 2838/2914/2780 3196/2906/2772
f 2878/2916/2782 2573/2917/2783 2837/2915/2781 3195/2905/2771
f 2877/2918/2784 2878/2916/2782 3195/2905/2771 3192/2900/2766
f 2876/2909/2775 2877/2918/2784 3192/2900/2766 3189/2899/2765
f 3198/2919/2785 3201/2920/2786 3202/2921/2787 3199/2922/2788
f 3199/2922/2788 3202/2921/2787 3203/2923/2789 3200/2924/2790
f 3201/2920/2786 3204/2925/2791 3205/2926/2792 3202/2921/2787
f 3202/2921/2787 3205/2926/2792 3206/2927/2793 3203/2923/2789
f 2552/2928/2794 2680/2929/2795 3198/2919/2785 2739/2930/2796
f 2739/2930/2796 3198/2919/2785 3199/2922/2788 2738/2931/2797
f 2738/2931/2797 3199/2922/2788 3200/2924/2790 2737/2932/2798
f 2737/2932/2798 3200/2924/2790 2664/2933/2799 2546/2934/2800
f 3200/2924/2790 3203/2923/2789 2665/2935/2801 2664/2933/2799
f 3203/2923/2789 3206/2927/2793 2666/2936/2802 2665/2935/2801
f 3206/2927/2793 2793/2937/2803 2556/2938/2804 2666/2936/2802
f 3205/2926/2792 2794/2939/2805 2793/2937/2803 3206/2927/2793
f 3204/2925/2791 2795/2940/2806 2794/2939/2805 3205/2926/2792
f 2678/2941/2807 2565/2942/2808 2795/2940/2806 3204/2925/2791
f 2679/2943/2809 2678/2941/2807 3204/2925/2791 3201/2920/2786
f 2680/2929/2795 2679/2943/2809 3201/2920/2786 3198/2919/2785
f 3207/2944/2810 3210/2945/2811 3211/2946/2812 3208/2947/2813
f 3208/2947/2813 3211/2946/2812 3212/2948/2814 3209/2949/2815
f 3210/2945/2811 3213/2950/2816 3214/2951/2817 3211/2946/2812
f 3211/2946/2812 3214/2951/2817 3215/2952/2818 3212/2948/2814
f 2547/2953/2819 2713/2954/2820 3207/2944/2810 2696/2955/2821
f 2696/2955/2821 3207/2944/2810 3208/2947/2813 2697/2956/2822
f 2697/2956/2822 3208/2947/2813 3209/2949/2815 2698/2957/2823
f 2698/2957/2823 3209/2949/2815 2714/2958/2824 2548/2959/2825
f 3209/2949/2815 3212/2948/2814 2715/2960/2826 2714/2958/2824
f 3212/2948/2814 3215/2952/2818 2716/2961/2827 2715/2960/2826
f 3215/2952/2818 2640/2699/2583 2538/2698/2582 2716/2961/2827
f 3214/2951/2817 2639/2713/2597 2640/2699/2583 3215/2952/2818
f 3213/2950/2816 2638/2711/2595 2639/2713/2597 3214/2951/2817
f 2711/2962/2828 2542/2712/2596 2638/2711/2595 3213/2950/2816
f 2712/2963/2829 2711/2962/2828 3213/2950/2816 3210/2945/2811
f 2713/2954/2820 2712/2963/2829 3210/2945/2811 3207/2944/2810
f 3216/2964/2830 3219/2965/2831 3220/2966/2832 3217/2967/2833
f 3217/2967/2833 3220/2966/2832 3221/2968/2834 3218/2969/2835
f 3219/2965/2831 3222/2970/2836 3223/2971/2837 3220/2966/2832
f 3220/2966/2832 3223/2971/2837 3224/2972/2838 3221/2968/2834
f 2574/2973/2839 2879/2974/2840 3216/2964/2830 2840/2975/2841
f 2840/2975/2841 3216/2964/2830 3217/2967/2833 2841/2976/2842
f 2841/2976/2842 3217/2967/2833 3218/2969/2835 2842/2977/2843
f 2842/2977/2843 3218/2969/2835 2713/2954/2820 2547/2953/2819
f 3218/2969/2835 3221/2968/2834 2712/2963/2829 2713/2954/2820
f 3221/2968/2834 3224/2972/2838 2711/2962/2828 2712/2963/2829
f 3224/2972/2838 2836/2978/2844 2542/2712/2596 2711/2962/2828
f 3223/2971/2837 2835/2979/2845 2836/2978/2844 3224/2972/2838
f 3222/2970/2836 2834/2980/2846 2835/2979/2845 3223/2971/2837
f 2881/2981/2847 2571/2623/2512 2834/2980/2846 3222/2970/2836
f 2880/2982/2848 2881/2981/2847 3222/2970/2836 3219/2965/2831
f 2879/2974/2840 2880/2982/2848 3219/2965/2831 3216/2964/2830
f 3225/2983/2849 3228/2984/2850 3229/2985/2851 3226/2986/2852
f 3226/2986/2852 3229/2985/2851 3230/2987/2853 3227/2988/2854
f 3228/2984/2850 3231/2989/2855 3232/2990/2856 3229/2985/2851
f 3229/2985/2851 3232/2990/2856 3233/2991/2857 3230/2987/2853
f 2586/2992/2858 2939/2993/2859 3225/2983/2849 2912/2994/2860
f 2912/2994/2860 3225/2983/2849 3226/2986/2852 2913/2995/2861
f 2913/2995/2861 3226/2986/2852 3227/2988/2854 2914/2996/2862
f 2914/2996/2862 3227/2988/2854 2719/2997/2863 2550/2998/2864
f 3227/2988/2854 3230/2987/2853 2720/2999/2865 2719/2997/2863
f 3230/2987/2853 3233/2991/2857 2721/3000/2866 2720/2999/2865
f 3233/2991/2857 2908/2866/2735 2544/2868/2737 2721/3000/2866
f 3232/2990/2856 2907/2865/2734 2908/2866/2735 3233/2991/2857
f 3231/2989/2855 2906/2863/2732 2907/2865/2734 3232/2990/2856
f 2941/3001/2867 2584/2864/2733 2906/2863/2732 3231/2989/2855
f 2940/3002/2868 2941/3001/2867 3231/2989/2855 3228/2984/2850
f 2939/2993/2859 2940/3002/2868 3228/2984/2850 3225/2983/2849
f 3234/3003/2869 3237/3004/2870 3238/3005/2871 3235/3006/2872
f 3235/3006/2872 3238/3005/2871 3239/3007/2873 3236/3008/2874
f 3237/3004/2870 3240/3009/2875 3241/3010/2876 3238/3005/2871
f 3238/3005/2871 3241/3010/2876 3242/3011/2877 3239/3007/2873
f 2572/3012/2878 3068/3013/2879 3234/3003/2869 2884/3014/2880
f 2884/3014/2880 3234/3003/2869 3235/3006/2872 2883/3015/2881
f 2883/3015/2881 3235/3006/2872 3236/3008/2874 2882/3016/2882
f 2882/3016/2882 3236/3008/2874 3067/3017/2883 2575/3018/2884
f 3236/3008/2874 3239/3007/2873 3066/3019/2885 3067/3017/2883
f 3239/3007/2873 3242/3011/2877 3065/3020/2886 3066/3019/2885
f 3242/3011/2877 3076/3021/2887 2612/3022/2888 3065/3020/2886
f 3241/3010/2876 3077/3023/2889 3076/3021/2887 3242/3011/2877
f 3240/3009/2875 3078/3024/2890 3077/3023/2889 3241/3010/2876
f 3070/3025/2891 2614/3026/2892 3078/3024/2890 3240/3009/2875
f 3069/3027/2893 3070/3025/2891 3240/3009/2875 3237/3004/2870
f 3068/3013/2879 3069/3027/2893 3237/3004/2870 3234/3003/2869
f 3243/3028/2894 3246/3029/2895 3247/3030/2896 3244/3031/2897
f 3244/3031/2897 3247/3030/2896 3248/3032/2898 3245/3033/2899
f 3246/3029/2895 3249/3034/2900 3250/3035/2901 3247/3030/2896
f 3247/3030/2896 3250/3035/2901 3251/3036/2902 3248/3032/2898
f 2550/2998/2864 2719/2997/2863 3243/3028/2894 2710/3037/2903
f 2710/3037/2903 3243/3028/2894 3244/3031/2897 2709/3038/2904
f 2709/3038/2904 3244/3031/2897 3245/3033/2899 2708/3039/2905
f 2708/3039/2905 3245/3033/2899 2724/3040/2906 2551/3041/2907
f 3245/3033/2899 3248/3032/2898 2723/3042/2908 2724/3040/2906
f 3248/3032/2898 3251/3036/2902 2722/3043/2909 2723/3042/2908
f 3251/3036/2902 2693/3044/2910 2555/3045/2911 2722/3043/2909
f 3250/3035/2901 2694/3046/2912 2693/3044/2910 3251/3036/2902
f 3249/3034/2900 2695/3047/2913 2694/3046/2912 3250/3035/2901
f 2721/3000/2866 2544/2868/2737 2695/3047/2913 3249/3034/2900
f 2720/2999/2865 2721/3000/2866 3249/3034/2900 3246/3029/2895
f 2719/2997/2863 2720/2999/2865 3246/3029/2895 3243/3028/2894
f 3252/3048/2914 3255/3049/2915 3256/3050/2916 3253/3051/2917
f 3253/3051/2917 3256/3050/2916 3257/3052/2918 3254/3053/2919
f 3255/3049/2915 3258/3054/2920 3259/3055/2921 3256/3050/2916
f 3256/3050/2916 3259/3055/2921 3260/3056/2922 3257/3052/2918
f 2596/3057/2923 2995/3058/2924 3252/3048/2914 2725/3059/2925
f 2725/3059/2925 3252/3048/2914 3253/3051/2917 2726/3060/2926
f 2726/3060/2926 3253/3051/2917 3254/3053/2919 2727/3061/2927
f 2727/3061/2927 3254/3053/2919 2745/3062/2928 2553/3063/2629
f 3254/3053/2919 3257/3052/2918 2746/3064/2929 2745/3062/2928
f 3257/3052/2918 3260/3056/2922 2747/3065/2930 2746/3064/2929
f 3260/3056/2922 2628/2681/2568 2535/2683/2570 2747/3065/2930
f 3259/3055/2921 2627/2680/2567 2628/2681/2568 3260/3056/2922
f 3258/3054/2920 2626/2678/2565 2627/2680/2567 3259/3055/2921
f 2997/3066/2931 2594/2679/2566 2626/2678/2565 3258/3054/2920
f 2996/3067/2932 2997/3066/2931 3258/3054/2920 3255/3049/2915
f 2995/3058/2924 2996/3067/2932 3255/3049/2915 3252/3048/2914
f 3261/3068/2933 3264/3069/2934 3265/3070/2935 3262/3071/2936
f 3262/3071/2936 3265/3070/2935 3266/3072/2937 3263/3073/2938
f 3264/3069/2934 3267/3074/2939 3268/3075/2940 3265/3070/2935
f 3265/3070/2935 3268/3075/2940 3269/3076/2941 3266/3072/2937
f 2553/2754/2629 2745/3077/2928 3261/3068/2933 2730/2752/2627
f 2730/2752/2627 3261/3068/2933 3262/3071/2936 2729/2751/2626
f 2729/2751/2626 3262/3071/2936 3263/3073/2938 2728/2750/2625
f 2728/2750/2625 3263/3073/2938 2748/3078/2942 2554/2748/2623
f 3263/3073/2938 3266/3072/2937 2749/3079/2943 2748/3078/2942
f 3266/3072/2937 3269/3076/2941 2750/3080/2944 2749/3079/2943
f 3269/3076/2941 2632/2724/2608 2540/2723/2607 2750/3080/2944
f 3268/3075/2940 2633/2738/2613 2632/2724/2608 3269/3076/2941
f 3267/3074/2939 2634/2736/2612 2633/2738/2613 3268/3075/2940
f 2747/3081/2930 2535/2737/2570 2634/2736/2612 3267/3074/2939
f 2746/3082/2929 2747/3081/2930 3267/3074/2939 3264/3069/2934
f 2745/3077/2928 2746/3082/2929 3264/3069/2934 3261/3068/2933
f 3270/3083/2945 3273/3084/2946 3274/3085/2947 3271/3086/2948
f 3271/3086/2948 3274/3085/2947 3275/3087/2949 3272/3088/2950
f 3273/3084/2946 3276/3089/2951 3277/3090/2952 3274/3085/2947
f 3274/3085/2947 3277/3090/2952 3278/3091/2953 3275/3087/2949
f 2576/2813/2684 2885/3092/2954 3270/3083/2945 2731/3093/2955
f 2731/3093/2955 3270/3083/2945 3271/3086/2948 2732/3094/2956
f 2732/3094/2956 3271/3086/2948 3272/3088/2950 2733/3095/2957
f 2733/3095/2957 3272/3088/2950 2741/3096/2958 2502/3097/2959
f 3272/3088/2950 3275/3087/2949 2740/3098/2960 2741/3096/2958
f 3275/3087/2949 3278/3091/2953 2513/3099/2961 2740/3098/2960
f 3278/3091/2953 2648/3100/2962 2500/3101/2963 2513/3099/2961
f 3277/3090/2952 2647/3102/2964 2648/3100/2962 3278/3091/2953
f 3276/3089/2951 2646/3103/2965 2647/3102/2964 3277/3090/2952
f 2887/3104/2966 2569/2793/2668 2646/3103/2965 3276/3089/2951
f 2886/3105/2967 2887/3104/2966 3276/3089/2951 3273/3084/2946
f 2885/3092/2954 2886/3105/2967 3273/3084/2946 3270/3083/2945
f 3279/3106/2968 3282/3107/2969 3283/3108/2970 3280/3109/2971
f 3280/3109/2971 3283/3108/2970 3284/3110/2972 3281/3111/2973
f 3282/3107/2969 3285/3112/2974 3286/3113/2975 3283/3108/2970
f 3283/3108/2970 3286/3113/2975 3287/3114/2976 3284/3110/2972
f 2577/2883/2749 2888/3115/2977 3279/3106/2968 2734/3116/2978
f 2734/3116/2978 3279/3106/2968 3280/3109/2971 2735/3117/2979
f 2735/3117/2979 3280/3109/2971 3281/3111/2973 2736/3118/2980
f 2736/3118/2980 3281/3111/2973 2751/3119/2981 2546/2934/2800
f 3281/3111/2973 3284/3110/2972 2752/3120/2982 2751/3119/2981
f 3284/3110/2972 3287/3114/2976 2753/3121/2983 2752/3120/2982
f 3287/3114/2976 2689/3122/2984 2555/3045/2911 2753/3121/2983
f 3286/3113/2975 2688/3123/2985 2689/3122/2984 3287/3114/2976
f 3285/3112/2974 2687/3124/2986 2688/3123/2985 3286/3113/2975
f 2890/3125/2987 2572/3012/2878 2687/3124/2986 3285/3112/2974
f 2889/3126/2988 2890/3125/2987 3285/3112/2974 3282/3107/2969
f 2888/3115/2977 2889/3126/2988 3282/3107/2969 3279/3106/2968
f 3288/3127/2989 3291/3128/2990 3292/3129/2991 3289/3130/2992
f 3289/3130/2992 3292/3129/2991 3293/3131/2993 3290/3132/2994
f 3291/3128/2990 3294/3133/2995 3295/3134/2996 3292/3129/2991
f 3292/3129/2991 3295/3134/2996 3296/3135/2997 3293/3131/2993
f 2546/2934/2800 2751/3119/2981 3288/3127/2989 2737/2932/2798
f 2737/2932/2798 3288/3127/2989 3289/3130/2992 2738/2931/2797
f 2738/2931/2797 3289/3130/2992 3290/3132/2994 2739/2930/2796
f 2739/2930/2796 3290/3132/2994 2744/3136/2998 2552/2928/2794
f 3290/3132/2994 3293/3131/2993 2743/3137/2999 2744/3136/2998
f 3293/3131/2993 3296/3135/2997 2742/3138/3000 2743/3137/2999
f 3296/3135/2997 2695/3047/2913 2544/2868/2737 2742/3138/3000
f 3295/3134/2996 2694/3046/2912 2695/3047/2913 3296/3135/2997
f 3294/3133/2995 2693/3044/2910 2694/3046/2912 3295/3134/2996
f 2753/3121/2983 2555/3045/2911 2693/3044/2910 3294/3133/2995
f 2752/3120/2982 2753/3121/2983 3294/3133/2995 3291/3128/2990
f 2751/3119/2981 2752/3120/2982 3291/3128/2990 3288/3127/2989
f 3297/3139/3001 3300/3140/3002 3301/3141/3003 3298/3142/3004
f 3298/3142/3004 3301/3141/3003 3302/3143/3005 3299/3144/3006
f 3300/3140/3002 3303/3145/3007 3304/3146/3008 3301/3141/3003
f 3301/3141/3003 3304/3146/3008 3305/3147/3009 3302/3143/3005
f 2601/3148/3010 2891/3149/3011 3297/3139/3001 3000/3150/3012
f 3000/3150/3012 3297/3139/3001 3298/3142/3004 2999/3151/3013
f 2999/3151/3013 3298/3142/3004 3299/3144/3006 2998/3152/3014
f 2998/3152/3014 3299/3144/3006 2778/3153/3015 2598/3154/3016
f 3299/3144/3006 3302/3143/3005 2779/3155/3017 2778/3153/3015
f 3302/3143/3005 3305/3147/3009 2780/3156/3018 2779/3155/3017
f 3305/3147/3009 2789/3157/3019 2564/3158/3020 2780/3156/3018
f 3304/3146/3008 2788/3159/3021 2789/3157/3019 3305/3147/3009
f 3303/3145/3007 2787/3160/3022 2788/3159/3021 3304/3146/3008
f 2893/3161/3023 2580/2822/2693 2787/3160/3022 3303/3145/3007
f 2892/3162/3024 2893/3161/3023 3303/3145/3007 3300/3140/3002
f 2891/3149/3011 2892/3162/3024 3300/3140/3002 3297/3139/3001
f 3306/3163/3025 3309/3164/3026 3310/3165/3027 3307/3166/3028
f 3307/3166/3028 3310/3165/3027 3311/3167/3029 3308/3168/3030
f 3309/3164/3026 3312/3169/3031 3313/3170/3032 3310/3165/3027
f 3310/3165/3027 3313/3170/3032 3314/3171/3033 3311/3167/3029
f 2599/3172/3034 2781/3173/3035 3306/3163/3025 3003/3174/3036
f 3003/3174/3036 3306/3163/3025 3307/3166/3028 3002/3175/3037
f 3002/3175/3037 3307/3166/3028 3308/3168/3030 3001/3176/3038
f 3001/3176/3038 3308/3168/3030 2754/3177/3039 2597/3178/3040
f 3308/3168/3030 3311/3167/3029 2755/3179/3041 2754/3177/3039
f 3311/3167/3029 3314/3171/3033 2756/3180/3042 2755/3179/3041
f 3314/3171/3033 2784/2760/2635 2567/2762/2637 2756/3180/3042
f 3313/3170/3032 2785/2759/2634 2784/2760/2635 3314/3171/3033
f 3312/3169/3031 2786/2757/2632 2785/2759/2634 3313/3170/3032
f 2783/3181/3043 2566/2758/2633 2786/2757/2632 3312/3169/3031
f 2782/3182/3044 2783/3181/3043 3312/3169/3031 3309/3164/3026
f 2781/3173/3035 2782/3182/3044 3309/3164/3026 3306/3163/3025
f 3315/3183/3045 3318/3184/3046 3319/3185/3047 3316/3186/3048
f 3316/3186/3048 3319/3185/3047 3320/3187/3049 3317/3188/3050
f 3318/3184/3046 3321/3189/3051 3322/3190/3052 3319/3185/3047
f 3319/3185/3047 3322/3190/3052 3323/3191/3053 3320/3187/3049
f 2591/3192/3054 2894/3193/3055 3315/3183/3045 2944/3194/3056
f 2944/3194/3056 3315/3183/3045 3316/3186/3048 2943/3195/3057
f 2943/3195/3057 3316/3186/3048 3317/3188/3050 2942/3196/3058
f 2942/3196/3058 3317/3188/3050 2918/3197/3059 2588/3198/3060
f 3317/3188/3050 3320/3187/3049 2919/3199/3061 2918/3197/3059
f 3320/3187/3049 3323/3191/3053 2920/3200/3062 2919/3199/3061
f 3323/3191/3053 2854/3201/3063 2560/3202/3064 2920/3200/3062
f 3322/3190/3052 2853/3203/3065 2854/3201/3063 3323/3191/3053
f 3321/3189/3051 2852/3204/3066 2853/3203/3065 3322/3190/3052
f 2896/3205/3067 2579/3206/3068 2852/3204/3066 3321/3189/3051
f 2895/3207/3069 2896/3205/3067 3321/3189/3051 3318/3184/3046
f 2894/3193/3055 2895/3207/3069 3318/3184/3046 3315/3183/3045
f 3324/3208/3070 3327/3209/3071 3328/3210/3072 3325/3211/3073
f 3325/3211/3073 3328/3210/3072 3329/3212/3074 3326/3213/3075
f 3327/3209/3071 3330/3214/3076 3331/3215/3077 3328/3210/3072
f 3328/3210/3072 3331/3215/3077 3332/3216/3078 3329/3212/3074
f 2589/3217/3079 2921/3218/3080 3324/3208/3070 2947/3219/3081
f 2947/3219/3081 3324/3208/3070 3325/3211/3073 2946/3220/3082
f 2946/3220/3082 3325/3211/3073 3326/3213/3075 2945/3221/3083
f 2945/3221/3083 3326/3213/3075 2915/3222/3084 2587/3223/3085
f 3326/3213/3075 3329/3212/3074 2916/3224/3086 2915/3222/3084
f 3329/3212/3074 3332/3216/3078 2917/3225/3087 2916/3224/3086
f 3332/3216/3078 2775/3226/3088 2562/3227/3089 2917/3225/3087
f 3331/3215/3077 2776/3228/3090 2775/3226/3088 3332/3216/3078
f 3330/3214/3076 2777/3229/3091 2776/3228/3090 3331/3215/3077
f 2923/3230/3092 2561/3231/3093 2777/3229/3091 3330/3214/3076
f 2922/3232/3094 2923/3230/3092 3330/3214/3076 3327/3209/3071
f 2921/3218/3080 2922/3232/3094 3327/3209/3071 3324/3208/3070
f 3333/3233/3095 3336/3234/3096 3337/3235/3097 3334/3236/3098
f 3334/3236/3098 3337/3235/3097 3338/3237/3099 3335/3238/3100
f 3336/3234/3096 3339/3239/3101 3340/3240/3102 3337/3235/3097
f 3337/3235/3097 3340/3240/3102 3341/3241/3103 3338/3237/3099
f 2596/3057/2923 3004/3242/3104 3333/3233/3095 2968/3243/3105
f 2968/3243/3105 3333/3233/3095 3334/3236/3098 2969/3244/3106
f 2969/3244/3106 3334/3236/3098 3335/3238/3100 2970/3245/3107
f 2970/3245/3107 3335/3238/3100 2680/2929/2795 2552/2928/2794
f 3335/3238/3100 3338/3237/3099 2679/2943/2809 2680/2929/2795
f 3338/3237/3099 3341/3241/3103 2678/2941/2807 2679/2943/2809
f 3341/3241/3103 2979/3246/3108 2565/2942/2808 2678/2941/2807
f 3340/3240/3102 2978/3247/3109 2979/3246/3108 3341/3241/3103
f 3339/3239/3101 2977/3248/3110 2978/3247/3109 3340/3240/3102
f 3006/3249/3111 2599/3172/3034 2977/3248/3110 3339/3239/3101
f 3005/3250/3112 3006/3249/3111 3339/3239/3101 3336/3234/3096
f 3004/3242/3104 3005/3250/3112 3336/3234/3096 3333/3233/3095
f 3342/3251/3113 3345/3252/3114 3346/3253/3115 3343/3254/3116
f 3343/3254/3116 3346/3253/3115 3347/3255/3117 3344/3256/3118
f 3345/3252/3114 3348/3257/3119 3349/3258/3120 3346/3253/3115
f 3346/3253/3115 3349/3258/3120 3350/3259/3121 3347/3255/3117
f 2551/3041/2907 2810/3260/3122 3342/3251/3113 2708/3039/2905
f 2708/3039/2905 3342/3251/3113 3343/3254/3116 2709/3038/2904
f 2709/3038/2904 3343/3254/3116 3344/3256/3118 2710/3037/2903
f 2710/3037/2903 3344/3256/3118 2811/3261/3123 2550/2998/2864
f 3344/3256/3118 3347/3255/3117 2812/3262/3124 2811/3261/3123
f 3347/3255/3117 3350/3259/3121 2813/3263/3125 2812/3262/3124
f 3350/3259/3121 2777/3229/3091 2561/3231/3093 2813/3263/3125
f 3349/3258/3120 2776/3228/3090 2777/3229/3091 3350/3259/3121
f 3348/3257/3119 2775/3226/3088 2776/3228/3090 3349/3258/3120
f 2808/3264/3126 2562/3227/3089 2775/3226/3088 3348/3257/3119
f 2809/3265/3127 2808/3264/3126 3348/3257/3119 3345/3252/3114
f 2810/3260/3122 2809/3265/3127 3345/3252/3114 3342/3251/3113
f 3351/3266/3128 3354/3267/3129 3355/3268/3130 3352/3269/3131
f 3352/3269/3131 3355/3268/3130 3356/3270/3132 3353/3271/3133
f 3354/3267/3129 3357/3272/3134 3358/3273/3135 3355/3268/3130
f 3355/3268/3130 3358/3273/3135 3359/3274/3136 3356/3270/3132
f 2575/3018/2884 2897/3275/3137 3351/3266/3128 2705/3276/3138
f 2705/3276/3138 3351/3266/3128 3352/3269/3131 2706/3277/3139
f 2706/3277/3139 3352/3269/3131 3353/3271/3133 2707/3278/3140
f 2707/3278/3140 3353/3271/3133 2810/3260/3122 2551/3041/2907
f 3353/3271/3133 3356/3270/3132 2809/3265/3127 2810/3260/3122
f 3356/3270/3132 3359/3274/3136 2808/3264/3126 2809/3265/3127
f 3359/3274/3136 2774/3279/3141 2562/3227/3089 2808/3264/3126
f 3358/3273/3135 2773/3280/3142 2774/3279/3141 3359/3274/3136
f 3357/3272/3134 2772/3281/3143 2773/3280/3142 3358/3273/3135
f 2899/3282/3144 2579/3206/3068 2772/3281/3143 3357/3272/3134
f 2898/3283/3145 2899/3282/3144 3357/3272/3134 3354/3267/3129
f 2897/3275/3137 2898/3283/3145 3354/3267/3129 3351/3266/3128
f 3360/3284/3146 3363/3285/3147 3364/3286/3148 3361/3287/3149
f 3361/3287/3149 3364/3286/3148 3365/3288/3150 3362/3289/3151
f 3363/3285/3147 3366/3290/3152 3367/3291/3153 3364/3286/3148
f 3364/3286/3148 3367/3291/3153 3368/3292/3154 3365/3288/3150
f 2586/2992/2858 2948/3293/3155 3360/3284/3146 2702/3294/3156
f 2702/3294/3156 3360/3284/3146 3361/3287/3149 2703/3295/3157
f 2703/3295/3157 3361/3287/3149 3362/3289/3151 2704/3296/3158
f 2704/3296/3158 3362/3289/3151 2816/3297/3159 2548/3298/2825
f 3362/3289/3151 3365/3288/3150 2817/3299/3160 2816/3297/3159
f 3365/3288/3150 3368/3292/3154 2818/3300/3161 2817/3299/3160
f 3368/3292/3154 2771/3301/3162 2558/3302/3163 2818/3300/3161
f 3367/3291/3153 2770/3303/3164 2771/3301/3162 3368/3292/3154
f 3366/3290/3152 2769/3304/3165 2770/3303/3164 3367/3291/3153
f 2950/3305/3166 2589/3217/3079 2769/3304/3165 3366/3290/3152
f 2949/3306/3167 2950/3305/3166 3366/3290/3152 3363/3285/3147
f 2948/3293/3155 2949/3306/3167 3363/3285/3147 3360/3284/3146
f 3371/3307/3168 3370/2610/2499 3373/2613/2502 3374/3308/3169
f 3053/3309/3170 3054/3310/3171 3371/3307/3168 3374/3308/3169
f 2502/3097/2959 2527/3311/3172 3369/2611/2500 2801/3312/3173
f 2801/3312/3173 3369/2611/2500 3370/2610/2499 2800/3313/3174
f 2800/3313/3174 3370/2610/2499 3371/3307/3168 2799/3314/3175
f 2799/3314/3175 3371/3307/3168 3054/3310/3171 2564/3158/3020
f 3574/3315/3176 3573/3316/3177 3576/3317/3178 3577/3318/3179
f 3374/3308/3169 3027/3319/3180 2608/3320/3181 3053/3309/3170
f 3373/2613/2502 3028/3321/3182 3027/3319/3180 3374/3308/3169
f 3372/2612/2501 3029/3322/3183 3028/3321/3182 3373/2613/2502
f 2526/3323/3184 2604/3324/3185 3029/3322/3183 3372/2612/2501
f 2528/3325/3186 3055/3326/3187 3722/3327/3188 3725/3328/3189
f 3375/3329/3190 3378/3330/3191 3379/3331/3192 3376/3332/3193
f 3376/3332/3193 3379/3331/3192 3380/3333/3194 3377/3334/3195
f 3378/3330/3191 3381/3335/3196 3382/3336/3197 3379/3331/3192
f 3379/3331/3192 3382/3336/3197 3383/3337/3198 3380/3333/3194
f 2574/2973/2839 2900/3338/3199 3375/3329/3190 2699/3339/3200
f 2699/3339/3200 3375/3329/3190 3376/3332/3193 2700/3340/3201
f 2700/3340/3201 3376/3332/3193 3377/3334/3195 2701/3341/3202
f 2701/3341/3202 3377/3334/3195 2821/3342/3203 2549/3343/3204
f 3377/3334/3195 3380/3333/3194 2820/3344/3205 2821/3342/3203
f 3380/3333/3194 3383/3337/3198 2819/3345/3206 2820/3344/3205
f 3383/3337/3198 2765/3346/3207 2559/3347/3208 2819/3345/3206
f 3382/3336/3197 2764/3348/3209 2765/3346/3207 3383/3337/3198
f 3381/3335/3196 2763/3349/3210 2764/3348/3209 3382/3336/3197
f 2902/3350/3211 2578/3351/3212 2763/3349/3210 3381/3335/3196
f 2901/3352/3213 2902/3350/3211 3381/3335/3196 3378/3330/3191
f 2900/3338/3199 2901/3352/3213 3378/3330/3191 3375/3329/3190
f 3384/3353/3214 3387/3354/3215 3388/3355/3216 3385/3356/3217
f 3385/3356/3217 3388/3355/3216 3389/3357/3218 3386/3358/3219
f 3387/3354/3215 3390/3359/3220 3391/3360/3221 3388/3355/3216
f 3388/3355/3216 3391/3360/3221 3392/3361/3222 3389/3357/3218
f 2548/2959/2825 2816/3362/3159 3384/3353/3214 2698/2957/2823
f 2698/2957/2823 3384/3353/3214 3385/3356/3217 2697/2956/2822
f 2697/2956/2822 3385/3356/3217 3386/3358/3219 2696/2955/2821
f 2696/2955/2821 3386/3358/3219 2824/3363/3223 2547/2953/2819
f 3386/3358/3219 3389/3357/3218 2823/3364/3224 2824/3363/3223
f 3389/3357/3218 3392/3361/3222 2822/3365/3225 2823/3364/3224
f 3392/3361/3222 2760/3366/3226 2557/3367/3227 2822/3365/3225
f 3391/3360/3221 2761/3368/3228 2760/3366/3226 3392/3361/3222
f 3390/3359/3220 2762/3369/3229 2761/3368/3228 3391/3360/3221
f 2818/3370/3161 2558/3302/3163 2762/3369/3229 3390/3359/3220
f 2817/3371/3160 2818/3370/3161 3390/3359/3220 3387/3354/3215
f 2816/3362/3159 2817/3371/3160 3387/3354/3215 3384/3353/3214
f 3393/3372/3230 3396/3373/3231 3397/3374/3232 3394/3375/3233
f 3394/3375/3233 3397/3374/3232 3398/3376/3234 3395/3377/3235
f 3396/3373/3231 3399/3378/3236 3400/3379/3237 3397/3374/3232
f 3397/3374/3232 3400/3379/3237 3401/3380/3238 3398/3376/3234
f 2542/2712/2596 2836/2978/2844 3393/3372/3230 2657/2710/2594
f 2657/2710/2594 3393/3372/3230 3394/3375/3233 2656/2709/2593
f 2656/2709/2593 3394/3375/3233 3395/3377/3235 2655/2707/2591
f 2655/2707/2591 3395/3377/3235 2827/3381/3239 2539/2708/2592
f 3395/3377/3235 3398/3376/3234 2826/3382/3240 2827/3381/3239
f 3398/3376/3234 3401/3380/3238 2825/3383/3241 2826/3382/3240
f 3401/3380/3238 2861/2627/2516 2568/2629/2518 2825/3383/3241
f 3400/3379/3237 2862/2626/2515 2861/2627/2516 3401/3380/3238
f 3399/3378/3236 2863/2625/2514 2862/2626/2515 3400/3379/3237
f 2834/2980/2846 2571/2623/2512 2863/2625/2514 3399/3378/3236
f 2835/2979/2845 2834/2980/2846 3399/3378/3236 3396/3373/3231
f 2836/2978/2844 2835/2979/2845 3396/3373/3231 3393/3372/3230
f 3402/3384/3242 3405/3385/3243 3406/3386/3244 3403/3387/3245
f 3403/3387/3245 3406/3386/3244 3407/3388/3246 3404/3389/3247
f 3405/3385/3243 3408/3390/3248 3409/3391/3249 3406/3386/3244
f 3406/3386/3244 3409/3391/3249 3410/3392/3250 3407/3388/3246
f 2592/3393/3251 2507/3394/3252 3402/3384/3242 3011/3395/3253
f 3011/3395/3253 3402/3384/3242 3403/3387/3245 3010/3396/3254
f 3010/3396/3254 3403/3387/3245 3404/3389/3247 3009/3397/3255
f 3009/3397/3255 3404/3389/3247 2864/2774/2649 2600/2773/2648
f 3404/3389/3247 3407/3388/3246 2865/2783/2658 2864/2774/2649
f 3407/3388/3246 3410/3392/3250 2866/2781/2656 2865/2783/2658
f 3410/3392/3250 2649/3398/3256 2570/2782/2657 2866/2781/2656
f 3409/3391/3249 2650/3399/3257 2649/3398/3256 3410/3392/3250
f 3408/3390/3248 2651/3400/3258 2650/3399/3257 3409/3391/3249
f 2509/3401/3259 2499/3402/3260 2651/3400/3258 3408/3390/3248
f 2508/3403/3261 2509/3401/3259 3408/3390/3248 3405/3385/3243
f 2507/3394/3252 2508/3403/3261 3405/3385/3243 3402/3384/3242
f 3411/3404/3262 3414/3405/3263 3415/3406/3264 3412/3407/3265
f 3412/3407/3265 3415/3406/3264 3416/3408/3266 3413/3409/3267
f 3414/3405/3263 3417/3410/3268 3418/3411/3269 3415/3406/3264
f 3415/3406/3264 3418/3411/3269 3419/3412/3270 3416/3408/3266
f 2500/3101/2963 2648/3100/2962 3411/3404/3262 2642/3413/3271
f 2642/3413/3271 3411/3404/3262 3412/3407/3265 2510/3414/3272
f 2510/3414/3272 3412/3407/3265 3413/3409/3267 2641/3415/3273
f 2641/3415/3273 3413/3409/3267 2651/3416/3258 2499/3417/3260
f 3413/3409/3267 3416/3408/3266 2650/3418/3257 2651/3416/3258
f 3416/3408/3266 3419/3412/3270 2649/3419/3256 2650/3418/3257
f 3419/3412/3270 2867/2797/2672 2570/2799/2657 2649/3419/3256
f 3418/3411/3269 2868/2796/2671 2867/2797/2672 3419/3412/3270
f 3417/3410/3268 2869/2795/2670 2868/2796/2671 3418/3411/3269
f 2646/3103/2965 2569/2793/2668 2869/2795/2670 3417/3410/3268
f 2647/3102/2964 2646/3103/2965 3417/3410/3268 3414/3405/3263
f 2648/3100/2962 2647/3102/2964 3414/3405/3263 3411/3404/3262
f 3420/3420/3274 3423/3421/3275 3424/3422/3276 3421/3423/3277
f 3421/3423/3277 3424/3422/3276 3425/3424/3278 3422/3425/3279
f 3423/3421/3275 3426/3426/3280 3427/3427/3281 3424/3422/3276
f 3424/3422/3276 3427/3427/3281 3428/3428/3282 3425/3424/3278
f 2502/3097/2959 2801/3312/3173 3420/3420/3274 2733/3095/2957
f 2733/3095/2957 3420/3420/3274 3421/3423/3277 2732/3094/2956
f 2732/3094/2956 3421/3423/3277 3422/3425/3279 2731/3093/2955
f 2731/3093/2955 3422/3425/3279 2870/2814/2685 2576/2813/2684
f 3422/3425/3279 3425/3424/3278 2871/2823/2694 2870/2814/2685
f 3425/3424/3278 3428/3428/3282 2872/2821/2692 2871/2823/2694
f 3428/3428/3282 2787/3160/3022 2580/2822/2693 2872/2821/2692
f 3427/3427/3281 2788/3159/3021 2787/3160/3022 3428/3428/3282
f 3426/3426/3280 2789/3157/3019 2788/3159/3021 3427/3427/3281
f 2799/3314/3175 2564/3158/3020 2789/3157/3019 3426/3426/3280
f 2800/3313/3174 2799/3314/3175 3426/3426/3280 3423/3421/3275
f 2801/3312/3173 2800/3313/3174 3423/3421/3275 3420/3420/3274
f 3429/3429/3283 3432/3430/3284 3433/3431/3285 3430/3432/3286
f 3430/3432/3286 3433/3431/3285 3434/3433/3287 3431/3434/3288
f 3432/3430/3284 3435/3435/3289 3436/3436/3290 3433/3431/3285
f 3433/3431/3285 3436/3436/3290 3437/3437/3291 3434/3433/3287
f 2546/2934/2800 2664/2933/2799 3429/3429/3283 2736/3118/2980
f 2736/3118/2980 3429/3429/3283 3430/3432/3286 2735/3117/2979
f 2735/3117/2979 3430/3432/3286 3431/3434/3288 2734/3116/2978
f 2734/3116/2978 3431/3434/3288 2873/2884/2750 2577/2883/2749
f 3431/3434/3288 3434/3433/3287 2874/2898/2764 2873/2884/2750
f 3434/3433/3287 3437/3437/3291 2875/2896/2762 2874/2898/2764
f 3437/3437/3291 2790/3438/3292 2581/2897/2763 2875/2896/2762
f 3436/3436/3290 2791/3439/3293 2790/3438/3292 3437/3437/3291
f 3435/3435/3289 2792/3440/3294 2791/3439/3293 3436/3436/3290
f 2666/2936/2802 2556/2938/2804 2792/3440/3294 3435/3435/3289
f 2665/2935/2801 2666/2936/2802 3435/3435/3289 3432/3430/3284
f 2664/2933/2799 2665/2935/2801 3432/3430/3284 3429/3429/3283
f 3438/3441/3295 3441/3442/3296 3442/3443/3297 3439/3444/3298
f 3439/3444/3298 3442/3443/3297 3443/3445/3299 3440/3446/3300
f 3441/3442/3296 3444/3447/3301 3445/3448/3302 3442/3443/3297
f 3442/3443/3297 3445/3448/3302 3446/3449/3303 3443/3445/3299
f 2582/3450/3304 2514/3451/3305 3438/3441/3295 2955/3452/3306
f 2955/3452/3306 3438/3441/3295 3439/3444/3298 2954/3453/3307
f 2954/3453/3307 3439/3444/3298 3440/3446/3300 2953/3454/3308
f 2953/3454/3308 3440/3446/3300 2876/2909/2775 2590/2908/2774
f 3440/3446/3300 3443/3445/3299 2877/2918/2784 2876/2909/2775
f 3443/3445/3299 3446/3449/3303 2878/2916/2782 2877/2918/2784
f 3446/3449/3303 2690/3455/3309 2573/2917/2783 2878/2916/2782
f 3445/3448/3302 2691/3456/3310 2690/3455/3309 3446/3449/3303
f 3444/3447/3301 2692/3457/3311 2691/3456/3310 3445/3448/3302
f 2516/3458/3312 2501/3459/3313 2692/3457/3311 3444/3447/3301
f 2515/3460/3314 2516/3458/3312 3444/3447/3301 3441/3442/3296
f 2514/3451/3305 2515/3460/3314 3441/3442/3296 3438/3441/3295
f 3447/3461/3315 3450/3462/3316 3451/3463/3317 3448/3464/3318
f 3448/3464/3318 3451/3463/3317 3452/3465/3319 3449/3466/3320
f 3450/3462/3316 3453/3467/3321 3454/3468/3322 3451/3463/3317
f 3451/3463/3317 3454/3468/3322 3455/3469/3323 3452/3465/3319
f 2549/3343/3204 2512/3470/3324 3447/3461/3315 2701/3341/3202
f 2701/3341/3202 3447/3461/3315 3448/3464/3318 2700/3340/3201
f 2700/3340/3201 3448/3464/3318 3449/3466/3320 2699/3339/3200
f 2699/3339/3200 3449/3466/3320 2879/2974/2840 2574/2973/2839
f 3449/3466/3320 3452/3465/3319 2880/2982/2848 2879/2974/2840
f 3452/3465/3319 3455/3469/3323 2881/2981/2847 2880/2982/2848
f 3455/3469/3323 2652/2624/2513 2571/2623/2512 2881/2981/2847
f 3454/3468/3322 2653/2638/2527 2652/2624/2513 3455/3469/3323
f 3453/3467/3321 2654/2636/2525 2653/2638/2527 3454/3468/3322
f 2717/3471/3325 2533/2637/2526 2654/2636/2525 3453/3467/3321
f 2718/3472/3326 2717/3471/3325 3453/3467/3321 3450/3462/3316
f 2512/3470/3324 2718/3472/3326 3450/3462/3316 3447/3461/3315
f 3456/3473/3327 3459/3474/3328 3460/3475/3329 3457/3476/3330
f 3457/3476/3330 3460/3475/3329 3461/3477/3331 3458/3478/3332
f 3459/3474/3328 3462/3479/3333 3463/3480/3334 3460/3475/3329
f 3460/3475/3329 3463/3480/3334 3464/3481/3335 3461/3477/3331
f 2551/3041/2907 2724/3040/2906 3456/3473/3327 2707/3278/3140
f 2707/3278/3140 3456/3473/3327 3457/3476/3330 2706/3277/3139
f 2706/3277/3139 3457/3476/3330 3458/3478/3332 2705/3276/3138
f 2705/3276/3138 3458/3478/3332 2882/3016/2882 2575/3018/2884
f 3458/3478/3332 3461/3477/3331 2883/3015/2881 2882/3016/2882
f 3461/3477/3331 3464/3481/3335 2884/3014/2880 2883/3015/2881
f 3464/3481/3335 2687/3124/2986 2572/3012/2878 2884/3014/2880
f 3463/3480/3334 2688/3123/2985 2687/3124/2986 3464/3481/3335
f 3462/3479/3333 2689/3122/2984 2688/3123/2985 3463/3480/3334
f 2722/3043/2909 2555/3045/2911 2689/3122/2984 3462/3479/3333
f 2723/3042/2908 2722/3043/2909 3462/3479/3333 3459/3474/3328
f 2724/3040/2906 2723/3042/2908 3459/3474/3328 3456/3473/3327
f 3465/3482/3336 3468/3483/3337 3469/3484/3338 3466/3485/3339
f 3466/3485/3339 3469/3484/3338 3470/3486/3340 3467/3487/3341
f 3468/3483/3337 3471/3488/3342 3472/3489/3343 3469/3484/3338
f 3469/3484/3338 3472/3489/3343 3473/3490/3344 3470/3486/3340
f 2554/2748/2623 2748/3078/2942 3465/3482/3336 2845/2817/2688
f 2845/2817/2688 3465/3482/3336 3466/3485/3339 2844/2816/2687
f 2844/2816/2687 3466/3485/3339 3467/3487/3341 2843/2815/2686
f 2843/2815/2686 3467/3487/3341 2885/3092/2954 2576/2813/2684
f 3467/3487/3341 3470/3486/3340 2886/3105/2967 2885/3092/2954
f 3470/3486/3340 3473/3490/3344 2887/3104/2966 2886/3105/2967
f 3473/3490/3344 2828/2794/2669 2569/2793/2668 2887/3104/2966
f 3472/3489/3343 2829/2803/2674 2828/2794/2669 3473/3490/3344
f 3471/3488/3342 2830/2802/2673 2829/2803/2674 3472/3489/3343
f 2750/3080/2944 2540/2723/2607 2830/2802/2673 3471/3488/3342
f 2749/3079/2943 2750/3080/2944 3471/3488/3342 3468/3483/3337
f 2748/3078/2942 2749/3079/2943 3468/3483/3337 3465/3482/3336
f 3474/3491/3345 3477/3492/3346 3478/3493/3347 3475/3494/3348
f 3475/3494/3348 3478/3493/3347 3479/3495/3349 3476/3496/3350
f 3477/3492/3346 3480/3497/3351 3481/3498/3352 3478/3493/3347
f 3478/3493/3347 3481/3498/3352 3482/3499/3353 3479/3495/3349
f 2577/2883/2749 3073/2885/2751 3474/3491/3345 2888/3115/2977
f 2888/3115/2977 3474/3491/3345 3475/3494/3348 2889/3126/2988
f 2889/3126/2988 3475/3494/3348 3476/3496/3350 2890/3125/2987
f 2890/3125/2987 3476/3496/3350 3068/3013/2879 2572/3012/2878
f 3476/3496/3350 3479/3495/3349 3069/3027/2893 3068/3013/2879
f 3479/3495/3349 3482/3499/3353 3070/3025/2891 3069/3027/2893
f 3482/3499/3353 2848/3500/3354 2614/3026/2892 3070/3025/2891
f 3481/3498/3352 2847/3501/3355 2848/3500/3354 3482/3499/3353
f 3480/3497/3351 2846/3502/3356 2847/3501/3355 3481/3498/3352
f 3075/2887/2753 2613/2889/2755 2846/3502/3356 3480/3497/3351
f 3074/2886/2752 3075/2887/2753 3480/3497/3351 3477/3492/3346
f 3073/2885/2751 3074/2886/2752 3477/3492/3346 3474/3491/3345
f 3483/3503/3357 3486/3504/3358 3487/3505/3359 3484/3506/3360
f 3484/3506/3360 3487/3505/3359 3488/3507/3361 3485/3508/3362
f 3486/3504/3358 3489/3509/3363 3490/3510/3364 3487/3505/3359
f 3487/3505/3359 3490/3510/3364 3491/3511/3365 3488/3507/3361
f 2597/3178/3040 2754/3177/3039 3483/3503/3357 3014/3512/3366
f 3014/3512/3366 3483/3503/3357 3484/3506/3360 3013/3513/3367
f 3013/3513/3367 3484/3506/3360 3485/3508/3362 3012/3514/3368
f 3012/3514/3368 3485/3508/3362 2891/3149/3011 2601/3148/3010
f 3485/3508/3362 3488/3507/3361 2892/3162/3024 2891/3149/3011
f 3488/3507/3361 3491/3511/3365 2893/3161/3023 2892/3162/3024
f 3491/3511/3365 2855/2820/2691 2580/2822/2693 2893/3161/3023
f 3490/3510/3364 2856/2819/2690 2855/2820/2691 3491/3511/3365
f 3489/3509/3363 2857/2818/2689 2856/2819/2690 3490/3510/3364
f 2756/3180/3042 2567/2762/2637 2857/2818/2689 3489/3509/3363
f 2755/3179/3041 2756/3180/3042 3489/3509/3363 3486/3504/3358
f 2754/3177/3039 2755/3179/3041 3486/3504/3358 3483/3503/3357
f 3492/3515/3369 3495/3516/3370 3496/3517/3371 3493/3518/3372
f 3493/3518/3372 3496/3517/3371 3497/3519/3373 3494/3520/3374
f 3495/3516/3370 3498/3521/3375 3499/3522/3376 3496/3517/3371
f 3496/3517/3371 3499/3522/3376 3500/3523/3377 3497/3519/3373
f 2587/3223/3085 2915/3222/3084 3492/3515/3369 2958/3524/3378
f 2958/3524/3378 3492/3515/3369 3493/3518/3372 2957/3525/3379
f 2957/3525/3379 3493/3518/3372 3494/3520/3374 2956/3526/3380
f 2956/3526/3380 3494/3520/3374 2894/3193/3055 2591/3192/3054
f 3494/3520/3374 3497/3519/3373 2895/3207/3069 2894/3193/3055
f 3497/3519/3373 3500/3523/3377 2896/3205/3067 2895/3207/3069
f 3500/3523/3377 2772/3281/3143 2579/3206/3068 2896/3205/3067
f 3499/3522/3376 2773/3280/3142 2772/3281/3143 3500/3523/3377
f 3498/3521/3375 2774/3279/3141 2773/3280/3142 3499/3522/3376
f 2917/3225/3087 2562/3227/3089 2774/3279/3141 3498/3521/3375
f 2916/3224/3086 2917/3225/3087 3498/3521/3375 3495/3516/3370
f 2915/3222/3084 2916/3224/3086 3495/3516/3370 3492/3515/3369
f 3501/3527/3381 3504/3528/3382 3505/3529/3383 3502/3530/3384
f 3502/3530/3384 3505/3529/3383 3506/3531/3385 3503/3532/3386
f 3504/3528/3382 3507/3533/3387 3508/3534/3388 3505/3529/3383
f 3505/3529/3383 3508/3534/3388 3509/3535/3389 3506/3531/3385
f 2547/2953/2819 2824/3363/3223 3501/3527/3381 2842/2977/2843
f 2842/2977/2843 3501/3527/3381 3502/3530/3384 2841/2976/2842
f 2841/2976/2842 3502/3530/3384 3503/3532/3386 2840/2975/2841
f 2840/2975/2841 3503/3532/3386 2900/3338/3199 2574/2973/2839
f 3503/3532/3386 3506/3531/3385 2901/3352/3213 2900/3338/3199
f 3506/3531/3385 3509/3535/3389 2902/3350/3211 2901/3352/3213
f 3509/3535/3389 2849/3536/3390 2578/3351/3212 2902/3350/3211
f 3508/3534/3388 2850/3537/3391 2849/3536/3390 3509/3535/3389
f 3507/3533/3387 2851/3538/3392 2850/3537/3391 3508/3534/3388
f 2822/3365/3225 2557/3367/3227 2851/3538/3392 3507/3533/3387
f 2823/3364/3224 2822/3365/3225 3507/3533/3387 3504/3528/3382
f 2824/3363/3223 2823/3364/3224 3504/3528/3382 3501/3527/3381
f 3510/3539/3393 3513/3540/3394 3514/3541/3395 3511/3542/3396
f 3511/3542/3396 3514/3541/3395 3515/3543/3397 3512/3544/3398
f 3513/3540/3394 3516/3545/3399 3517/3546/3400 3514/3541/3395
f 3514/3541/3395 3517/3546/3400 3518/3547/3401 3515/3543/3397
f 2539/3548/2592 2677/3549/3402 3510/3539/3393 2617/3550/2590
f 2617/3550/2590 3510/3539/3393 3511/3542/3396 2618/3551/2589
f 2618/3551/2589 3511/3542/3396 3512/3544/3398 2619/3552/2587
f 2619/3552/2587 3512/3544/3398 2671/3553/3403 2537/3554/2588
f 3512/3544/3398 3515/3543/3397 2670/3555/3404 2671/3553/3403
f 3515/3543/3397 3518/3547/3401 2669/3556/3405 2670/3555/3404
f 3518/3547/3401 2930/2837/2708 2583/2839/2710 2669/3556/3405
f 3517/3546/3400 2931/2836/2707 2930/2837/2708 3518/3547/3401
f 3516/3545/3399 2932/2835/2706 2931/2836/2707 3517/3546/3400
f 2675/3557/3406 2585/2833/2704 2932/2835/2706 3516/3545/3399
f 2676/3558/3407 2675/3557/3406 3516/3545/3399 3513/3540/3394
f 2677/3549/3402 2676/3558/3407 3513/3540/3394 3510/3539/3393
f 3519/3559/3408 3522/3560/3409 3523/3561/3410 3520/3562/3411
f 3520/3562/3411 3523/3561/3410 3524/3563/3412 3521/3564/3413
f 3522/3560/3409 3525/3565/3414 3526/3566/3415 3523/3561/3410
f 3523/3561/3410 3526/3566/3415 3527/3567/3416 3524/3563/3412
f 2537/3568/2588 2671/3569/3403 3519/3559/3408 2623/3570/2586
f 2623/3570/2586 3519/3559/3408 3520/3562/3411 2624/3571/2585
f 2624/3571/2585 3520/3562/3411 3521/3564/3413 2625/3572/2584
f 2625/3572/2584 3521/3564/3413 2674/3573/3417 2538/3574/2582
f 3521/3564/3413 3524/3563/3412 2673/3575/3418 2674/3573/3417
f 3524/3563/3412 3527/3567/3416 2672/3576/3419 2673/3575/3418
f 3527/3567/3416 2933/2862/2731 2584/2864/2733 2672/3576/3419
f 3526/3566/3415 2934/2861/2730 2933/2862/2731 3527/3567/3416
f 3525/3565/3414 2935/2860/2729 2934/2861/2730 3526/3566/3415
f 2669/3577/3405 2583/2858/2710 2935/2860/2729 3525/3565/3414
f 2670/3578/3404 2669/3577/3405 3525/3565/3414 3522/3560/3409
f 2671/3569/3403 2670/3578/3404 3522/3560/3409 3519/3559/3408
f 3528/3579/3420 3531/3580/3421 3532/3581/3422 3529/3582/3423
f 3529/3582/3423 3532/3581/3422 3533/3583/3424 3530/3584/3425
f 3531/3580/3421 3534/3585/3426 3535/3586/3427 3532/3581/3422
f 3532/3581/3422 3535/3586/3427 3536/3587/3428 3533/3583/3424
f 2568/3588/2518 2926/3589/3429 3528/3579/3420 2825/3590/3241
f 2825/3590/3241 3528/3579/3420 3529/3582/3423 2826/3591/3240
f 2826/3591/3240 3529/3582/3423 3530/3584/3425 2827/3592/3239
f 2827/3592/3239 3530/3584/3425 2677/3549/3402 2539/3548/2592
f 3530/3584/3425 3533/3583/3424 2676/3558/3407 2677/3549/3402
f 3533/3583/3424 3536/3587/3428 2675/3557/3406 2676/3558/3407
f 3536/3587/3428 2936/2912/2778 2585/2833/2704 2675/3557/3406
f 3535/3586/3427 2937/2911/2777 2936/2912/2778 3536/3587/3428
f 3534/3585/3426 2938/2910/2776 2937/2911/2777 3535/3586/3427
f 2924/3593/3430 2590/2908/2774 2938/2910/2776 3534/3585/3426
f 2925/3594/3431 2924/3593/3430 3534/3585/3426 3531/3580/3421
f 2926/3589/3429 2925/3594/3431 3531/3580/3421 3528/3579/3420
f 3537/3595/3432 3540/3596/3433 3541/3597/3434 3538/3598/3435
f 3538/3598/3435 3541/3597/3434 3542/3599/3436 3539/3600/3437
f 3540/3596/3433 3543/3601/3438 3544/3602/3439 3541/3597/3434
f 3541/3597/3434 3544/3602/3439 3545/3603/3440 3542/3599/3436
f 2548/3298/2825 2714/3604/2824 3537/3595/3432 2704/3296/3158
f 2704/3296/3158 3537/3595/3432 3538/3598/3435 2703/3295/3157
f 2703/3295/3157 3538/3598/3435 3539/3600/3437 2702/3294/3156
f 2702/3294/3156 3539/3600/3437 2939/2993/2859 2586/2992/2858
f 3539/3600/3437 3542/3599/3436 2940/3002/2868 2939/2993/2859
f 3542/3599/3436 3545/3603/3440 2941/3001/2867 2940/3002/2868
f 3545/3603/3440 2672/3576/3419 2584/2864/2733 2941/3001/2867
f 3544/3602/3439 2673/3575/3418 2672/3576/3419 3545/3603/3440
f 3543/3601/3438 2674/3573/3417 2673/3575/3418 3544/3602/3439
f 2716/3605/2827 2538/3574/2582 2674/3573/3417 3543/3601/3438
f 2715/3606/2826 2716/3605/2827 3543/3601/3438 3540/3596/3433
f 2714/3604/2824 2715/3606/2826 3540/3596/3433 3537/3595/3432
f 3546/3607/3441 3549/3608/3442 3550/3609/3443 3547/3610/3444
f 3547/3610/3444 3550/3609/3443 3551/3611/3445 3548/3612/3446
f 3549/3608/3442 3552/3613/3447 3553/3614/3448 3550/3609/3443
f 3550/3609/3443 3553/3614/3448 3554/3615/3449 3551/3611/3445
f 2578/3351/3212 2929/3616/3450 3546/3607/3441 2763/3349/3210
f 2763/3349/3210 3546/3607/3441 3547/3610/3444 2764/3348/3209
f 2764/3348/3209 3547/3610/3444 3548/3612/3446 2765/3346/3207
f 2765/3346/3207 3548/3612/3446 2768/3617/3451 2559/3347/3208
f 3548/3612/3446 3551/3611/3445 2767/3618/3452 2768/3617/3451
f 3551/3611/3445 3554/3615/3449 2766/3619/3453 2767/3618/3452
f 3554/3615/3449 2942/3196/3058 2588/3198/3060 2766/3619/3453
f 3553/3614/3448 2943/3195/3057 2942/3196/3058 3554/3615/3449
f 3552/3613/3447 2944/3194/3056 2943/3195/3057 3553/3614/3448
f 2927/3620/3454 2591/3192/3054 2944/3194/3056 3552/3613/3447
f 2928/3621/3455 2927/3620/3454 3552/3613/3447 3549/3608/3442
f 2929/3616/3450 2928/3621/3455 3549/3608/3442 3546/3607/3441
f 3555/3622/3456 3558/3623/3457 3559/3624/3458 3556/3625/3459
f 3556/3625/3459 3559/3624/3458 3560/3626/3460 3557/3627/3461
f 3558/3623/3457 3561/3628/3462 3562/3629/3463 3559/3624/3458
f 3559/3624/3458 3562/3629/3463 3563/3630/3464 3560/3626/3460
f 2558/3302/3163 2771/3301/3162 3555/3622/3456 2762/3369/3229
f 2762/3369/3229 3555/3622/3456 3556/3625/3459 2761/3368/3228
f 2761/3368/3228 3556/3625/3459 3557/3627/3461 2760/3366/3226
f 2760/3366/3226 3557/3627/3461 2759/3631/3465 2557/3367/3227
f 3557/3627/3461 3560/3626/3460 2758/3632/3466 2759/3631/3465
f 3560/3626/3460 3563/3630/3464 2757/3633/3467 2758/3632/3466
f 3563/3630/3464 2945/3221/3083 2587/3223/3085 2757/3633/3467
f 3562/3629/3463 2946/3220/3082 2945/3221/3083 3563/3630/3464
f 3561/3628/3462 2947/3219/3081 2946/3220/3082 3562/3629/3463
f 2769/3304/3165 2589/3217/3079 2947/3219/3081 3561/3628/3462
f 2770/3303/3164 2769/3304/3165 3561/3628/3462 3558/3623/3457
f 2771/3301/3162 2770/3303/3164 3558/3623/3457 3555/3622/3456
f 3564/3634/3468 3567/3635/3469 3568/3636/3470 3565/3637/3471
f 3565/3637/3471 3568/3636/3470 3569/3638/3472 3566/3639/3473
f 3567/3635/3469 3570/3640/3474 3571/3641/3475 3568/3636/3470
f 3568/3636/3470 3571/3641/3475 3572/3642/3476 3569/3638/3472
f 2550/2998/2864 2811/3261/3123 3564/3634/3468 2914/2996/2862
f 2914/2996/2862 3564/3634/3468 3565/3637/3471 2913/2995/2861
f 2913/2995/2861 3565/3637/3471 3566/3639/3473 2912/2994/2860
f 2912/2994/2860 3566/3639/3473 2948/3293/3155 2586/2992/2858
f 3566/3639/3473 3569/3638/3472 2949/3306/3167 2948/3293/3155
f 3569/3638/3472 3572/3642/3476 2950/3305/3166 2949/3306/3167
f 3572/3642/3476 2921/3218/3080 2589/3217/3079 2950/3305/3166
f 3571/3641/3475 2922/3232/3094 2921/3218/3080 3572/3642/3476
f 3570/3640/3474 2923/3230/3092 2922/3232/3094 3571/3641/3475
f 2813/3263/3125 2561/3231/3093 2923/3230/3092 3570/3640/3474
f 2812/3262/3124 2813/3263/3125 3570/3640/3474 3567/3635/3469
f 2811/3261/3123 2812/3262/3124 3567/3635/3469 3564/3634/3468
f 3575/3643/3477 3574/3315/3176 3577/3318/3179 3578/3644/3478
f 3051/3645/3479 3575/3643/3477 3578/3644/3478 3052/3646/3480
f 2564/3158/3020 3054/3310/3171 3573/3316/3177 2780/3156/3018
f 2780/3156/3018 3573/3316/3177 3574/3315/3176 2779/3155/3017
f 2779/3155/3017 3574/3315/3176 3575/3643/3477 2778/3153/3015
f 2778/3153/3015 3575/3643/3477 3051/3645/3479 2598/3154/3016
f 3054/3310/3171 3053/3309/3170 3576/3317/3178 3573/3316/3177
f 3578/3644/3478 3021/3647/3481 2607/3648/3482 3052/3646/3480
f 3577/3318/3179 3022/3649/3483 3021/3647/3481 3578/3644/3478
f 3576/3317/3178 3023/3650/3484 3022/3649/3483 3577/3318/3179
f 3053/3309/3170 2608/3320/3181 3023/3650/3484 3576/3317/3178
f 3661/3651/3485 3660/3652/3486 3663/3653/3487 3664/3654/3488
f 3579/3655/3489 3582/3656/3490 3583/3657/3491 3580/3658/3492
f 3580/3658/3492 3583/3657/3491 3584/3659/3493 3581/3660/3494
f 3582/3656/3490 3585/3661/3495 3586/3662/3496 3583/3657/3491
f 3583/3657/3491 3586/3662/3496 3587/3663/3497 3584/3659/3493
f 2536/3664/2522 2511/3665/3498 3579/3655/3489 2645/3666/2520
f 2645/3666/2520 3579/3655/3489 3580/3658/3492 2644/3667/2519
f 2644/3667/2519 3580/3658/3492 3581/3660/3494 2643/3668/2517
f 2643/3668/2517 3581/3660/3494 2926/3589/3429 2568/3588/2518
f 3581/3660/3494 3584/3659/3493 2925/3594/3431 2926/3589/3429
f 3584/3659/3493 3587/3663/3497 2924/3593/3430 2925/3594/3431
f 3587/3663/3497 2953/3454/3308 2590/2908/2774 2924/3593/3430
f 3586/3662/3496 2954/3453/3307 2953/3454/3308 3587/3663/3497
f 3585/3661/3495 2955/3452/3306 2954/3453/3307 3586/3662/3496
f 2667/3669/3499 2582/3450/3304 2955/3452/3306 3585/3661/3495
f 2668/3670/3500 2667/3669/3499 3585/3661/3495 3582/3656/3490
f 2511/3665/3498 2668/3670/3500 3582/3656/3490 3579/3655/3489
f 3588/3671/3501 3591/3672/3502 3592/3673/3503 3589/3674/3504
f 3589/3674/3504 3592/3673/3503 3593/3675/3505 3590/3676/3506
f 3591/3672/3502 3594/3677/3507 3595/3678/3508 3592/3673/3503
f 3592/3673/3503 3595/3678/3508 3596/3679/3509 3593/3675/3505
f 2557/3367/3227 2759/3631/3465 3588/3671/3501 2851/3538/3392
f 2851/3538/3392 3588/3671/3501 3589/3674/3504 2850/3537/3391
f 2850/3537/3391 3589/3674/3504 3590/3676/3506 2849/3536/3390
f 2849/3536/3390 3590/3676/3506 2929/3616/3450 2578/3351/3212
f 3590/3676/3506 3593/3675/3505 2928/3621/3455 2929/3616/3450
f 3593/3675/3505 3596/3679/3509 2927/3620/3454 2928/3621/3455
f 3596/3679/3509 2956/3526/3380 2591/3192/3054 2927/3620/3454
f 3595/3678/3508 2957/3525/3379 2956/3526/3380 3596/3679/3509
f 3594/3677/3507 2958/3524/3378 2957/3525/3379 3595/3678/3508
f 2757/3633/3467 2587/3223/3085 2958/3524/3378 3594/3677/3507
f 2758/3632/3466 2757/3633/3467 3594/3677/3507 3591/3672/3502
f 2759/3631/3465 2758/3632/3466 3591/3672/3502 3588/3671/3501
f 3597/3680/3510 3600/3681/3511 3601/3682/3512 3598/3683/3513
f 3598/3683/3513 3601/3682/3512 3602/3684/3514 3599/3685/3515
f 3600/3681/3511 3603/3686/3516 3604/3687/3517 3601/3682/3512
f 3601/3682/3512 3604/3687/3517 3605/3688/3518 3602/3684/3514
f 2545/2847/2718 2967/3689/3519 3597/3680/3510 2683/2845/2716
f 2683/2845/2716 3597/3680/3510 3598/3683/3513 2682/2844/2715
f 2682/2844/2715 3598/3683/3513 3599/3685/3515 2681/2842/2713
f 2681/2842/2713 3599/3685/3515 2961/3690/3520 2543/2843/2714
f 3599/3685/3515 3602/3684/3514 2960/3691/3521 2961/3690/3520
f 3602/3684/3514 3605/3688/3518 2959/3692/3522 2960/3691/3521
f 3605/3688/3518 2986/2652/2541 2593/2654/2543 2959/3692/3522
f 3604/3687/3517 2987/2651/2540 2986/2652/2541 3605/3688/3518
f 3603/3686/3516 2988/2650/2539 2987/2651/2540 3604/3687/3517
f 2965/3693/3523 2595/2648/2537 2988/2650/2539 3603/3686/3516
f 2966/3694/3524 2965/3693/3523 3603/3686/3516 3600/3681/3511
f 2967/3689/3519 2966/3694/3524 3600/3681/3511 3597/3680/3510
f 3606/3695/3525 3609/3696/3526 3610/3697/3527 3607/3698/3528
f 3607/3698/3528 3610/3697/3527 3611/3699/3529 3608/3700/3530
f 3609/3696/3526 3612/3701/3531 3613/3702/3532 3610/3697/3527
f 3610/3697/3527 3613/3702/3532 3614/3703/3533 3611/3699/3529
f 2543/2872/2714 2961/3704/3520 3606/3695/3525 2686/2870/2739
f 2686/2870/2739 3606/3695/3525 3607/3698/3528 2685/2869/2738
f 2685/2869/2738 3607/3698/3528 3608/3700/3530 2684/2867/2736
f 2684/2867/2736 3608/3700/3530 2964/3705/3534 2544/2868/2737
f 3608/3700/3530 3611/3699/3529 2963/3706/3535 2964/3705/3534
f 3611/3699/3529 3614/3703/3533 2962/3707/3536 2963/3706/3535
f 3614/3703/3533 2989/2677/2564 2594/2679/2566 2962/3707/3536
f 3613/3702/3532 2990/2676/2563 2989/2677/2564 3614/3703/3533
f 3612/3701/3531 2991/2675/2562 2990/2676/2563 3613/3702/3532
f 2959/3708/3522 2593/2673/2543 2991/2675/2562 3612/3701/3531
f 2960/3709/3521 2959/3708/3522 3612/3701/3531 3609/3696/3526
f 2961/3704/3520 2960/3709/3521 3609/3696/3526 3606/3695/3525
f 3615/3710/3537 3618/3711/3538 3619/3712/3539 3616/3713/3540
f 3616/3713/3540 3619/3712/3539 3620/3714/3541 3617/3715/3542
f 3618/3711/3538 3621/3716/3543 3622/3717/3544 3619/3712/3539
f 3619/3712/3539 3622/3717/3544 3623/3718/3545 3620/3714/3541
f 2573/2917/2783 2982/3719/3546 3615/3710/3537 2837/2915/2781
f 2837/2915/2781 3615/3710/3537 3616/3713/3540 2838/2914/2780
f 2838/2914/2780 3616/3713/3540 3617/3715/3542 2839/2913/2779
f 2839/2913/2779 3617/3715/3542 2967/3689/3519 2545/2847/2718
f 3617/3715/3542 3620/3714/3541 2966/3694/3524 2967/3689/3519
f 3620/3714/3541 3623/3718/3545 2965/3693/3523 2966/3694/3524
f 3623/3718/3545 2992/2777/2652 2595/2648/2537 2965/3693/3523
f 3622/3717/3544 2993/2776/2651 2992/2777/2652 3623/3718/3545
f 3621/3716/3543 2994/2775/2650 2993/2776/2651 3622/3717/3544
f 2980/3720/3547 2600/2773/2648 2994/2775/2650 3621/3716/3543
f 2981/3721/3548 2980/3720/3547 3621/3716/3543 3618/3711/3538
f 2982/3719/3546 2981/3721/3548 3618/3711/3538 3615/3710/3537
f 3624/3722/3549 3627/3723/3550 3628/3724/3551 3625/3725/3552
f 3625/3725/3552 3628/3724/3551 3629/3726/3553 3626/3727/3554
f 3627/3723/3550 3630/3728/3555 3631/3729/3556 3628/3724/3551
f 3628/3724/3551 3631/3729/3556 3632/3730/3557 3629/3726/3553
f 2552/2928/2794 2744/3136/2998 3624/3722/3549 2970/3245/3107
f 2970/3245/3107 3624/3722/3549 3625/3725/3552 2969/3244/3106
f 2969/3244/3106 3625/3725/3552 3626/3727/3554 2968/3243/3105
f 2968/3243/3105 3626/3727/3554 2995/3058/2924 2596/3057/2923
f 3626/3727/3554 3629/3726/3553 2996/3067/2932 2995/3058/2924
f 3629/3726/3553 3632/3730/3557 2997/3066/2931 2996/3067/2932
f 3632/3730/3557 2962/3707/3536 2594/2679/2566 2997/3066/2931
f 3631/3729/3556 2963/3706/3535 2962/3707/3536 3632/3730/3557
f 3630/3728/3555 2964/3705/3534 2963/3706/3535 3631/3729/3556
f 2742/3138/3000 2544/2868/2737 2964/3705/3534 3630/3728/3555
f 2743/3137/2999 2742/3138/3000 3630/3728/3555 3627/3723/3550
f 2744/3136/2998 2743/3137/2999 3627/3723/3550 3624/3722/3549
f 3633/3731/3558 3636/3732/3559 3637/3733/3560 3634/3734/3561
f 3634/3734/3561 3637/3733/3560 3638/3735/3562 3635/3736/3563
f 3636/3732/3559 3639/3737/3564 3640/3738/3565 3637/3733/3560
f 3637/3733/3560 3640/3738/3565 3641/3739/3566 3638/3735/3562
f 2581/2897/2763 2985/3740/3567 3633/3731/3558 2858/2895/2761
f 2858/2895/2761 3633/3731/3558 3634/3734/3561 2859/2894/2760
f 2859/2894/2760 3634/3734/3561 3635/3736/3563 2860/2892/2758
f 2860/2892/2758 3635/3736/3563 2976/3741/3568 2563/2893/2759
f 3635/3736/3563 3638/3735/3562 2975/3742/3569 2976/3741/3568
f 3638/3735/3562 3641/3739/3566 2974/3743/3570 2975/3742/3569
f 3641/3739/3566 2998/3152/3014 2598/3154/3016 2974/3743/3570
f 3640/3738/3565 2999/3151/3013 2998/3152/3014 3641/3739/3566
f 3639/3737/3564 3000/3150/3012 2999/3151/3013 3640/3738/3565
f 2983/3744/3571 2601/3148/3010 3000/3150/3012 3639/3737/3564
f 2984/3745/3572 2983/3744/3571 3639/3737/3564 3636/3732/3559
f 2985/3740/3567 2984/3745/3572 3636/3732/3559 3633/3731/3558
f 3642/3746/3573 3645/3747/3574 3646/3748/3575 3643/3749/3576
f 3643/3749/3576 3646/3748/3575 3647/3750/3577 3644/3751/3578
f 3645/3747/3574 3648/3752/3579 3649/3753/3580 3646/3748/3575
f 3646/3748/3575 3649/3753/3580 3650/3754/3581 3647/3750/3577
f 2565/2942/2808 2979/3246/3108 3642/3746/3573 2795/2940/2806
f 2795/2940/2806 3642/3746/3573 3643/3749/3576 2794/2939/2805
f 2794/2939/2805 3643/3749/3576 3644/3751/3578 2793/2937/2803
f 2793/2937/2803 3644/3751/3578 2973/3755/3582 2556/2938/2804
f 3644/3751/3578 3647/3750/3577 2972/3756/3583 2973/3755/3582
f 3647/3750/3577 3650/3754/3581 2971/3757/3584 2972/3756/3583
f 3650/3754/3581 3001/3176/3038 2597/3178/3040 2971/3757/3584
f 3649/3753/3580 3002/3175/3037 3001/3176/3038 3650/3754/3581
f 3648/3752/3579 3003/3174/3036 3002/3175/3037 3649/3753/3580
f 2977/3248/3110 2599/3172/3034 3003/3174/3036 3648/3752/3579
f 2978/3247/3109 2977/3248/3110 3648/3752/3579 3645/3747/3574
f 2979/3246/3108 2978/3247/3109 3645/3747/3574 3642/3746/3573
f 3651/3758/3585 3654/3759/3586 3655/3760/3587 3652/3761/3588
f 3652/3761/3588 3655/3760/3587 3656/3762/3589 3653/3763/3590
f 3654/3759/3586 3657/3764/3591 3658/3765/3592 3655/3760/3587
f 3655/3760/3587 3658/3765/3592 3659/3766/3593 3656/3762/3589
f 2553/3063/2629 2805/3767/2628 3651/3758/3585 2727/3061/2927
f 2727/3061/2927 3651/3758/3585 3652/3761/3588 2726/3060/2926
f 2726/3060/2926 3652/3761/3588 3653/3763/3590 2725/3059/2925
f 2725/3059/2925 3653/3763/3590 3004/3242/3104 2596/3057/2923
f 3653/3763/3590 3656/3762/3589 3005/3250/3112 3004/3242/3104
f 3656/3762/3589 3659/3766/3593 3006/3249/3111 3005/3250/3112
f 3659/3766/3593 2781/3173/3035 2599/3172/3034 3006/3249/3111
f 3658/3765/3592 2782/3182/3044 2781/3173/3035 3659/3766/3593
f 3657/3764/3591 2783/3181/3043 2782/3182/3044 3658/3765/3592
f 2807/3768/2631 2566/2758/2633 2783/3181/3043 3657/3764/3591
f 2806/3769/2630 2807/3768/2631 3657/3764/3591 3654/3759/3586
f 2805/3767/2628 2806/3769/2630 3654/3759/3586 3651/3758/3585
f 3662/3770/3594 3661/3651/3485 3664/3654/3488 3665/3771/3595
f 3007/3772/3596 3662/3770/3594 3665/3771/3595 3008/3773/3597
f 2588/3198/3060 2952/3774/3598 3660/3652/3486 2766/3619/3453
f 2766/3619/3453 3660/3652/3486 3661/3651/3485 2767/3618/3452
f 2767/3618/3452 3661/3651/3485 3662/3770/3594 2768/3617/3451
f 2768/3617/3451 3662/3770/3594 3007/3772/3596 2559/3347/3208
f 2952/3774/3598 2951/3775/3599 3663/3653/3487 3660/3652/3486
f 3665/3771/3595 3020/3776/3600 2606/3777/3601 3008/3773/3597
f 3664/3654/3488 3019/3778/3602 3020/3776/3600 3665/3771/3595
f 3663/3653/3487 3018/3779/3603 3019/3778/3602 3664/3654/3488
f 2951/3775/3599 2605/3780/3604 3018/3779/3603 3663/3653/3487
f 3721/3781/3605 3720/3782/3606 3723/3783/3607 3724/3784/3608
f 3666/3785/3609 3669/3786/3610 3670/3787/3611 3667/3788/3612
f 3667/3788/3612 3670/3787/3611 3671/3789/3613 3668/3790/3614
f 3669/3786/3610 3672/3791/3615 3673/3792/3616 3670/3787/3611
f 3670/3787/3611 3673/3792/3616 3674/3793/3617 3671/3789/3613
f 2501/3459/3313 2519/3794/3618 3666/3785/3609 2692/3457/3311
f 2692/3457/3311 3666/3785/3609 3667/3788/3612 2691/3456/3310
f 2691/3456/3310 3667/3788/3612 3668/3790/3614 2690/3455/3309
f 2690/3455/3309 3668/3790/3614 2982/3719/3546 2573/2917/2783
f 3668/3790/3614 3671/3789/3613 2981/3721/3548 2982/3719/3546
f 3671/3789/3613 3674/3793/3617 2980/3720/3547 2981/3721/3548
f 3674/3793/3617 3009/3397/3255 2600/2773/2648 2980/3720/3547
f 3673/3792/3616 3010/3396/3254 3009/3397/3255 3674/3793/3617
f 3672/3791/3615 3011/3395/3253 3010/3396/3254 3673/3792/3616
f 2517/3795/3619 2592/3393/3251 3011/3395/3253 3672/3791/3615
f 2518/3796/3620 2517/3795/3619 3672/3791/3615 3669/3786/3610
f 2519/3794/3618 2518/3796/3620 3669/3786/3610 3666/3785/3609
f 3675/3797/3621 3678/3798/3622 3679/3799/3623 3676/3800/3624
f 3676/3800/3624 3679/3799/3623 3680/3801/3625 3677/3802/3626
f 3678/3798/3622 3681/3803/3627 3682/3804/3628 3679/3799/3623
f 3679/3799/3623 3682/3804/3628 3683/3805/3629 3680/3801/3625
f 2556/2938/2804 2973/3755/3582 3675/3797/3621 2792/3440/3294
f 2792/3440/3294 3675/3797/3621 3676/3800/3624 2791/3439/3293
f 2791/3439/3293 3676/3800/3624 3677/3802/3626 2790/3438/3292
f 2790/3438/3292 3677/3802/3626 2985/3740/3567 2581/2897/2763
f 3677/3802/3626 3680/3801/3625 2984/3745/3572 2985/3740/3567
f 3680/3801/3625 3683/3805/3629 2983/3744/3571 2984/3745/3572
f 3683/3805/3629 3012/3514/3368 2601/3148/3010 2983/3744/3571
f 3682/3804/3628 3013/3513/3367 3012/3514/3368 3683/3805/3629
f 3681/3803/3627 3014/3512/3366 3013/3513/3367 3682/3804/3628
f 2971/3757/3584 2597/3178/3040 3014/3512/3366 3681/3803/3627
f 2972/3756/3583 2971/3757/3584 3681/3803/3627 3678/3798/3622
f 2973/3755/3582 2972/3756/3583 3678/3798/3622 3675/3797/3621
f 3684/3806/3630 3687/3807/3631 3688/3808/3632 3685/3809/3633
f 3685/3809/3633 3688/3808/3632 3689/3810/3634 3686/3811/3635
f 3687/3807/3631 3690/3812/3636 3691/3813/3637 3688/3808/3632
f 3688/3808/3632 3691/3813/3637 3692/3814/3638 3689/3810/3634
f 2603/3815/3639 3048/3816/3640 3684/3806/3630 3017/3817/3641
f 3017/3817/3641 3684/3806/3630 3685/3809/3633 2521/3818/3642
f 2521/3818/3642 3685/3809/3633 3686/3811/3635 2522/3819/3643
f 2522/3819/3643 3686/3811/3635 3029/3322/3183 2604/3324/3185
f 3686/3811/3635 3689/3810/3634 3028/3321/3182 3029/3322/3183
f 3689/3810/3634 3692/3814/3638 3027/3319/3180 3028/3321/3182
f 3692/3814/3638 3023/3650/3484 2608/3320/3181 3027/3319/3180
f 3691/3813/3637 3022/3649/3483 3023/3650/3484 3692/3814/3638
f 3690/3812/3636 3021/3647/3481 3022/3649/3483 3691/3813/3637
f 3050/3820/3644 2607/3648/3482 3021/3647/3481 3690/3812/3636
f 3049/3821/3645 3050/3820/3644 3690/3812/3636 3687/3807/3631
f 3048/3816/3640 3049/3821/3645 3687/3807/3631 3684/3806/3630
f 3693/3822/3646 3696/3823/3647 3697/3824/3648 3694/3825/3649
f 3694/3825/3649 3697/3824/3648 3698/3826/3650 3695/3827/3651
f 3696/3823/3647 3699/3828/3652 3700/3829/3653 3697/3824/3648
f 3697/3824/3648 3700/3829/3653 3701/3830/3654 3698/3826/3650
f 2503/3831/3655 3040/3832/3656 3693/3822/3646 2523/3833/3657
f 2523/3833/3657 3693/3822/3646 3694/3825/3649 3036/3834/3658
f 3036/3834/3658 3694/3825/3649 3695/3827/3651 2524/3835/3659
f 2524/3835/3659 3695/3827/3651 3032/3836/3660 2504/3837/3661
f 3695/3827/3651 3698/3826/3650 3031/3838/3662 3032/3836/3660
f 3698/3826/3650 3701/3830/3654 3030/3839/3663 3031/3838/3662
f 3701/3830/3654 3039/3840/3664 2611/3841/3665 3030/3839/3663
f 3700/3829/3653 3038/3842/3666 3039/3840/3664 3701/3830/3654
f 3699/3828/3652 3037/3843/3667 3038/3842/3666 3700/3829/3653
f 3042/3844/3668 2605/3780/3604 3037/3843/3667 3699/3828/3652
f 3041/3845/3669 3042/3844/3668 3699/3828/3652 3696/3823/3647
f 3040/3832/3656 3041/3845/3669 3696/3823/3647 3693/3822/3646
f 3702/3846/3670 3705/3847/3671 3706/3848/3672 3703/3849/3673
f 3703/3849/3673 3706/3848/3672 3707/3850/3674 3704/3851/3675
f 3705/3847/3671 3708/3852/3676 3709/3853/3677 3706/3848/3672
f 3706/3848/3672 3709/3853/3677 3710/3854/3678 3707/3850/3674
f 2602/3855/3679 3035/3856/3680 3702/3846/3670 3016/3857/3681
f 3016/3857/3681 3702/3846/3670 3703/3849/3673 2520/3858/3682
f 2520/3858/3682 3703/3849/3673 3704/3851/3675 3015/3859/3683
f 3015/3859/3683 3704/3851/3675 3040/3832/3656 2503/3831/3655
f 3704/3851/3675 3707/3850/3674 3041/3845/3669 3040/3832/3656
f 3707/3850/3674 3710/3854/3678 3042/3844/3668 3041/3845/3669
f 3710/3854/3678 3018/3779/3603 2605/3780/3604 3042/3844/3668
f 3709/3853/3677 3019/3778/3602 3018/3779/3603 3710/3854/3678
f 3708/3852/3676 3020/3776/3600 3019/3778/3602 3709/3853/3677
f 3033/3860/3684 2606/3777/3601 3020/3776/3600 3708/3852/3676
f 3034/3861/3685 3033/3860/3684 3708/3852/3676 3705/3847/3671
f 3035/3856/3680 3034/3861/3685 3705/3847/3671 3702/3846/3670
f 3711/3862/3686 3714/3863/3687 3715/3864/3688 3712/3865/3689
f 3712/3865/3689 3715/3864/3688 3716/3866/3690 3713/3867/3691
f 3714/3863/3687 3717/3868/3692 3718/3869/3693 3715/3864/3688
f 3715/3864/3688 3718/3869/3693 3719/3870/3694 3716/3866/3690
f 2609/3871/3695 3024/3872/3696 3711/3862/3686 2525/3873/3697
f 2525/3873/3697 3711/3862/3686 3712/3865/3689 3044/3874/3698
f 3044/3874/3698 3712/3865/3689 3713/3867/3691 3043/3875/3699
f 3043/3875/3699 3713/3867/3691 3048/3816/3640 2603/3815/3639
f 3713/3867/3691 3716/3866/3690 3049/3821/3645 3048/3816/3640
f 3716/3866/3690 3719/3870/3694 3050/3820/3644 3049/3821/3645
f 3719/3870/3694 3045/3876/3700 2607/3648/3482 3050/3820/3644
f 3718/3869/3693 3046/3877/3701 3045/3876/3700 3719/3870/3694
f 3717/3868/3692 3047/3878/3702 3046/3877/3701 3718/3869/3693
f 3026/3879/3703 2610/3880/3704 3047/3878/3702 3717/3868/3692
f 3025/3881/3705 3026/3879/3703 3717/3868/3692 3714/3863/3687
f 3024/3872/3696 3025/3881/3705 3714/3863/3687 3711/3862/3686
f 3722/3327/3188 3721/3781/3605 3724/3784/3608 3725/3328/3189
f 3007/3772/3596 3008/3773/3597 3723/3783/3607 3720/3782/3606
f 2559/3347/3208 3007/3772/3596 3720/3782/3606 2819/3345/3206
f 2819/3345/3206 3720/3782/3606 3721/3781/3605 2820/3344/3205
f 2820/3344/3205 3721/3781/3605 3722/3327/3188 2821/3342/3203
f 2821/3342/3203 3722/3327/3188 3055/3326/3187 2549/3343/3204
f 3725/3328/3189 3035/3856/3680 2602/3855/3679 2528/3325/3186
f 3724/3784/3608 3034/3861/3685 3035/3856/3680 3725/3328/3189
f 3723/3783/3607 3033/3860/3684 3034/3861/3685 3724/3784/3608
f 3008/3773/3597 2606/3777/3601 3033/3860/3684 3723/3783/3607
f 3727/3882/3706 3726/3883/3707 3729/3884/3708 3730/3885/3709
f 3728/3886/3710 3727/3882/3706 3730/3885/3709 3731/3887/3711
f 3056/3888/3712 3728/3886/3710 3731/3887/3711 3057/3889/3713
f 2598/3154/3016 3051/3645/3479 3726/3883/3707 2974/3743/3570
f 2974/3743/3570 3726/3883/3707 3727/3882/3706 2975/3742/3569
f 2975/3742/3569 3727/3882/3706 3728/3886/3710 2976/3741/3568
f 2976/3741/3568 3728/3886/3710 3056/3888/3712 2563/2893/2759
f 3051/3645/3479 3052/3646/3480 3729/3884/3708 3726/3883/3707
f 3731/3887/3711 3047/3878/3702 2610/3880/3704 3057/3889/3713
f 3730/3885/3709 3046/3877/3701 3047/3878/3702 3731/3887/3711
f 3729/3884/3708 3045/3876/3700 3046/3877/3701 3730/3885/3709
f 3052/3646/3480 2607/3648/3482 3045/3876/3700 3729/3884/3708
f 3733/3890/3714 3732/3891/3715 3735/3892/3716 3736/3893/3717
f 3734/3894/3718 3733/3890/3714 3736/3893/3717 3737/3895/3719
f 2951/3775/3599 2952/3774/3598 3734/3894/3718 3737/3895/3719
f 2560/3202/3064 3058/3896/3720 3732/3891/3715 2920/3200/3062
f 2920/3200/3062 3732/3891/3715 3733/3890/3714 2919/3199/3061
f 2919/3199/3061 3733/3890/3714 3734/3894/3718 2918/3197/3059
f 2918/3197/3059 3734/3894/3718 2952/3774/3598 2588/3198/3060
f 3058/3896/3720 3059/3897/3721 3735/3892/3716 3732/3891/3715
f 3737/3895/3719 3037/3843/3667 2605/3780/3604 2951/3775/3599
f 3736/3893/3717 3038/3842/3666 3037/3843/3667 3737/3895/3719
f 3735/3892/3716 3039/3840/3664 3038/3842/3666 3736/3893/3717
f 3059/3897/3721 2611/3841/3665 3039/3840/3664 3735/3892/3716
f 3739/3898/3722 3738/3899/3723 3741/3900/3724 3742/3901/3725
f 3740/3902/3726 3739/3898/3722 3742/3901/3725 3743/3903/3727
f 3071/3904/3728 3740/3902/3726 3743/3903/3727 3072/3905/3729
f 2563/2893/2759 3056/3888/3712 3738/3899/3723 2798/2891/2757
f 2798/2891/2757 3738/3899/3723 3739/3898/3722 2797/2890/2756
f 2797/2890/2756 3739/3898/3722 3740/3902/3726 2796/2888/2754
f 2796/2888/2754 3740/3902/3726 3071/3904/3728 2613/2889/2755
f 3056/3888/3712 3057/3889/3713 3741/3900/3724 3738/3899/3723
f 3743/3903/3727 3024/3872/3696 2609/3871/3695 3072/3905/3729
f 3742/3901/3725 3025/3881/3705 3024/3872/3696 3743/3903/3727
f 3741/3900/3724 3026/3879/3703 3025/3881/3705 3742/3901/3725
f 3057/3889/3713 2610/3880/3704 3026/3879/3703 3741/3900/3724
f 3744/3906/3730 3746/3907/3731 3747/3908/3732 3745/3909/3733
f 3746/3907/3731 3748/3910/3734 3749/3911/3735 3747/3908/3732
f 3063/3912/3736 3744/3906/3730 3745/3909/3733 3064/3913/3737
f 2504/3837/3661 3032/3836/3660 3744/3906/3730 3063/3912/3736
f 3748/3910/3734 3059/3897/3721 3058/3896/3720 3749/3911/3735
f 3064/3913/3737 3745/3909/3733 3062/3914/3738 2612/3022/2888
f 3745/3909/3733 3747/3908/3732 3061/3915/3739 3062/3914/3738
f 3747/3908/3732 3749/3911/3735 3060/3916/3740 3061/3915/3739
f 3749/3911/3735 3058/3896/3720 2560/3202/3064 3060/3916/3740
f 3760/3917/3741 3759/3918/3742 3762/3919/3743 3763/3920/3744
f 3030/3839/3663 2611/3841/3665 3059/3897/3721 3748/3910/3734
f 3031/3838/3662 3030/3839/3663 3748/3910/3734 3746/3907/3731
f 3032/3836/3660 3031/3838/3662 3746/3907/3731 3744/3906/3730
f 3750/3921/3745 3753/3922/3746 3754/3923/3747 3751/3924/3748
f 3751/3924/3748 3754/3923/3747 3755/3925/3749 3752/3926/3750
f 3753/3922/3746 3756/3927/3751 3757/3928/3752 3754/3923/3747
f 3754/3923/3747 3757/3928/3752 3758/3929/3753 3755/3925/3749
f 2612/3022/2888 3062/3914/3738 3750/3921/3745 3065/3020/2886
f 3065/3020/2886 3750/3921/3745 3751/3924/3748 3066/3019/2885
f 3066/3019/2885 3751/3924/3748 3752/3926/3750 3067/3017/2883
f 3067/3017/2883 3752/3926/3750 2897/3275/3137 2575/3018/2884
f 3752/3926/3750 3755/3925/3749 2898/3283/3145 2897/3275/3137
f 3755/3925/3749 3758/3929/3753 2899/3282/3144 2898/3283/3145
f 3758/3929/3753 2852/3204/3066 2579/3206/3068 2899/3282/3144
f 3757/3928/3752 2853/3203/3065 2852/3204/3066 3758/3929/3753
f 3756/3927/3751 2854/3201/3063 2853/3203/3065 3757/3928/3752
f 3060/3916/3740 2560/3202/3064 2854/3201/3063 3756/3927/3751
f 3061/3915/3739 3060/3916/3740 3756/3927/3751 3753/3922/3746
f 3062/3914/3738 3061/3915/3739 3753/3922/3746 3750/3921/3745
f 3761/3930/3754 3760/3917/3741 3763/3920/3744 3764/3931/3755
f 2814/3932/3756 2815/3933/3757 3761/3930/3754 3764/3931/3755
f 2613/2889/2755 3071/3904/3728 3759/3918/3742 2846/3502/3356
f 2846/3502/3356 3759/3918/3742 3760/3917/3741 2847/3501/3355
f 2847/3501/3355 3760/3917/3741 3761/3930/3754 2848/3500/3354
f 2848/3500/3354 3761/3930/3754 2815/3933/3757 2614/3026/2892
f 3071/3904/3728 3072/3905/3729 3762/3919/3743 3759/3918/3742
f 3764/3931/3755 3080/3934/3758 2615/3935/3759 2814/3932/3756
f 3763/3920/3744 2532/3936/3760 3080/3934/3758 3764/3931/3755
f 3762/3919/3743 2531/3937/3761 2532/3936/3760 3763/3920/3744
f 3072/3905/3729 2609/3871/3695 2531/3937/3761 3762/3919/3743
f 3766/3938/3762 3765/3939/3763 3768/3940/3764 3769/3941/3765
f 3767/3942/3766 3766/3938/3762 3769/3941/3765 3770/3943/3767
f 3063/3912/3736 3064/3913/3737 3767/3942/3766 3770/3943/3767
f 2614/3026/2892 2815/3933/3757 3765/3939/3763 3078/3024/2890
f 3078/3024/2890 3765/3939/3763 3766/3938/3762 3077/3023/2889
f 3077/3023/2889 3766/3938/3762 3767/3942/3766 3076/3021/2887
f 3076/3021/2887 3767/3942/3766 3064/3913/3737 2612/3022/2888
f 2815/3933/3757 2814/3932/3756 3768/3940/3764 3765/3939/3763
f 3770/3943/3767 3079/3944/3768 2504/3837/3661 3063/3912/3736
f 3769/3941/3765 2529/3945/3769 3079/3944/3768 3770/3943/3767
f 3768/3940/3764 2530/3946/3770 2529/3945/3769 3769/3941/3765
f 2814/3932/3756 2615/3935/3759 2530/3946/3770 3768/3940/3764
f 2527/3311/3172 2526/3323/3184 3372/2612/2501 3369/2611/2500
